"recipe_no","recipe","ingredient_line","linked_to","staple","optional","looks_right","comment"
"1","Banana Berry Overnight Chia Oats","½ cup rolled oats","Oats","","","",""
"1","Banana Berry Overnight Chia Oats","1 tbsp chia seeds","Chia / flax seeds","","","",""
"1","Banana Berry Overnight Chia Oats","¾ cup milk (dairy or plant-based)","Milk","","","",""
"1","Banana Berry Overnight Chia Oats","1 tbsp honey or maple syrup","Honey OR Maple syrup","staple staple","","",""
"1","Banana Berry Overnight Chia Oats","½ sliced banana","Bananas","","","",""
"1","Banana Berry Overnight Chia Oats","⅓ cup frozen or fresh berries","Mixed berries","","","",""
"2","Spinach, Egg and Avocado Breakfast Wrap","2 large eggs","Eggs","","","",""
"2","Spinach, Egg and Avocado Breakfast Wrap","1 cup fresh baby spinach","Spinach","","","",""
"2","Spinach, Egg and Avocado Breakfast Wrap","½ ripe avocado (mashed or sliced)","Avocados","","","",""
"2","Spinach, Egg and Avocado Breakfast Wrap","1 large whole wheat tortilla","Flour tortillas / wraps","","","",""
"2","Spinach, Egg and Avocado Breakfast Wrap","2 tbsp salsa","Salsa","","","",""
"2","Spinach, Egg and Avocado Breakfast Wrap","Salt and black pepper to taste","Salt + Black pepper","staple staple","","",""
"3","High-Protein Greek Yogurt and Berry Parfait","¾ cup plain unsweetened Greek yogurt","Greek yogurt","","","",""
"3","High-Protein Greek Yogurt and Berry Parfait","½ cup mixed berries (strawberries, blueberries, raspberries)","Mixed berries","","","",""
"3","High-Protein Greek Yogurt and Berry Parfait","2 tbsp chopped almonds or walnuts","Almonds OR Walnuts","","","",""
"3","High-Protein Greek Yogurt and Berry Parfait","1 tsp honey","Honey","staple","","",""
"3","High-Protein Greek Yogurt and Berry Parfait","Pinch of ground cinnamon","Cinnamon","staple","","",""
"4","Veggie Scramble with Feta and Herbs","4 large eggs","Eggs","","","",""
"4","Veggie Scramble with Feta and Herbs","1 medium bell pepper (any color), diced","Bell pepper","","","",""
"4","Veggie Scramble with Feta and Herbs","1 medium tomato, diced","Tomatoes","","","",""
"4","Veggie Scramble with Feta and Herbs","⅓ cup crumbled feta cheese","Feta","","","",""
"4","Veggie Scramble with Feta and Herbs","2 tbsp fresh herbs (parsley, dill, or chives), chopped","Parsley OR Dill OR Green onions","","","",""
"4","Veggie Scramble with Feta and Herbs","1 tbsp olive oil","Olive oil","staple","","",""
"4","Veggie Scramble with Feta and Herbs","Salt and black pepper to taste","Salt + Black pepper","staple staple","","",""
"5","Mushroom and Spinach Egg Muffin Cups","5 large eggs","Eggs","","","",""
"5","Mushroom and Spinach Egg Muffin Cups","1 cup cremini or white mushrooms, finely diced","Mushrooms","","","",""
"5","Mushroom and Spinach Egg Muffin Cups","1 cup fresh baby spinach, roughly chopped","Spinach","","","",""
"5","Mushroom and Spinach Egg Muffin Cups","⅓ cup shredded cheddar cheese","Cheddar","","","",""
"5","Mushroom and Spinach Egg Muffin Cups","2 tbsp milk","Milk","","","",""
"5","Mushroom and Spinach Egg Muffin Cups","1 tsp olive oil","Olive oil","staple","","",""
"5","Mushroom and Spinach Egg Muffin Cups","¼ tsp garlic powder","Garlic powder","staple","","",""
"5","Mushroom and Spinach Egg Muffin Cups","Salt and black pepper to taste","Salt + Black pepper","staple staple","","",""
"6","Avocado and Egg Toast with Everything Seasoning","2 slices whole grain bread","Bread","","","",""
"6","Avocado and Egg Toast with Everything Seasoning","1 ripe avocado","Avocados","","","",""
"6","Avocado and Egg Toast with Everything Seasoning","2 large eggs","Eggs","","","",""
"6","Avocado and Egg Toast with Everything Seasoning","1 tsp everything bagel seasoning","Everything bagel seasoning","","","",""
"6","Avocado and Egg Toast with Everything Seasoning","1 tsp lemon juice","Lemons","","","",""
"6","Avocado and Egg Toast with Everything Seasoning","1 tsp olive oil","Olive oil","staple","","",""
"6","Avocado and Egg Toast with Everything Seasoning","Pinch of red pepper flakes (optional)","Red pepper flakes","staple","optional","",""
"7","Peanut Butter Banana Oatmeal","1 cup rolled oats","Oats","","","",""
"7","Peanut Butter Banana Oatmeal","2 cups milk (dairy or unsweetened plant-based)","Milk","","","",""
"7","Peanut Butter Banana Oatmeal","1 large ripe banana, sliced","Bananas","","","",""
"7","Peanut Butter Banana Oatmeal","2 tbsp natural peanut butter","Peanut butter","","","",""
"7","Peanut Butter Banana Oatmeal","1 tbsp honey or maple syrup","Honey OR Maple syrup","staple staple","","",""
"7","Peanut Butter Banana Oatmeal","¼ tsp cinnamon","Cinnamon","staple","","",""
"7","Peanut Butter Banana Oatmeal","Pinch of salt","Salt","staple","","",""
"8","Savory Oatmeal with Soft Egg and Scallions","1 cup rolled oats","Oats","","","",""
"8","Savory Oatmeal with Soft Egg and Scallions","2 cups low-sodium vegetable broth","Vegetable broth","","","",""
"8","Savory Oatmeal with Soft Egg and Scallions","2 large eggs","Eggs","","","",""
"8","Savory Oatmeal with Soft Egg and Scallions","2 scallions, thinly sliced","Green onions","","","",""
"8","Savory Oatmeal with Soft Egg and Scallions","1 tbsp soy sauce (or tamari for gluten-free)","Soy sauce","staple","","",""
"8","Savory Oatmeal with Soft Egg and Scallions","1 tsp sesame oil","Sesame oil","staple","","",""
"8","Savory Oatmeal with Soft Egg and Scallions","½ tsp grated fresh ginger","Fresh ginger","staple","","",""
"8","Savory Oatmeal with Soft Egg and Scallions","Pinch of white or black pepper","Black pepper","staple","","",""
"8","Savory Oatmeal with Soft Egg and Scallions","Sesame seeds for garnish (optional)","Sesame seeds","","optional","",""
"9","Whole Wheat Banana Pancakes","¾ cup whole wheat flour","Whole wheat flour","","","",""
"9","Whole Wheat Banana Pancakes","1 large ripe banana, mashed","Bananas","","","",""
"9","Whole Wheat Banana Pancakes","1 large egg","Eggs","","","",""
"9","Whole Wheat Banana Pancakes","½ cup milk (dairy or unsweetened plant-based)","Milk","","","",""
"9","Whole Wheat Banana Pancakes","1 tbsp maple syrup","Maple syrup","staple","","",""
"9","Whole Wheat Banana Pancakes","1 tsp baking powder","Baking powder","staple","","",""
"9","Whole Wheat Banana Pancakes","½ tsp cinnamon","Cinnamon","staple","","",""
"9","Whole Wheat Banana Pancakes","¼ tsp vanilla extract","Vanilla extract","staple","","",""
"9","Whole Wheat Banana Pancakes","Pinch of salt","Salt","staple","","",""
"9","Whole Wheat Banana Pancakes","1 tsp coconut oil for the pan","Coconut oil","staple","","",""
"9","Whole Wheat Banana Pancakes","Fresh berries for topping (optional)","Mixed berries","","optional","",""
"10","Tropical Green Power Smoothie","2 cups packed fresh baby spinach","Spinach","","","",""
"10","Tropical Green Power Smoothie","1 cup frozen mango chunks","Mango","","","",""
"10","Tropical Green Power Smoothie","1 medium banana (fresh or frozen)","Bananas","","","",""
"10","Tropical Green Power Smoothie","½ cup plain Greek yogurt","Greek yogurt","","","",""
"10","Tropical Green Power Smoothie","1 cup milk (dairy or unsweetened plant-based)","Milk","","","",""
"10","Tropical Green Power Smoothie","1 tbsp ground flaxseed or chia seeds (optional)","Chia / flax seeds","","optional","",""
"10","Tropical Green Power Smoothie","½ cup water or ice, as needed","Water","staple","","",""
"11","Peanut Butter and Chocolate Protein Smoothie","2 medium bananas (fresh or frozen)","Bananas","","","",""
"11","Peanut Butter and Chocolate Protein Smoothie","2 tbsp natural peanut butter","Peanut butter","","","",""
"11","Peanut Butter and Chocolate Protein Smoothie","1 tbsp unsweetened cocoa powder","Cocoa powder","","","",""
"11","Peanut Butter and Chocolate Protein Smoothie","½ cup plain Greek yogurt","Greek yogurt","","","",""
"11","Peanut Butter and Chocolate Protein Smoothie","1¼ cups milk (dairy or unsweetened plant-based)","Milk","","","",""
"11","Peanut Butter and Chocolate Protein Smoothie","1 tsp honey or maple syrup (optional)","Honey OR Maple syrup","staple staple","optional","",""
"11","Peanut Butter and Chocolate Protein Smoothie","3 to 4 ice cubes (if using fresh bananas)","Water","staple","","",""
"12","Ricotta and Berry Honey Toast","2 slices whole grain bread","Bread","","","",""
"12","Ricotta and Berry Honey Toast","½ cup whole-milk or part-skim ricotta cheese","Ricotta","","","",""
"12","Ricotta and Berry Honey Toast","½ cup mixed fresh berries","Mixed berries","","","",""
"12","Ricotta and Berry Honey Toast","1 tbsp honey","Honey","staple","","",""
"12","Ricotta and Berry Honey Toast","½ tsp lemon zest","Lemons","","","",""
"12","Ricotta and Berry Honey Toast","Pinch of flaky sea salt (optional)","Salt","staple","optional","",""
"12","Ricotta and Berry Honey Toast","2 tsp chopped walnuts or sliced almonds (optional)","Walnuts OR Almonds","","optional","",""
"13","Cottage Cheese and Tomato Toast","2 slices whole grain bread","Bread","","","",""
"13","Cottage Cheese and Tomato Toast","¾ cup cottage cheese","Cottage cheese","","","",""
"13","Cottage Cheese and Tomato Toast","1 medium ripe tomato, sliced","Tomatoes","","","",""
"13","Cottage Cheese and Tomato Toast","1 tsp extra-virgin olive oil","Olive oil","staple","","",""
"13","Cottage Cheese and Tomato Toast","Freshly cracked black pepper to taste","Black pepper","staple","","",""
"13","Cottage Cheese and Tomato Toast","Pinch of flaky sea salt","Salt","staple","","",""
"13","Cottage Cheese and Tomato Toast","Fresh basil leaves (optional)","Basil","","optional","",""
"14","Apple Cinnamon Overnight Oats","1 cup rolled oats","Oats","","","",""
"14","Apple Cinnamon Overnight Oats","1 cup milk (dairy or unsweetened plant-based)","Milk","","","",""
"14","Apple Cinnamon Overnight Oats","½ cup plain Greek yogurt","Greek yogurt","","","",""
"14","Apple Cinnamon Overnight Oats","1 medium apple, cored and diced","Apples","","","",""
"14","Apple Cinnamon Overnight Oats","1 tbsp maple syrup","Maple syrup","staple","","",""
"14","Apple Cinnamon Overnight Oats","½ tsp cinnamon","Cinnamon","staple","","",""
"14","Apple Cinnamon Overnight Oats","2 tbsp chopped walnuts","Walnuts","","","",""
"14","Apple Cinnamon Overnight Oats","Pinch of salt","Salt","staple","","",""
"15","Mediterranean Breakfast Bowl","1 cup pre-cooked quinoa","Quinoa","","","",""
"15","Mediterranean Breakfast Bowl","2 large eggs","Eggs","","","",""
"15","Mediterranean Breakfast Bowl","½ medium cucumber, diced","Cucumber","","","",""
"15","Mediterranean Breakfast Bowl","1 cup cherry tomatoes, halved","Cherry tomatoes","","","",""
"15","Mediterranean Breakfast Bowl","¼ cup crumbled feta cheese","Feta","","","",""
"15","Mediterranean Breakfast Bowl","8 to 10 Kalamata olives, halved","Olives","","","",""
"15","Mediterranean Breakfast Bowl","1 tbsp extra-virgin olive oil","Olive oil","staple","","",""
"15","Mediterranean Breakfast Bowl","1 tsp red wine vinegar or lemon juice","Red wine vinegar OR Lemons","staple","","",""
"15","Mediterranean Breakfast Bowl","¼ tsp dried oregano","Dried oregano","staple","","",""
"15","Mediterranean Breakfast Bowl","Salt and black pepper to taste","Salt + Black pepper","staple staple","","",""
"15","Mediterranean Breakfast Bowl","Fresh parsley, chopped (optional)","Parsley","","optional","",""
"16","Classic Buttermilk Pancakes","1 1/2 cups flour","All-purpose flour","staple","","",""
"16","Classic Buttermilk Pancakes","3 1/2 tsp baking powder","Baking powder","staple","","",""
"16","Classic Buttermilk Pancakes","1 tbsp sugar","Sugar","staple","","",""
"16","Classic Buttermilk Pancakes","1 1/4 cups buttermilk","Buttermilk","","","",""
"16","Classic Buttermilk Pancakes","1 egg","Eggs","","","",""
"16","Classic Buttermilk Pancakes","3 tbsp melted butter","Butter","staple","","",""
"17","French Toast with Cinnamon and Maple","4 thick slices bread","Bread","","","",""
"17","French Toast with Cinnamon and Maple","2 eggs","Eggs","","","",""
"17","French Toast with Cinnamon and Maple","1/2 cup milk","Milk","","","",""
"17","French Toast with Cinnamon and Maple","1 tsp cinnamon","Cinnamon","staple","","",""
"17","French Toast with Cinnamon and Maple","1/2 tsp vanilla extract","Vanilla extract","staple","","",""
"17","French Toast with Cinnamon and Maple","1 tbsp butter","Butter","staple","","",""
"17","French Toast with Cinnamon and Maple","Maple syrup, for serving","Maple syrup","staple","","",""
"18","Belgian Waffles","2 cups flour","All-purpose flour","staple","","",""
"18","Belgian Waffles","1 tbsp sugar","Sugar","staple","","",""
"18","Belgian Waffles","4 tsp baking powder","Baking powder","staple","","",""
"18","Belgian Waffles","2 eggs, separated","Eggs","","","",""
"18","Belgian Waffles","1 3/4 cups milk","Milk","","","",""
"18","Belgian Waffles","1/2 cup melted butter","Butter","staple","","",""
"18","Belgian Waffles","1 tsp vanilla extract","Vanilla extract","staple","","",""
"19","Eggs Benedict","2 English muffins, split","English muffins","","","",""
"19","Eggs Benedict","4 slices Canadian bacon","Canadian bacon","","","",""
"19","Eggs Benedict","4 eggs","Eggs","","","",""
"19","Eggs Benedict","2 egg yolks","Eggs","","","",""
"19","Eggs Benedict","1/2 cup butter, melted","Butter","staple","","",""
"19","Eggs Benedict","1 tbsp lemon juice","Lemons","","","",""
"19","Eggs Benedict","1 tbsp white vinegar","White vinegar","staple","","",""
"20","Western Omelette","3 eggs","Eggs","","","",""
"20","Western Omelette","1/4 cup diced ham","Ham","","","",""
"20","Western Omelette","1/4 cup diced bell pepper","Bell pepper","","","",""
"20","Western Omelette","2 tbsp diced onion","Onion","","","",""
"20","Western Omelette","1/4 cup shredded cheddar cheese","Cheddar","","","",""
"20","Western Omelette","1 tbsp butter","Butter","staple","","",""
"21","Huevos Rancheros","4 corn tortillas","Corn tortillas","","","",""
"21","Huevos Rancheros","4 eggs","Eggs","","","",""
"21","Huevos Rancheros","1 cup black beans, drained","Black beans","","","",""
"21","Huevos Rancheros","1 cup salsa","Salsa","","","",""
"21","Huevos Rancheros","1/2 avocado, sliced","Avocados","","","",""
"21","Huevos Rancheros","2 tbsp chopped cilantro","Cilantro","","","",""
"21","Huevos Rancheros","Crumbled queso fresco (optional)","Queso fresco / cotija","","optional","",""
"22","Shakshuka","2 tbsp olive oil","Olive oil","staple","","",""
"22","Shakshuka","1 onion, diced","Onion","","","",""
"22","Shakshuka","1 red bell pepper, diced","Bell pepper","","","",""
"22","Shakshuka","3 garlic cloves, minced","Garlic","staple","","",""
"22","Shakshuka","1 tsp cumin","Cumin","staple","","",""
"22","Shakshuka","1 tsp paprika","Paprika","staple","","",""
"22","Shakshuka","1 can (28 oz) crushed tomatoes","Canned tomatoes","","","",""
"22","Shakshuka","6 eggs","Eggs","","","",""
"22","Shakshuka","Crumbled feta (optional)","Feta","","optional","",""
"23","Loaded Breakfast Burrito","4 large flour tortillas","Flour tortillas / wraps","","","",""
"23","Loaded Breakfast Burrito","6 eggs","Eggs","","","",""
"23","Loaded Breakfast Burrito","1/2 lb breakfast sausage","Sausage","","","",""
"23","Loaded Breakfast Burrito","1 cup diced cooked potatoes","Potatoes","","","",""
"23","Loaded Breakfast Burrito","1/2 cup shredded cheddar cheese","Cheddar","","","",""
"23","Loaded Breakfast Burrito","1/4 cup salsa","Salsa","","","",""
"23","Loaded Breakfast Burrito","2 tbsp chopped green onion","Green onions","","","",""
"24","Blueberry Muffins","2 cups flour","All-purpose flour","staple","","",""
"24","Blueberry Muffins","3/4 cup sugar","Sugar","staple","","",""
"24","Blueberry Muffins","2 1/2 tsp baking powder","Baking powder","staple","","",""
"24","Blueberry Muffins","2 eggs","Eggs","","","",""
"24","Blueberry Muffins","1/2 cup milk","Milk","","","",""
"24","Blueberry Muffins","1/2 cup melted butter","Butter","staple","","",""
"24","Blueberry Muffins","1 tsp vanilla extract","Vanilla extract","staple","","",""
"24","Blueberry Muffins","1 1/2 cups blueberries","Blueberries","","","",""
"25","Classic Banana Bread","3 ripe bananas, mashed","Bananas","","","",""
"25","Classic Banana Bread","1/3 cup melted butter","Butter","staple","","",""
"25","Classic Banana Bread","3/4 cup sugar","Sugar","staple","","",""
"25","Classic Banana Bread","2 eggs","Eggs","","","",""
"25","Classic Banana Bread","1 tsp vanilla extract","Vanilla extract","staple","","",""
"25","Classic Banana Bread","1 1/2 cups flour","All-purpose flour","staple","","",""
"25","Classic Banana Bread","1 tsp baking powder","Baking powder","staple","","",""
"25","Classic Banana Bread","Chopped walnuts (optional)","Walnuts","","optional","",""
"26","Buttermilk Biscuits with Turkey Sausage Gravy","2 cups flour","All-purpose flour","staple","","",""
"26","Buttermilk Biscuits with Turkey Sausage Gravy","1 tbsp baking powder","Baking powder","staple","","",""
"26","Buttermilk Biscuits with Turkey Sausage Gravy","1/2 cup cold butter, cubed","Butter","staple","","",""
"26","Buttermilk Biscuits with Turkey Sausage Gravy","3/4 cup buttermilk","Buttermilk","","","",""
"26","Buttermilk Biscuits with Turkey Sausage Gravy","1/2 lb ground turkey sausage","Turkey sausage","","","",""
"26","Buttermilk Biscuits with Turkey Sausage Gravy","2 tbsp flour, for the gravy","All-purpose flour","staple","","",""
"26","Buttermilk Biscuits with Turkey Sausage Gravy","2 cups milk","Milk","","","",""
"27","Steel-Cut Oats with Brown Sugar and Pecans","1 cup steel-cut oats","Oats","","","",""
"27","Steel-Cut Oats with Brown Sugar and Pecans","3 cups milk","Milk","","","",""
"27","Steel-Cut Oats with Brown Sugar and Pecans","1 cup water","Water","staple","","",""
"27","Steel-Cut Oats with Brown Sugar and Pecans","1/4 cup brown sugar","Brown sugar","staple","","",""
"27","Steel-Cut Oats with Brown Sugar and Pecans","1/2 cup chopped pecans","Pecans","","","",""
"27","Steel-Cut Oats with Brown Sugar and Pecans","1/2 tsp cinnamon","Cinnamon","staple","","",""
"27","Steel-Cut Oats with Brown Sugar and Pecans","Pinch of salt","Salt","staple","","",""
"28","Homemade Maple Granola","3 cups rolled oats","Oats","","","",""
"28","Homemade Maple Granola","1/2 cup sliced almonds","Almonds","","","",""
"28","Homemade Maple Granola","1/2 cup chopped pecans","Pecans","","","",""
"28","Homemade Maple Granola","1/2 cup maple syrup","Maple syrup","staple","","",""
"28","Homemade Maple Granola","1/3 cup vegetable oil","Vegetable oil","staple","","",""
"28","Homemade Maple Granola","1 tsp cinnamon","Cinnamon","staple","","",""
"28","Homemade Maple Granola","1/2 cup dried cranberries","Dried fruit","","","",""
"29","Classic Cheese Omelette","3 eggs","Eggs","","","",""
"29","Classic Cheese Omelette","1/3 cup shredded cheddar cheese","Cheddar","","","",""
"29","Classic Cheese Omelette","1 tbsp butter","Butter","staple","","",""
"29","Classic Cheese Omelette","1 tbsp chopped chives (optional)","Green onions","","optional","",""
"30","Smoked Salmon and Cream Cheese Bagel","2 bagels, split","Bagels","","","",""
"30","Smoked Salmon and Cream Cheese Bagel","4 oz cream cheese","Cream cheese","","","",""
"30","Smoked Salmon and Cream Cheese Bagel","4 oz smoked salmon","Smoked salmon","","","",""
"30","Smoked Salmon and Cream Cheese Bagel","1/4 red onion, thinly sliced","Red onion","","","",""
"30","Smoked Salmon and Cream Cheese Bagel","1 tbsp capers","Capers","","","",""
"30","Smoked Salmon and Cream Cheese Bagel","1 tsp lemon juice","Lemons","","","",""
"30","Smoked Salmon and Cream Cheese Bagel","1 tbsp chopped dill","Dill","","","",""
"31","Breakfast Potato and Pepper Hash","3 medium potatoes, diced","Potatoes","","","",""
"31","Breakfast Potato and Pepper Hash","1 red bell pepper, diced","Bell pepper","","","",""
"31","Breakfast Potato and Pepper Hash","1 green bell pepper, diced","Bell pepper","","","",""
"31","Breakfast Potato and Pepper Hash","1/2 onion, diced","Onion","","","",""
"31","Breakfast Potato and Pepper Hash","2 tbsp olive oil","Olive oil","staple","","",""
"31","Breakfast Potato and Pepper Hash","1 tsp paprika","Paprika","staple","","",""
"31","Breakfast Potato and Pepper Hash","4 eggs","Eggs","","","",""
"32","Overnight Cinnamon French Toast Bake","8 cups cubed day-old bread","Bread","","","",""
"32","Overnight Cinnamon French Toast Bake","6 eggs","Eggs","","","",""
"32","Overnight Cinnamon French Toast Bake","2 cups milk","Milk","","","",""
"32","Overnight Cinnamon French Toast Bake","1/3 cup brown sugar","Brown sugar","staple","","",""
"32","Overnight Cinnamon French Toast Bake","1 tbsp cinnamon","Cinnamon","staple","","",""
"32","Overnight Cinnamon French Toast Bake","1 tsp vanilla extract","Vanilla extract","staple","","",""
"32","Overnight Cinnamon French Toast Bake","3 tbsp melted butter","Butter","staple","","",""
"33","Egg and Turkey Sausage Breakfast Sandwich","2 English muffins, split","English muffins","","","",""
"33","Egg and Turkey Sausage Breakfast Sandwich","2 turkey sausage patties","Turkey sausage","","","",""
"33","Egg and Turkey Sausage Breakfast Sandwich","2 eggs","Eggs","","","",""
"33","Egg and Turkey Sausage Breakfast Sandwich","2 slices cheddar cheese","Cheddar","","","",""
"33","Egg and Turkey Sausage Breakfast Sandwich","1 tbsp butter","Butter","staple","","",""
"34","Dutch Baby Pancake","3 eggs","Eggs","","","",""
"34","Dutch Baby Pancake","1/2 cup milk","Milk","","","",""
"34","Dutch Baby Pancake","1/2 cup flour","All-purpose flour","staple","","",""
"34","Dutch Baby Pancake","1 tbsp sugar","Sugar","staple","","",""
"34","Dutch Baby Pancake","1/2 tsp vanilla extract","Vanilla extract","staple","","",""
"34","Dutch Baby Pancake","4 tbsp butter","Butter","staple","","",""
"34","Dutch Baby Pancake","Powdered sugar, for dusting","Powdered sugar","","","",""
"35","Ginger Scallion Congee","3/4 cup rice","White rice","","","",""
"35","Ginger Scallion Congee","7 cups vegetable broth","Vegetable broth","","","",""
"35","Ginger Scallion Congee","2 tbsp minced ginger","Fresh ginger","staple","","",""
"35","Ginger Scallion Congee","3 scallions, thinly sliced","Green onions","","","",""
"35","Ginger Scallion Congee","1 tbsp soy sauce","Soy sauce","staple","","",""
"35","Ginger Scallion Congee","1 tsp sesame oil","Sesame oil","staple","","",""
"35","Ginger Scallion Congee","Soft-boiled eggs (optional)","Eggs","","optional","",""
"36","Menemen","2 tbsp olive oil","Olive oil","staple","","",""
"36","Menemen","1 green bell pepper, diced","Bell pepper","","","",""
"36","Menemen","1 onion, diced","Onion","","","",""
"36","Menemen","2 tomatoes, diced","Tomatoes","","","",""
"36","Menemen","1/2 tsp red pepper flakes","Red pepper flakes","staple","","",""
"36","Menemen","4 eggs","Eggs","","","",""
"36","Menemen","Crumbled feta (optional)","Feta","","optional","",""
"37","Chilaquiles Verdes","5 cups tortilla chips","Tortilla chips / tostadas","","","",""
"37","Chilaquiles Verdes","2 cups salsa verde","Salsa","","","",""
"37","Chilaquiles Verdes","4 eggs","Eggs","","","",""
"37","Chilaquiles Verdes","1/4 onion, thinly sliced","Onion","","","",""
"37","Chilaquiles Verdes","2 tbsp chopped cilantro","Cilantro","","","",""
"37","Chilaquiles Verdes","Crumbled queso fresco (optional)","Queso fresco / cotija","","optional","",""
"37","Chilaquiles Verdes","Sour cream (optional)","Sour cream","","optional","",""
"38","Berry Smoothie Bowl","2 cups frozen mixed berries","Mixed berries","","","",""
"38","Berry Smoothie Bowl","1 banana","Bananas","","","",""
"38","Berry Smoothie Bowl","1/2 cup plain yogurt","Yogurt","","","",""
"38","Berry Smoothie Bowl","1/4 cup milk","Milk","","","",""
"38","Berry Smoothie Bowl","1 tbsp honey","Honey","staple","","",""
"38","Berry Smoothie Bowl","1/4 cup granola, for topping","Granola","","","",""
"38","Berry Smoothie Bowl","Sliced fresh fruit, for topping","Fresh fruit (any)","","","",""
"39","Classic Crepes with Berries and Cream","1 cup flour","All-purpose flour","staple","","",""
"39","Classic Crepes with Berries and Cream","2 eggs","Eggs","","","",""
"39","Classic Crepes with Berries and Cream","1 1/4 cups milk","Milk","","","",""
"39","Classic Crepes with Berries and Cream","2 tbsp melted butter","Butter","staple","","",""
"39","Classic Crepes with Berries and Cream","1 tbsp sugar","Sugar","staple","","",""
"39","Classic Crepes with Berries and Cream","1 1/2 cups mixed berries","Mixed berries","","","",""
"39","Classic Crepes with Berries and Cream","1/2 cup whipped cream","Heavy cream","","","",""
"40","Spanish Potato Tortilla","4 medium potatoes, thinly sliced","Potatoes","","","",""
"40","Spanish Potato Tortilla","1 onion, thinly sliced","Onion","","","",""
"40","Spanish Potato Tortilla","1/2 cup olive oil","Olive oil","staple","","",""
"40","Spanish Potato Tortilla","6 eggs","Eggs","","","",""
"40","Spanish Potato Tortilla","Salt, to taste","Salt","staple","","",""
"41","Cheesy Grits with Soft-Cooked Eggs","1 cup grits","Cornmeal / grits","","","",""
"41","Cheesy Grits with Soft-Cooked Eggs","3 cups milk","Milk","","","",""
"41","Cheesy Grits with Soft-Cooked Eggs","1 cup water","Water","staple","","",""
"41","Cheesy Grits with Soft-Cooked Eggs","1 cup shredded cheddar cheese","Cheddar","","","",""
"41","Cheesy Grits with Soft-Cooked Eggs","2 tbsp butter","Butter","staple","","",""
"41","Cheesy Grits with Soft-Cooked Eggs","4 eggs","Eggs","","","",""
"41","Cheesy Grits with Soft-Cooked Eggs","2 tbsp chopped chives","Green onions","","","",""
"42","Mediterranean Chickpea Salad","1 can (15 oz) chickpeas, rinsed and drained","Chickpeas","","","",""
"42","Mediterranean Chickpea Salad","1 cup diced English cucumber","Cucumber","","","",""
"42","Mediterranean Chickpea Salad","1 cup halved cherry tomatoes","Cherry tomatoes","","","",""
"42","Mediterranean Chickpea Salad","¼ cup finely diced red onion","Red onion","","","",""
"42","Mediterranean Chickpea Salad","⅓ cup crumbled feta cheese","Feta","","","",""
"42","Mediterranean Chickpea Salad","1½ tbsp olive oil and 1 tbsp fresh lemon juice","Olive oil + Lemons","staple","","",""
"42","Mediterranean Chickpea Salad","Salt, pepper, and dried oregano to taste","Salt","staple","","",""
"43","Turkey, Avocado and Hummus Wrap","3 to 4 slices low-sodium deli turkey breast","Deli turkey","","","",""
"43","Turkey, Avocado and Hummus Wrap","2 tbsp store-bought hummus","Hummus","","","",""
"43","Turkey, Avocado and Hummus Wrap","½ ripe avocado, sliced","Avocados","","","",""
"43","Turkey, Avocado and Hummus Wrap","½ cup baby spinach","Spinach","","","",""
"43","Turkey, Avocado and Hummus Wrap","2 tbsp shredded carrots","Carrots","","","",""
"43","Turkey, Avocado and Hummus Wrap","1 whole wheat wrap","Flour tortillas / wraps","","","",""
"44","Southwestern Mason Jar Quinoa Salad","1 cup cooked quinoa","Quinoa","","","",""
"44","Southwestern Mason Jar Quinoa Salad","½ cup canned black beans, rinsed and drained","Black beans","","","",""
"44","Southwestern Mason Jar Quinoa Salad","½ cup canned sweet corn, drained","Corn kernels","","","",""
"44","Southwestern Mason Jar Quinoa Salad","½ red bell pepper, diced","Bell pepper","","","",""
"44","Southwestern Mason Jar Quinoa Salad","2 tbsp chopped fresh cilantro","Cilantro","","","",""
"44","Southwestern Mason Jar Quinoa Salad","Dressing: 1 tbsp lime juice, 1 tbsp olive oil, ¼ tsp cumin, pinch of salt","Limes + Olive oil + Cumin + Salt","staple staple staple","","",""
"45","Lemon Dill Tuna and White Bean Salad","1 can (5 oz) tuna in water, drained","Canned tuna","","","",""
"45","Lemon Dill Tuna and White Bean Salad","½ cup canned cannellini beans, rinsed","White beans","","","",""
"45","Lemon Dill Tuna and White Bean Salad","¼ cup finely diced celery","Celery","","","",""
"45","Lemon Dill Tuna and White Bean Salad","1 tbsp fresh chopped dill or parsley","Dill OR Parsley","","","",""
"45","Lemon Dill Tuna and White Bean Salad","1 tbsp lemon juice and 1 tbsp olive oil","Lemons + Olive oil","staple","","",""
"45","Lemon Dill Tuna and White Bean Salad","Salt and pepper to taste","Salt + Black pepper","staple staple","","",""
"46","Healthy Egg Salad Lettuce Boats","3 hard-boiled eggs, peeled and diced","Eggs","","","",""
"46","Healthy Egg Salad Lettuce Boats","2 tbsp plain Greek yogurt","Greek yogurt","","","",""
"46","Healthy Egg Salad Lettuce Boats","1 tsp Dijon mustard","Dijon mustard","staple","","",""
"46","Healthy Egg Salad Lettuce Boats","2 tbsp chopped green onions","Green onions","","","",""
"46","Healthy Egg Salad Lettuce Boats","4 large Romaine lettuce leaves","Lettuce","","","",""
"46","Healthy Egg Salad Lettuce Boats","Salt and black pepper to taste","Salt + Black pepper","staple staple","","",""
"47","Pesto Chicken Pasta Salad","1 cup cooked whole wheat rotini or penne","Dry pasta","","","",""
"47","Pesto Chicken Pasta Salad","1 cup cooked or rotisserie chicken breast, shredded","Chicken breast","","","",""
"47","Pesto Chicken Pasta Salad","½ cup cherry tomatoes, halved","Cherry tomatoes","","","",""
"47","Pesto Chicken Pasta Salad","1 cup baby spinach","Spinach","","","",""
"47","Pesto Chicken Pasta Salad","2 tbsp store-bought basil pesto","Basil","","","",""
"47","Pesto Chicken Pasta Salad","1 tbsp grated parmesan cheese","Parmesan / pecorino","","","",""
"48","Caprese Chicken Ciabatta Sandwich","1 small ciabatta roll or whole grain bun","Buns and rolls","","","",""
"48","Caprese Chicken Ciabatta Sandwich","3 oz cooked or rotisserie chicken breast, sliced","Chicken breast","","","",""
"48","Caprese Chicken Ciabatta Sandwich","2 slices fresh mozzarella cheese","Mozzarella","","","",""
"48","Caprese Chicken Ciabatta Sandwich","2 slices ripe tomato","Tomatoes","","","",""
"48","Caprese Chicken Ciabatta Sandwich","3 to 4 fresh basil leaves","Basil","","","",""
"48","Caprese Chicken Ciabatta Sandwich","1 tsp balsamic glaze or olive oil","Balsamic glaze OR Olive oil","staple staple","","",""
"49","Sesame Peanut Noodle Bowl","2 oz whole wheat spaghetti or ramen noodles","Dry pasta OR Ramen / udon / soba noodles","","","",""
"49","Sesame Peanut Noodle Bowl","½ cup shredded carrots","Carrots","","","",""
"49","Sesame Peanut Noodle Bowl","½ cup matchstick cucumber","Cucumber","","","",""
"49","Sesame Peanut Noodle Bowl","Sauce: 2 tbsp peanut butter, 1 tbsp low-sodium soy sauce, 1 tsp lime juice, 1 tsp sesame oil, 1 to 2 tbsp warm water","Peanut butter + Soy sauce + Limes + Sesame oil + Water","staple  staple staple","","",""
"50","Quick Black Bean and Rice Burrito Bowl","1 microwave pouch brown rice (1 cup cooked)","Cooked rice","","","",""
"50","Quick Black Bean and Rice Burrito Bowl","½ cup canned black beans, rinsed and drained","Black beans","","","",""
"50","Quick Black Bean and Rice Burrito Bowl","½ cup canned corn, drained","Corn kernels","","","",""
"50","Quick Black Bean and Rice Burrito Bowl","¼ cup fresh salsa","Salsa","","","",""
"50","Quick Black Bean and Rice Burrito Bowl","2 tbsp shredded Mexican cheese blend","Cheese (shredded / mixed)","","","",""
"50","Quick Black Bean and Rice Burrito Bowl","¼ avocado, diced","Avocados","","","",""
"51","Classic Grilled Cheese","2 slices bread","Bread","","","",""
"51","Classic Grilled Cheese","2 tbsp butter, softened","Butter","staple","","",""
"51","Classic Grilled Cheese","2 slices cheddar cheese","Cheddar","","","",""
"51","Classic Grilled Cheese","1 slice American cheese","American cheese","","","",""
"52","Tuna Melt","1 can (5 oz) tuna, drained","Canned tuna","","","",""
"52","Tuna Melt","3 tbsp mayonnaise","Mayonnaise","","","",""
"52","Tuna Melt","2 tbsp diced celery","Celery","","","",""
"52","Tuna Melt","1 tbsp diced red onion","Red onion","","","",""
"52","Tuna Melt","2 slices bread","Bread","","","",""
"52","Tuna Melt","2 slices cheddar cheese","Cheddar","","","",""
"52","Tuna Melt","1 tsp lemon juice","Lemons","","","",""
"53","Chicken Salad Sandwich","1 1/2 cups cooked shredded chicken breast","Chicken breast","","","",""
"53","Chicken Salad Sandwich","1/3 cup mayonnaise","Mayonnaise","","","",""
"53","Chicken Salad Sandwich","1/4 cup diced celery","Celery","","","",""
"53","Chicken Salad Sandwich","2 tbsp diced red onion","Red onion","","","",""
"53","Chicken Salad Sandwich","1 tsp lemon juice","Lemons","","","",""
"53","Chicken Salad Sandwich","4 slices bread","Bread","","","",""
"53","Chicken Salad Sandwich","Lettuce leaves","Lettuce","","","",""
"54","Classic Egg Salad Sandwich","4 large eggs","Eggs","","","",""
"54","Classic Egg Salad Sandwich","3 tbsp mayonnaise","Mayonnaise","","","",""
"54","Classic Egg Salad Sandwich","1 tsp yellow mustard","Yellow mustard","","","",""
"54","Classic Egg Salad Sandwich","2 tbsp diced celery","Celery","","","",""
"54","Classic Egg Salad Sandwich","1 tbsp diced chives","Green onions","","","",""
"54","Classic Egg Salad Sandwich","4 slices bread","Bread","","","",""
"54","Classic Egg Salad Sandwich","Lettuce leaves","Lettuce","","","",""
"55","BLT Sandwich","4 slices bacon","Bacon","","","",""
"55","BLT Sandwich","2 slices bread, toasted","Bread","","","",""
"55","BLT Sandwich","2 tbsp mayonnaise","Mayonnaise","","","",""
"55","BLT Sandwich","2 lettuce leaves","Lettuce","","","",""
"55","BLT Sandwich","3 slices tomato","Tomatoes","","","",""
"56","Turkey Club Sandwich","3 slices bread, toasted","Bread","","","",""
"56","Turkey Club Sandwich","4 slices deli turkey","Deli turkey","","","",""
"56","Turkey Club Sandwich","3 slices bacon, cooked","Bacon","","","",""
"56","Turkey Club Sandwich","2 tbsp mayonnaise","Mayonnaise","","","",""
"56","Turkey Club Sandwich","2 lettuce leaves","Lettuce","","","",""
"56","Turkey Club Sandwich","3 slices tomato","Tomatoes","","","",""
"57","Reuben Sandwich","4 slices rye bread","Bread","","","",""
"57","Reuben Sandwich","2 tbsp butter, softened","Butter","staple","","",""
"57","Reuben Sandwich","8 oz sliced corned beef","Corned beef","","","",""
"57","Reuben Sandwich","1 cup sauerkraut, drained","Sauerkraut","","","",""
"57","Reuben Sandwich","4 slices Swiss cheese","Swiss / Gruyère","","","",""
"57","Reuben Sandwich","3 tbsp Russian or Thousand Island dressing","Bottled dressing","","","",""
"58","Philly Cheesesteak","12 oz thinly sliced beef sirloin","Beef steak","","","",""
"58","Philly Cheesesteak","1 green bell pepper, sliced","Bell pepper","","","",""
"58","Philly Cheesesteak","1 onion, sliced","Onion","","","",""
"58","Philly Cheesesteak","4 oz mushrooms, sliced","Mushrooms","","","",""
"58","Philly Cheesesteak","4 slices provolone cheese","Provolone","","","",""
"58","Philly Cheesesteak","2 hoagie rolls","Buns and rolls","","","",""
"59","French Dip Sandwich","2 cups beef broth","Beef broth","","","",""
"59","French Dip Sandwich","1 tsp Worcestershire sauce","Worcestershire sauce","","","",""
"59","French Dip Sandwich","12 oz thinly sliced roast beef","Deli roast beef","","","",""
"59","French Dip Sandwich","2 baguette rolls or hoagie rolls","Buns and rolls","","","",""
"59","French Dip Sandwich","4 slices provolone cheese","Provolone","","","",""
"60","Italian Sub","2 sub rolls","Buns and rolls","","","",""
"60","Italian Sub","4 slices salami","Salami","","","",""
"60","Italian Sub","4 slices ham","Ham","","","",""
"60","Italian Sub","4 slices pepperoni","Pepperoni","","","",""
"60","Italian Sub","4 slices provolone cheese","Provolone","","","",""
"60","Italian Sub","Shredded lettuce","Lettuce","","","",""
"60","Italian Sub","2 slices tomato","Tomatoes","","","",""
"60","Italian Sub","1 tbsp red wine vinegar","Red wine vinegar","staple","","",""
"61","Meatball Sub","1 lb ground beef","Ground beef","","","",""
"61","Meatball Sub","1/4 cup breadcrumbs","Breadcrumbs","","","",""
"61","Meatball Sub","1 egg","Eggs","","","",""
"61","Meatball Sub","1 1/2 cups marinara sauce","Marinara / pizza sauce","","","",""
"61","Meatball Sub","4 sub rolls","Buns and rolls","","","",""
"61","Meatball Sub","1 cup shredded mozzarella cheese","Mozzarella","","","",""
"62","Sloppy Joes","1 lb ground beef","Ground beef","","","",""
"62","Sloppy Joes","1/2 onion, diced","Onion","","","",""
"62","Sloppy Joes","1/2 green bell pepper, diced","Bell pepper","","","",""
"62","Sloppy Joes","3/4 cup ketchup","Ketchup","","","",""
"62","Sloppy Joes","1 tbsp Worcestershire sauce","Worcestershire sauce","","","",""
"62","Sloppy Joes","1 tsp yellow mustard","Yellow mustard","","","",""
"62","Sloppy Joes","4 hamburger buns","Buns and rolls","","","",""
"63","Pulled BBQ Chicken Sandwich","1 1/2 lb cooked shredded chicken breast","Chicken breast","","","",""
"63","Pulled BBQ Chicken Sandwich","3/4 cup barbecue sauce","Barbecue sauce","","","",""
"63","Pulled BBQ Chicken Sandwich","4 burger buns","Buns and rolls","","","",""
"63","Pulled BBQ Chicken Sandwich","1 cup coleslaw mix","Coleslaw mix","","","",""
"63","Pulled BBQ Chicken Sandwich","2 tbsp mayonnaise","Mayonnaise","","","",""
"63","Pulled BBQ Chicken Sandwich","1 tsp apple cider vinegar","Apple cider vinegar","","","",""
"64","Chicken Shawarma Wrap","1 lb chicken thighs, sliced thin","Chicken thighs","","","",""
"64","Chicken Shawarma Wrap","1 tsp ground cumin","Cumin","staple","","",""
"64","Chicken Shawarma Wrap","1 tsp paprika","Paprika","staple","","",""
"64","Chicken Shawarma Wrap","1/2 tsp ground coriander","Ground coriander","","","",""
"64","Chicken Shawarma Wrap","1/4 tsp cinnamon","Cinnamon","staple","","",""
"64","Chicken Shawarma Wrap","3 large flatbreads or wraps","Pita / flatbread OR Flour tortillas / wraps","","","",""
"64","Chicken Shawarma Wrap","1/4 cup garlic sauce (oil-based toum)","Garlic sauce (toum)","","","",""
"64","Chicken Shawarma Wrap","1 cup shredded lettuce","Lettuce","","","",""
"64","Chicken Shawarma Wrap","1 tomato, sliced","Tomatoes","","","",""
"65","Falafel Pita with Tahini","1 can (15 oz) chickpeas, drained","Chickpeas","","","",""
"65","Falafel Pita with Tahini","2 tbsp chopped parsley","Parsley","","","",""
"65","Falafel Pita with Tahini","1 tsp ground cumin","Cumin","staple","","",""
"65","Falafel Pita with Tahini","1 tsp ground coriander","Ground coriander","","","",""
"65","Falafel Pita with Tahini","2 tbsp flour","All-purpose flour","staple","","",""
"65","Falafel Pita with Tahini","2 pita breads","Pita / flatbread","","","",""
"65","Falafel Pita with Tahini","3 tbsp tahini","Tahini","","","",""
"65","Falafel Pita with Tahini","1 tbsp lemon juice","Lemons","","","",""
"65","Falafel Pita with Tahini","1 cup shredded lettuce","Lettuce","","","",""
"65","Falafel Pita with Tahini","1 tomato, diced","Tomatoes","","","",""
"66","Chicken Gyro Pita","1 lb chicken thighs, sliced thin","Chicken thighs","","","",""
"66","Chicken Gyro Pita","1 tsp dried oregano","Dried oregano","staple","","",""
"66","Chicken Gyro Pita","1 tsp garlic powder","Garlic powder","staple","","",""
"66","Chicken Gyro Pita","3 pita breads","Pita / flatbread","","","",""
"66","Chicken Gyro Pita","1/2 cup plain yogurt","Yogurt","","","",""
"66","Chicken Gyro Pita","1/4 cucumber, grated","Cucumber","","","",""
"66","Chicken Gyro Pita","1 tsp lemon juice","Lemons","","","",""
"66","Chicken Gyro Pita","1 tomato, sliced","Tomatoes","","","",""
"66","Chicken Gyro Pita","1/2 red onion, thinly sliced","Red onion","","","",""
"67","Hummus and Roasted Vegetable Wrap","1 zucchini, sliced","Zucchini","","","",""
"67","Hummus and Roasted Vegetable Wrap","1 red bell pepper, sliced","Bell pepper","","","",""
"67","Hummus and Roasted Vegetable Wrap","1/2 red onion, sliced","Red onion","","","",""
"67","Hummus and Roasted Vegetable Wrap","2 large wraps or flatbreads","Flour tortillas / wraps OR Pita / flatbread","","","",""
"67","Hummus and Roasted Vegetable Wrap","1/2 cup hummus","Hummus","","","",""
"67","Hummus and Roasted Vegetable Wrap","1 cup baby spinach","Spinach","","","",""
"68","Caprese Sandwich on Focaccia","1 piece focaccia, split","Buns and rolls","","","",""
"68","Caprese Sandwich on Focaccia","6 oz fresh mozzarella, sliced","Mozzarella","","","",""
"68","Caprese Sandwich on Focaccia","1 large tomato, sliced","Tomatoes","","","",""
"68","Caprese Sandwich on Focaccia","8 fresh basil leaves","Basil","","","",""
"68","Caprese Sandwich on Focaccia","1 tbsp balsamic glaze","Balsamic glaze","staple","","",""
"69","Chicken Banh Mi","1 lb chicken thighs, sliced thin","Chicken thighs","","","",""
"69","Chicken Banh Mi","1 tsp soy sauce","Soy sauce","staple","","",""
"69","Chicken Banh Mi","1/2 cup shredded carrot","Carrots","","","",""
"69","Chicken Banh Mi","1/2 cup shredded daikon or cucumber","Radishes OR Cucumber","","","",""
"69","Chicken Banh Mi","2 tbsp rice vinegar","Rice vinegar","staple","","",""
"69","Chicken Banh Mi","2 baguette rolls or sub rolls","Buns and rolls","","","",""
"69","Chicken Banh Mi","3 tbsp mayonnaise","Mayonnaise","","","",""
"69","Chicken Banh Mi","1/4 cup cilantro leaves","Cilantro","","","",""
"69","Chicken Banh Mi","1 jalapeno, sliced","Fresh chili peppers","","","",""
"70","Buffalo Chicken Wrap","1 lb cooked shredded chicken breast","Chicken breast","","","",""
"70","Buffalo Chicken Wrap","1/3 cup buffalo hot sauce","Buffalo sauce","","","",""
"70","Buffalo Chicken Wrap","3 large flatbreads or wraps","Pita / flatbread OR Flour tortillas / wraps","","","",""
"70","Buffalo Chicken Wrap","1/4 cup ranch dressing","Bottled dressing","","","",""
"70","Buffalo Chicken Wrap","1 cup shredded lettuce","Lettuce","","","",""
"70","Buffalo Chicken Wrap","1/2 cup diced celery","Celery","","","",""
"71","Caesar Chicken Wrap","1 lb cooked sliced chicken breast","Chicken breast","","","",""
"71","Caesar Chicken Wrap","3 large flatbreads or wraps","Pita / flatbread OR Flour tortillas / wraps","","","",""
"71","Caesar Chicken Wrap","1/3 cup Caesar dressing","Bottled dressing","","","",""
"71","Caesar Chicken Wrap","2 cups chopped romaine lettuce","Lettuce","","","",""
"71","Caesar Chicken Wrap","1/4 cup grated Parmesan cheese","Parmesan / pecorino","","","",""
"72","Curried Chicken Salad Wrap","1 1/2 cups cooked shredded chicken breast","Chicken breast","","","",""
"72","Curried Chicken Salad Wrap","1/3 cup mayonnaise","Mayonnaise","","","",""
"72","Curried Chicken Salad Wrap","1 tsp curry powder","Curry powder","","","",""
"72","Curried Chicken Salad Wrap","2 tbsp raisins","Dried fruit","","","",""
"72","Curried Chicken Salad Wrap","2 tbsp diced celery","Celery","","","",""
"72","Curried Chicken Salad Wrap","3 large flatbreads or wraps","Pita / flatbread OR Flour tortillas / wraps","","","",""
"72","Curried Chicken Salad Wrap","1 cup shredded lettuce","Lettuce","","","",""
"73","Roast Beef and Horseradish Sandwich","4 slices rye or sourdough bread","Bread","","","",""
"73","Roast Beef and Horseradish Sandwich","3 tbsp mayonnaise","Mayonnaise","","","",""
"73","Roast Beef and Horseradish Sandwich","1 tbsp prepared horseradish","Horseradish","","","",""
"73","Roast Beef and Horseradish Sandwich","10 oz thinly sliced roast beef","Deli roast beef","","","",""
"73","Roast Beef and Horseradish Sandwich","1 cup arugula","Arugula","","","",""
"73","Roast Beef and Horseradish Sandwich","1/2 red onion, thinly sliced","Red onion","","","",""
"74","Turkey and Cranberry Sandwich","4 slices whole grain bread","Bread","","","",""
"74","Turkey and Cranberry Sandwich","3 tbsp cranberry sauce","Cranberry sauce","","","",""
"74","Turkey and Cranberry Sandwich","2 tbsp mayonnaise","Mayonnaise","","","",""
"74","Turkey and Cranberry Sandwich","8 oz sliced deli turkey","Deli turkey","","","",""
"74","Turkey and Cranberry Sandwich","1 cup baby spinach","Spinach","","","",""
"75","Chickpea Smash Sandwich","1 can (15 oz) chickpeas, drained","Chickpeas","","","",""
"75","Chickpea Smash Sandwich","3 tbsp mayonnaise","Mayonnaise","","","",""
"75","Chickpea Smash Sandwich","1 tsp Dijon mustard","Dijon mustard","staple","","",""
"75","Chickpea Smash Sandwich","2 tbsp diced celery","Celery","","","",""
"75","Chickpea Smash Sandwich","1 tbsp diced red onion","Red onion","","","",""
"75","Chickpea Smash Sandwich","1 tsp lemon juice","Lemons","","","",""
"75","Chickpea Smash Sandwich","4 slices bread","Bread","","","",""
"75","Chickpea Smash Sandwich","Lettuce leaves","Lettuce","","","",""
"76","Grilled Vegetable and Goat Cheese Ciabatta","1 zucchini, sliced lengthwise","Zucchini","","","",""
"76","Grilled Vegetable and Goat Cheese Ciabatta","1 red bell pepper, sliced","Bell pepper","","","",""
"76","Grilled Vegetable and Goat Cheese Ciabatta","1 small eggplant, sliced","Eggplant","","","",""
"76","Grilled Vegetable and Goat Cheese Ciabatta","2 ciabatta rolls, split","Buns and rolls","","","",""
"76","Grilled Vegetable and Goat Cheese Ciabatta","3 oz goat cheese, softened","Goat cheese","","","",""
"76","Grilled Vegetable and Goat Cheese Ciabatta","1 cup arugula","Arugula","","","",""
"76","Grilled Vegetable and Goat Cheese Ciabatta","1 tbsp balsamic glaze","Balsamic glaze","staple","","",""
"77","Classic Chicken Noodle Soup","2 boneless chicken breasts","Chicken breast","","","",""
"77","Classic Chicken Noodle Soup","8 cups chicken broth","Chicken broth","","","",""
"77","Classic Chicken Noodle Soup","2 carrots, sliced","Carrots","","","",""
"77","Classic Chicken Noodle Soup","2 celery stalks, sliced","Celery","","","",""
"77","Classic Chicken Noodle Soup","1 onion, diced","Onion","","","",""
"77","Classic Chicken Noodle Soup","2 cups egg noodles","Egg noodles","","","",""
"77","Classic Chicken Noodle Soup","1 bay leaf","Bay leaves","","","",""
"77","Classic Chicken Noodle Soup","2 tbsp chopped fresh parsley","Parsley","","","",""
"78","Creamy Tomato Soup","2 tbsp butter","Butter","staple","","",""
"78","Creamy Tomato Soup","1 onion, diced","Onion","","","",""
"78","Creamy Tomato Soup","2 cans (28 oz each) crushed tomatoes","Canned tomatoes","","","",""
"78","Creamy Tomato Soup","3 cups vegetable broth","Vegetable broth","","","",""
"78","Creamy Tomato Soup","1/2 cup heavy cream","Heavy cream","","","",""
"78","Creamy Tomato Soup","1 tsp dried basil","Dried basil","","","",""
"78","Creamy Tomato Soup","1 tsp sugar","Sugar","staple","","",""
"79","Minestrone Soup","1 onion, diced","Onion","","","",""
"79","Minestrone Soup","2 carrots, diced","Carrots","","","",""
"79","Minestrone Soup","2 celery stalks, diced","Celery","","","",""
"79","Minestrone Soup","2 zucchini, diced","Zucchini","","","",""
"79","Minestrone Soup","1 can (14 oz) diced tomatoes","Canned tomatoes","","","",""
"79","Minestrone Soup","6 cups vegetable broth","Vegetable broth","","","",""
"79","Minestrone Soup","1 can (15 oz) kidney beans, drained","Kidney beans","","","",""
"79","Minestrone Soup","1 cup small pasta (ditalini)","Dry pasta","","","",""
"79","Minestrone Soup","2 cups chopped kale","Kale","","","",""
"79","Minestrone Soup","1 tsp dried oregano","Dried oregano","staple","","",""
"80","Hearty Lentil Soup","1 onion, diced","Onion","","","",""
"80","Hearty Lentil Soup","2 carrots, diced","Carrots","","","",""
"80","Hearty Lentil Soup","2 celery stalks, diced","Celery","","","",""
"80","Hearty Lentil Soup","1 1/2 cups brown lentils, rinsed","Lentils","","","",""
"80","Hearty Lentil Soup","6 cups vegetable broth","Vegetable broth","","","",""
"80","Hearty Lentil Soup","1 can (14 oz) diced tomatoes","Canned tomatoes","","","",""
"80","Hearty Lentil Soup","1 tsp ground cumin","Cumin","staple","","",""
"80","Hearty Lentil Soup","1 tsp smoked paprika","Smoked paprika","","","",""
"80","Hearty Lentil Soup","2 cups chopped spinach","Spinach","","","",""
"81","Split Pea Soup","1 onion, diced","Onion","","","",""
"81","Split Pea Soup","2 carrots, diced","Carrots","","","",""
"81","Split Pea Soup","2 celery stalks, diced","Celery","","","",""
"81","Split Pea Soup","1 1/2 cups dried split peas, rinsed","Split peas","","","",""
"81","Split Pea Soup","7 cups vegetable broth","Vegetable broth","","","",""
"81","Split Pea Soup","1 bay leaf","Bay leaves","","","",""
"81","Split Pea Soup","1 tsp dried thyme","Dried thyme","staple","","",""
"81","Split Pea Soup","1 tbsp lemon juice","Lemons","","","",""
"82","Butternut Squash Soup","1 butternut squash (about 2 lbs), peeled and cubed","Butternut squash","","","",""
"82","Butternut Squash Soup","1 onion, diced","Onion","","","",""
"82","Butternut Squash Soup","4 cups vegetable broth","Vegetable broth","","","",""
"82","Butternut Squash Soup","1 cup coconut milk","Coconut milk","","","",""
"82","Butternut Squash Soup","1 tsp ground ginger","Ground ginger","","","",""
"82","Butternut Squash Soup","1/2 tsp ground cinnamon","Cinnamon","staple","","",""
"82","Butternut Squash Soup","1 apple, peeled and diced","Apples","","","",""
"83","Broccoli Cheddar Soup","3 tbsp butter","Butter","staple","","",""
"83","Broccoli Cheddar Soup","1 onion, diced","Onion","","","",""
"83","Broccoli Cheddar Soup","3 cups broccoli florets, chopped","Broccoli","","","",""
"83","Broccoli Cheddar Soup","4 cups vegetable broth","Vegetable broth","","","",""
"83","Broccoli Cheddar Soup","1 1/2 cups milk","Milk","","","",""
"83","Broccoli Cheddar Soup","2 cups shredded cheddar cheese","Cheddar","","","",""
"83","Broccoli Cheddar Soup","3 tbsp flour","All-purpose flour","staple","","",""
"83","Broccoli Cheddar Soup","1 carrot, shredded","Carrots","","","",""
"84","New England Clam Chowder","4 tbsp butter","Butter","staple","","",""
"84","New England Clam Chowder","1 onion, diced","Onion","","","",""
"84","New England Clam Chowder","2 celery stalks, diced","Celery","","","",""
"84","New England Clam Chowder","3 potatoes, peeled and diced","Potatoes","","","",""
"84","New England Clam Chowder","2 cans (6.5 oz each) chopped clams, juice reserved","Clams","","","",""
"84","New England Clam Chowder","2 cups clam juice or seafood broth","Seafood stock / clam juice","","","",""
"84","New England Clam Chowder","1 1/2 cups heavy cream","Heavy cream","","","",""
"84","New England Clam Chowder","3 tbsp flour","All-purpose flour","staple","","",""
"84","New England Clam Chowder","1 tsp dried thyme","Dried thyme","staple","","",""
"85","Corn Chowder","3 tbsp butter","Butter","staple","","",""
"85","Corn Chowder","1 onion, diced","Onion","","","",""
"85","Corn Chowder","2 celery stalks, diced","Celery","","","",""
"85","Corn Chowder","2 potatoes, peeled and diced","Potatoes","","","",""
"85","Corn Chowder","4 cups corn kernels (fresh or frozen)","Corn kernels","","","",""
"85","Corn Chowder","4 cups vegetable broth","Vegetable broth","","","",""
"85","Corn Chowder","1 cup milk","Milk","","","",""
"85","Corn Chowder","3 tbsp flour","All-purpose flour","staple","","",""
"85","Corn Chowder","1 red bell pepper, diced","Bell pepper","","","",""
"86","Black Bean Soup","1 onion, diced","Onion","","","",""
"86","Black Bean Soup","1 red bell pepper, diced","Bell pepper","","","",""
"86","Black Bean Soup","3 cans (15 oz each) black beans, drained and rinsed","Black beans","","","",""
"86","Black Bean Soup","4 cups vegetable broth","Vegetable broth","","","",""
"86","Black Bean Soup","1 can (14 oz) diced tomatoes","Canned tomatoes","","","",""
"86","Black Bean Soup","1 tsp ground cumin","Cumin","staple","","",""
"86","Black Bean Soup","1 tsp chili powder","Chili powder","staple","","",""
"86","Black Bean Soup","2 tbsp lime juice","Limes","","","",""
"86","Black Bean Soup","2 tbsp chopped cilantro","Cilantro","","","",""
"87","Miso Soup with Tofu","5 cups vegetable broth","Vegetable broth","","","",""
"87","Miso Soup with Tofu","4 tbsp miso paste","Miso paste","","","",""
"87","Miso Soup with Tofu","1 block (14 oz) soft tofu, cubed","Tofu","","","",""
"87","Miso Soup with Tofu","2 green onions, sliced","Green onions","","","",""
"87","Miso Soup with Tofu","1 sheet nori, cut into strips","Nori / wakame","","","",""
"87","Miso Soup with Tofu","1 cup sliced mushrooms","Mushrooms","","","",""
"87","Miso Soup with Tofu","1 tbsp dried wakame seaweed","Nori / wakame","","","",""
"88","Egg Drop Soup","6 cups chicken broth","Chicken broth","","","",""
"88","Egg Drop Soup","3 eggs, beaten","Eggs","","","",""
"88","Egg Drop Soup","2 tbsp cornstarch","Cornstarch","staple","","",""
"88","Egg Drop Soup","3 tbsp water","Water","staple","","",""
"88","Egg Drop Soup","2 green onions, sliced","Green onions","","","",""
"88","Egg Drop Soup","1 tsp sesame oil","Sesame oil","staple","","",""
"88","Egg Drop Soup","1/2 tsp ground ginger","Ground ginger","","","",""
"89","Chicken Tortilla Soup","2 boneless chicken breasts","Chicken breast","","","",""
"89","Chicken Tortilla Soup","1 onion, diced","Onion","","","",""
"89","Chicken Tortilla Soup","1 red bell pepper, diced","Bell pepper","","","",""
"89","Chicken Tortilla Soup","6 cups chicken broth","Chicken broth","","","",""
"89","Chicken Tortilla Soup","1 can (14 oz) diced tomatoes","Canned tomatoes","","","",""
"89","Chicken Tortilla Soup","1 can (15 oz) black beans, drained and rinsed","Black beans","","","",""
"89","Chicken Tortilla Soup","1 cup corn kernels","Corn kernels","","","",""
"89","Chicken Tortilla Soup","1 tsp ground cumin","Cumin","staple","","",""
"89","Chicken Tortilla Soup","1 tsp chili powder","Chili powder","staple","","",""
"89","Chicken Tortilla Soup","2 corn tortillas, sliced into strips and toasted","Corn tortillas","","","",""
"89","Chicken Tortilla Soup","2 tbsp chopped cilantro","Cilantro","","","",""
"90","Avgolemono","6 cups chicken broth","Chicken broth","","","",""
"90","Avgolemono","1 cooked chicken breast, shredded","Chicken breast","","","",""
"90","Avgolemono","1/2 cup rice","White rice","","","",""
"90","Avgolemono","3 eggs","Eggs","","","",""
"90","Avgolemono","1/3 cup lemon juice","Lemons","","","",""
"90","Avgolemono","2 tbsp chopped fresh dill","Dill","","","",""
"91","Beef and Barley Soup","1 lb beef stew meat, cubed","Beef roast / stew meat","","","",""
"91","Beef and Barley Soup","1 onion, diced","Onion","","","",""
"91","Beef and Barley Soup","2 carrots, diced","Carrots","","","",""
"91","Beef and Barley Soup","2 celery stalks, diced","Celery","","","",""
"91","Beef and Barley Soup","8 cups beef broth","Beef broth","","","",""
"91","Beef and Barley Soup","3/4 cup pearl barley","Pearl barley","","","",""
"91","Beef and Barley Soup","1 can (14 oz) diced tomatoes","Canned tomatoes","","","",""
"91","Beef and Barley Soup","1 tsp dried thyme","Dried thyme","staple","","",""
"91","Beef and Barley Soup","2 cups chopped mushrooms","Mushrooms","","","",""
"92","French Onion Soup","4 tbsp butter","Butter","staple","","",""
"92","French Onion Soup","4 large onions, thinly sliced","Onion","","","",""
"92","French Onion Soup","6 cups beef broth","Beef broth","","","",""
"92","French Onion Soup","1 tsp sugar","Sugar","staple","","",""
"92","French Onion Soup","1/2 cup dry white wine","White wine","","","",""
"92","French Onion Soup","4 slices baguette, toasted","Buns and rolls","","","",""
"92","French Onion Soup","1 1/2 cups shredded gruyere cheese","Swiss / Gruyère","","","",""
"93","Gazpacho","6 large ripe tomatoes, chopped","Tomatoes","","","",""
"93","Gazpacho","1 cucumber, peeled and chopped","Cucumber","","","",""
"93","Gazpacho","1 red bell pepper, chopped","Bell pepper","","","",""
"93","Gazpacho","1/2 red onion, chopped","Red onion","","","",""
"93","Gazpacho","2 tbsp red wine vinegar","Red wine vinegar","staple","","",""
"93","Gazpacho","1/4 cup olive oil","Olive oil","staple","","",""
"93","Gazpacho","1 slice stale bread, torn into pieces","Bread","","","",""
"93","Gazpacho","1 tbsp lemon juice","Lemons","","","",""
"94","Curried Lentil and Sweet Potato Soup","1 onion, diced","Onion","","","",""
"94","Curried Lentil and Sweet Potato Soup","2 sweet potatoes, peeled and diced","Sweet potatoes","","","",""
"94","Curried Lentil and Sweet Potato Soup","1 1/2 cups red lentils, rinsed","Lentils","","","",""
"94","Curried Lentil and Sweet Potato Soup","1 tbsp curry powder","Curry powder","","","",""
"94","Curried Lentil and Sweet Potato Soup","1 can (14 oz) coconut milk","Coconut milk","","","",""
"94","Curried Lentil and Sweet Potato Soup","5 cups vegetable broth","Vegetable broth","","","",""
"94","Curried Lentil and Sweet Potato Soup","2 cups chopped spinach","Spinach","","","",""
"94","Curried Lentil and Sweet Potato Soup","1 tbsp grated fresh ginger","Fresh ginger","staple","","",""
"95","Potato Leek Soup","3 tbsp butter","Butter","staple","","",""
"95","Potato Leek Soup","3 leeks, sliced (white and light green parts)","Leeks","","","",""
"95","Potato Leek Soup","4 potatoes, peeled and diced","Potatoes","","","",""
"95","Potato Leek Soup","5 cups vegetable broth","Vegetable broth","","","",""
"95","Potato Leek Soup","1/2 cup heavy cream","Heavy cream","","","",""
"95","Potato Leek Soup","1 tsp dried thyme","Dried thyme","staple","","",""
"95","Potato Leek Soup","2 tbsp chopped chives","Green onions","","","",""
"96","Carrot Ginger Soup","1 onion, diced","Onion","","","",""
"96","Carrot Ginger Soup","2 lbs carrots, peeled and chopped","Carrots","","","",""
"96","Carrot Ginger Soup","1 tbsp grated fresh ginger","Fresh ginger","staple","","",""
"96","Carrot Ginger Soup","5 cups vegetable broth","Vegetable broth","","","",""
"96","Carrot Ginger Soup","1/2 cup coconut milk","Coconut milk","","","",""
"96","Carrot Ginger Soup","1 tbsp orange juice","Oranges","","","",""
"96","Carrot Ginger Soup","1/2 tsp ground turmeric","Turmeric","","","",""
"97","Italian Wedding Soup","1 lb ground turkey","Ground turkey","","","",""
"97","Italian Wedding Soup","1/4 cup breadcrumbs","Breadcrumbs","","","",""
"97","Italian Wedding Soup","1 egg","Eggs","","","",""
"97","Italian Wedding Soup","1/4 cup grated parmesan cheese","Parmesan / pecorino","","","",""
"97","Italian Wedding Soup","8 cups chicken broth","Chicken broth","","","",""
"97","Italian Wedding Soup","4 cups chopped escarole or spinach","Lettuce OR Spinach","","","",""
"97","Italian Wedding Soup","1/2 cup small pasta (orzo or acini di pepe)","Dry pasta","","","",""
"97","Italian Wedding Soup","1 carrot, diced","Carrots","","","",""
"98","Tom Kha Gai","1 lb boneless chicken breast, sliced thin","Chicken breast","","","",""
"98","Tom Kha Gai","2 cans (14 oz each) coconut milk","Coconut milk","","","",""
"98","Tom Kha Gai","2 cups chicken broth","Chicken broth","","","",""
"98","Tom Kha Gai","2 tbsp fish sauce","Fish sauce","","","",""
"98","Tom Kha Gai","2 tbsp lime juice","Limes","","","",""
"98","Tom Kha Gai","1 tbsp grated fresh ginger or galangal","Fresh ginger","staple","","",""
"98","Tom Kha Gai","1 cup sliced mushrooms","Mushrooms","","","",""
"98","Tom Kha Gai","1 red chili, sliced","Fresh chili peppers","","","",""
"98","Tom Kha Gai","2 tbsp chopped cilantro","Cilantro","","","",""
"99","Hot and Sour Soup","6 cups vegetable broth","Vegetable broth","","","",""
"99","Hot and Sour Soup","1 block (14 oz) firm tofu, cubed","Tofu","","","",""
"99","Hot and Sour Soup","1 cup sliced mushrooms","Mushrooms","","","",""
"99","Hot and Sour Soup","1/4 cup rice vinegar","Rice vinegar","staple","","",""
"99","Hot and Sour Soup","2 tbsp soy sauce","Soy sauce","staple","","",""
"99","Hot and Sour Soup","1 tbsp chili paste","Chili paste","","","",""
"99","Hot and Sour Soup","3 tbsp cornstarch","Cornstarch","staple","","",""
"99","Hot and Sour Soup","2 eggs, beaten","Eggs","","","",""
"99","Hot and Sour Soup","2 green onions, sliced","Green onions","","","",""
"100","Mushroom Barley Soup","1 onion, diced","Onion","","","",""
"100","Mushroom Barley Soup","2 carrots, diced","Carrots","","","",""
"100","Mushroom Barley Soup","2 celery stalks, diced","Celery","","","",""
"100","Mushroom Barley Soup","1 lb mushrooms, sliced","Mushrooms","","","",""
"100","Mushroom Barley Soup","3/4 cup pearl barley","Pearl barley","","","",""
"100","Mushroom Barley Soup","7 cups vegetable broth","Vegetable broth","","","",""
"100","Mushroom Barley Soup","1 tsp dried thyme","Dried thyme","staple","","",""
"100","Mushroom Barley Soup","2 tbsp soy sauce","Soy sauce","staple","","",""
"101","Chickpea and Kale Soup","1 onion, diced","Onion","","","",""
"101","Chickpea and Kale Soup","2 carrots, diced","Carrots","","","",""
"101","Chickpea and Kale Soup","3 cans (15 oz each) chickpeas, drained and rinsed","Chickpeas","","","",""
"101","Chickpea and Kale Soup","1 can (14 oz) diced tomatoes","Canned tomatoes","","","",""
"101","Chickpea and Kale Soup","6 cups vegetable broth","Vegetable broth","","","",""
"101","Chickpea and Kale Soup","4 cups chopped kale","Kale","","","",""
"101","Chickpea and Kale Soup","1 tsp ground cumin","Cumin","staple","","",""
"101","Chickpea and Kale Soup","1 tsp smoked paprika","Smoked paprika","","","",""
"102","Turkey and Wild Rice Soup","2 cups cooked shredded turkey","Cooked turkey","","","",""
"102","Turkey and Wild Rice Soup","1 onion, diced","Onion","","","",""
"102","Turkey and Wild Rice Soup","2 carrots, diced","Carrots","","","",""
"102","Turkey and Wild Rice Soup","2 celery stalks, diced","Celery","","","",""
"102","Turkey and Wild Rice Soup","6 cups chicken broth","Chicken broth","","","",""
"102","Turkey and Wild Rice Soup","1 cup wild rice","Wild rice","","","",""
"102","Turkey and Wild Rice Soup","1 cup sliced mushrooms","Mushrooms","","","",""
"102","Turkey and Wild Rice Soup","1/2 cup milk","Milk","","","",""
"102","Turkey and Wild Rice Soup","2 tbsp flour","All-purpose flour","staple","","",""
"103","Chicken Caesar Salad","2 boneless chicken breasts","Chicken breast","","","",""
"103","Chicken Caesar Salad","6 cups chopped romaine lettuce","Lettuce","","","",""
"103","Chicken Caesar Salad","1/2 cup grated parmesan cheese","Parmesan / pecorino","","","",""
"103","Chicken Caesar Salad","1 cup croutons","Croutons","","","",""
"103","Chicken Caesar Salad","Dressing: 1/3 cup mayonnaise, 2 tbsp lemon juice, 2 anchovy fillets, 1 clove garlic, 2 tbsp grated parmesan","Mayonnaise + Lemons + Anchovies + Garlic + Parmesan / pecorino","staple","","",""
"103","Chicken Caesar Salad","Lemon wedges, for serving","Lemons","","","",""
"104","Cobb Salad","4 cups chopped romaine lettuce","Lettuce","","","",""
"104","Cobb Salad","1 cooked chicken breast, chopped","Chicken breast","","","",""
"104","Cobb Salad","4 slices bacon","Bacon","","","",""
"104","Cobb Salad","2 hard-boiled eggs, sliced","Eggs","","","",""
"104","Cobb Salad","1 avocado, diced","Avocados","","","",""
"104","Cobb Salad","1 cup cherry tomatoes, halved","Cherry tomatoes","","","",""
"104","Cobb Salad","1/4 cup crumbled blue cheese","Blue cheese","","","",""
"104","Cobb Salad","Dressing: 3 tbsp olive oil, 1 tbsp red wine vinegar, 1 tsp Dijon mustard","Olive oil + Red wine vinegar + Dijon mustard","staple staple staple","","",""
"105","Greek Salad with Grilled Chicken","2 boneless chicken breasts","Chicken breast","","","",""
"105","Greek Salad with Grilled Chicken","1 cucumber, diced","Cucumber","","","",""
"105","Greek Salad with Grilled Chicken","2 cups cherry tomatoes, halved","Cherry tomatoes","","","",""
"105","Greek Salad with Grilled Chicken","1/2 red onion, thinly sliced","Red onion","","","",""
"105","Greek Salad with Grilled Chicken","1/2 cup crumbled feta cheese","Feta","","","",""
"105","Greek Salad with Grilled Chicken","1/3 cup kalamata olives","Olives","","","",""
"105","Greek Salad with Grilled Chicken","Dressing: 3 tbsp olive oil, 1 tbsp red wine vinegar, 1 tsp dried oregano","Olive oil + Red wine vinegar + Dried oregano","staple staple staple","","",""
"106","Salade Nicoise","2 cans tuna in olive oil, drained","Canned tuna","","","",""
"106","Salade Nicoise","3 eggs","Eggs","","","",""
"106","Salade Nicoise","8 oz baby potatoes","Potatoes","","","",""
"106","Salade Nicoise","1 cup green beans, trimmed","Green beans","","","",""
"106","Salade Nicoise","1 cup cherry tomatoes, halved","Cherry tomatoes","","","",""
"106","Salade Nicoise","1/4 cup kalamata olives","Olives","","","",""
"106","Salade Nicoise","4 anchovy fillets (optional)","Anchovies","","optional","",""
"106","Salade Nicoise","Dressing: 3 tbsp olive oil, 1 tbsp red wine vinegar, 1 tsp Dijon mustard","Olive oil + Red wine vinegar + Dijon mustard","staple staple staple","","",""
"107","Waldorf Salad","2 apples, diced","Apples","","","",""
"107","Waldorf Salad","2 celery stalks, sliced","Celery","","","",""
"107","Waldorf Salad","1 cup red grapes, halved","Grapes","","","",""
"107","Waldorf Salad","1/2 cup walnuts, chopped","Walnuts","","","",""
"107","Waldorf Salad","1/3 cup mayonnaise","Mayonnaise","","","",""
"107","Waldorf Salad","1 tbsp honey","Honey","staple","","",""
"107","Waldorf Salad","1 tsp lemon juice","Lemons","","","",""
"107","Waldorf Salad","4 cups lettuce leaves, for serving","Lettuce","","","",""
"108","Tabbouleh","1/2 cup fine bulgur","Bulgur","","","",""
"108","Tabbouleh","2 cups chopped parsley","Parsley","","","",""
"108","Tabbouleh","1/4 cup chopped mint","Mint","","","",""
"108","Tabbouleh","3 tomatoes, diced","Tomatoes","","","",""
"108","Tabbouleh","3 green onions, chopped","Green onions","","","",""
"108","Tabbouleh","Dressing: 1/4 cup olive oil, 3 tbsp lemon juice","Olive oil + Lemons","staple","","",""
"108","Tabbouleh","1/2 tsp salt","Salt","staple","","",""
"109","Fattoush Salad","2 pita breads","Pita / flatbread","","","",""
"109","Fattoush Salad","1 head romaine lettuce, chopped","Lettuce","","","",""
"109","Fattoush Salad","1 cucumber, diced","Cucumber","","","",""
"109","Fattoush Salad","3 tomatoes, diced","Tomatoes","","","",""
"109","Fattoush Salad","4 radishes, thinly sliced","Radishes","","","",""
"109","Fattoush Salad","3 green onions, chopped","Green onions","","","",""
"109","Fattoush Salad","1 tsp sumac","Sumac","","","",""
"109","Fattoush Salad","Dressing: 1/4 cup olive oil, 2 tbsp lemon juice, 1 tbsp pomegranate molasses","Olive oil + Lemons","staple","","",""
"110","Panzanella","4 cups day-old bread, cubed","Bread","","","",""
"110","Panzanella","4 tomatoes, chopped","Tomatoes","","","",""
"110","Panzanella","1 cucumber, diced","Cucumber","","","",""
"110","Panzanella","1/2 red onion, thinly sliced","Red onion","","","",""
"110","Panzanella","1/4 cup fresh basil leaves","Basil","","","",""
"110","Panzanella","Dressing: 1/4 cup olive oil, 2 tbsp red wine vinegar","Olive oil + Red wine vinegar","staple staple","","",""
"111","Classic Potato Salad","2 lbs baby potatoes","Potatoes","","","",""
"111","Classic Potato Salad","3 eggs","Eggs","","","",""
"111","Classic Potato Salad","2 celery stalks, diced","Celery","","","",""
"111","Classic Potato Salad","1/4 red onion, finely diced","Red onion","","","",""
"111","Classic Potato Salad","1/2 cup mayonnaise","Mayonnaise","","","",""
"111","Classic Potato Salad","1 tbsp yellow mustard","Yellow mustard","","","",""
"111","Classic Potato Salad","1 tbsp chopped dill (optional)","Dill","","optional","",""
"112","Creamy Macaroni Salad","2 cups elbow macaroni","Dry pasta","","","",""
"112","Creamy Macaroni Salad","1/2 cup mayonnaise","Mayonnaise","","","",""
"112","Creamy Macaroni Salad","1 tbsp apple cider vinegar","Apple cider vinegar","","","",""
"112","Creamy Macaroni Salad","1 tsp sugar","Sugar","staple","","",""
"112","Creamy Macaroni Salad","2 celery stalks, diced","Celery","","","",""
"112","Creamy Macaroni Salad","1/2 red bell pepper, diced","Bell pepper","","","",""
"112","Creamy Macaroni Salad","1/4 red onion, finely diced","Red onion","","","",""
"112","Creamy Macaroni Salad","1/2 cup frozen peas, thawed","Peas","","","",""
"113","Three-Bean Salad","1 can kidney beans, drained and rinsed","Kidney beans","","","",""
"113","Three-Bean Salad","1 can chickpeas, drained and rinsed","Chickpeas","","","",""
"113","Three-Bean Salad","1 cup green beans, trimmed and halved","Green beans","","","",""
"113","Three-Bean Salad","1/2 red onion, thinly sliced","Red onion","","","",""
"113","Three-Bean Salad","Dressing: 1/4 cup olive oil, 3 tbsp vinegar, 1 tbsp honey","Olive oil + White vinegar + Honey","staple staple staple","","",""
"113","Three-Bean Salad","1/2 tsp dried oregano","Dried oregano","staple","","",""
"114","Caprese Pasta Salad","2 cups fusilli or penne pasta","Dry pasta","","","",""
"114","Caprese Pasta Salad","1 cup cherry tomatoes, halved","Cherry tomatoes","","","",""
"114","Caprese Pasta Salad","8 oz fresh mozzarella pearls","Mozzarella","","","",""
"114","Caprese Pasta Salad","1/4 cup fresh basil leaves, torn","Basil","","","",""
"114","Caprese Pasta Salad","3 tbsp olive oil","Olive oil","staple","","",""
"114","Caprese Pasta Salad","1 tbsp balsamic vinegar","Balsamic vinegar","","","",""
"115","Farro Salad with Roasted Vegetables","1 cup farro","Farro","","","",""
"115","Farro Salad with Roasted Vegetables","1 zucchini, diced","Zucchini","","","",""
"115","Farro Salad with Roasted Vegetables","1 red bell pepper, diced","Bell pepper","","","",""
"115","Farro Salad with Roasted Vegetables","1/2 red onion, diced","Red onion","","","",""
"115","Farro Salad with Roasted Vegetables","1 cup cherry tomatoes, halved","Cherry tomatoes","","","",""
"115","Farro Salad with Roasted Vegetables","2 tbsp olive oil","Olive oil","staple","","",""
"115","Farro Salad with Roasted Vegetables","2 tbsp lemon juice","Lemons","","","",""
"115","Farro Salad with Roasted Vegetables","1/4 cup chopped parsley","Parsley","","","",""
"115","Farro Salad with Roasted Vegetables","1/4 cup crumbled feta (optional)","Feta","","optional","",""
"116","Lemon Herb Orzo Salad","1 1/2 cups orzo","Dry pasta","","","",""
"116","Lemon Herb Orzo Salad","1 cucumber, diced","Cucumber","","","",""
"116","Lemon Herb Orzo Salad","1 cup cherry tomatoes, halved","Cherry tomatoes","","","",""
"116","Lemon Herb Orzo Salad","1/4 cup chopped parsley","Parsley","","","",""
"116","Lemon Herb Orzo Salad","2 tbsp chopped dill","Dill","","","",""
"116","Lemon Herb Orzo Salad","3 tbsp olive oil","Olive oil","staple","","",""
"116","Lemon Herb Orzo Salad","2 tbsp lemon juice","Lemons","","","",""
"116","Lemon Herb Orzo Salad","1/4 cup crumbled feta (optional)","Feta","","optional","",""
"117","Lentil and Feta Salad","1 cup dried green or brown lentils","Lentils","","","",""
"117","Lentil and Feta Salad","1/2 cup crumbled feta cheese","Feta","","","",""
"117","Lentil and Feta Salad","1 cucumber, diced","Cucumber","","","",""
"117","Lentil and Feta Salad","2 tomatoes, diced","Tomatoes","","","",""
"117","Lentil and Feta Salad","1/4 red onion, finely diced","Red onion","","","",""
"117","Lentil and Feta Salad","1/4 cup chopped parsley","Parsley","","","",""
"117","Lentil and Feta Salad","3 tbsp olive oil","Olive oil","staple","","",""
"117","Lentil and Feta Salad","2 tbsp lemon juice","Lemons","","","",""
"118","Tuna Poke Bowl","2 cups cooked rice","Cooked rice","","","",""
"118","Tuna Poke Bowl","12 oz sushi-grade tuna, cubed","Fresh tuna","","","",""
"118","Tuna Poke Bowl","2 tbsp soy sauce","Soy sauce","staple","","",""
"118","Tuna Poke Bowl","1 tsp sesame oil","Sesame oil","staple","","",""
"118","Tuna Poke Bowl","1 avocado, sliced","Avocados","","","",""
"118","Tuna Poke Bowl","1 cucumber, diced","Cucumber","","","",""
"118","Tuna Poke Bowl","2 green onions, sliced","Green onions","","","",""
"118","Tuna Poke Bowl","1 tbsp sesame seeds","Sesame seeds","","","",""
"119","Salmon Rice Bowl","2 salmon fillets","Salmon","","","",""
"119","Salmon Rice Bowl","2 cups cooked rice","Cooked rice","","","",""
"119","Salmon Rice Bowl","1 cup shelled edamame","Edamame","","","",""
"119","Salmon Rice Bowl","1 carrot, julienned","Carrots","","","",""
"119","Salmon Rice Bowl","1 cucumber, diced","Cucumber","","","",""
"119","Salmon Rice Bowl","2 tbsp soy sauce","Soy sauce","staple","","",""
"119","Salmon Rice Bowl","1 tsp sesame oil","Sesame oil","staple","","",""
"119","Salmon Rice Bowl","1 tbsp sesame seeds","Sesame seeds","","","",""
"120","Teriyaki Chicken Rice Bowl","2 boneless chicken thighs, cubed","Chicken thighs","","","",""
"120","Teriyaki Chicken Rice Bowl","2 cups cooked rice","Cooked rice","","","",""
"120","Teriyaki Chicken Rice Bowl","2 cups broccoli florets","Broccoli","","","",""
"120","Teriyaki Chicken Rice Bowl","3 tbsp soy sauce","Soy sauce","staple","","",""
"120","Teriyaki Chicken Rice Bowl","2 tbsp honey","Honey","staple","","",""
"120","Teriyaki Chicken Rice Bowl","1 tsp grated ginger","Fresh ginger","staple","","",""
"120","Teriyaki Chicken Rice Bowl","1 tbsp sesame seeds","Sesame seeds","","","",""
"121","Bibimbap Bowl","8 oz ground beef","Ground beef","","","",""
"121","Bibimbap Bowl","2 cups cooked rice","Cooked rice","","","",""
"121","Bibimbap Bowl","2 cups baby spinach","Spinach","","","",""
"121","Bibimbap Bowl","1 carrot, julienned","Carrots","","","",""
"121","Bibimbap Bowl","1 cup bean sprouts","Bean sprouts","","","",""
"121","Bibimbap Bowl","2 eggs","Eggs","","","",""
"121","Bibimbap Bowl","2 tbsp gochujang","Gochujang","","","",""
"121","Bibimbap Bowl","1 tsp sesame oil","Sesame oil","staple","","",""
"122","Chicken Burrito Bowl","2 boneless chicken breasts","Chicken breast","","","",""
"122","Chicken Burrito Bowl","2 cups cooked rice","Cooked rice","","","",""
"122","Chicken Burrito Bowl","1 can black beans, drained and rinsed","Black beans","","","",""
"122","Chicken Burrito Bowl","1 cup corn kernels","Corn kernels","","","",""
"122","Chicken Burrito Bowl","1 cup salsa","Salsa","","","",""
"122","Chicken Burrito Bowl","2 cups chopped lettuce","Lettuce","","","",""
"122","Chicken Burrito Bowl","1 avocado, diced","Avocados","","","",""
"122","Chicken Burrito Bowl","1 tsp cumin","Cumin","staple","","",""
"122","Chicken Burrito Bowl","1 tsp chili powder","Chili powder","staple","","",""
"123","Roasted Vegetable Buddha Bowl with Tahini","1 sweet potato, cubed","Sweet potatoes","","","",""
"123","Roasted Vegetable Buddha Bowl with Tahini","1 can chickpeas, drained and rinsed","Chickpeas","","","",""
"123","Roasted Vegetable Buddha Bowl with Tahini","2 cups baby kale","Kale","","","",""
"123","Roasted Vegetable Buddha Bowl with Tahini","1 cup cooked quinoa","Quinoa","","","",""
"123","Roasted Vegetable Buddha Bowl with Tahini","2 tbsp olive oil","Olive oil","staple","","",""
"123","Roasted Vegetable Buddha Bowl with Tahini","Dressing: 3 tbsp tahini, 2 tbsp lemon juice, 2-3 tbsp water","Tahini + Lemons + Water","staple","","",""
"123","Roasted Vegetable Buddha Bowl with Tahini","1/2 tsp cumin","Cumin","staple","","",""
"124","Falafel Grain Bowl","12 frozen or fresh falafel patties","Falafel","","","",""
"124","Falafel Grain Bowl","1 cup cooked bulgur or quinoa","Bulgur OR Quinoa","","","",""
"124","Falafel Grain Bowl","1 cucumber, diced","Cucumber","","","",""
"124","Falafel Grain Bowl","2 tomatoes, diced","Tomatoes","","","",""
"124","Falafel Grain Bowl","1/4 red onion, thinly sliced","Red onion","","","",""
"124","Falafel Grain Bowl","Dressing: 3 tbsp tahini, 2 tbsp lemon juice, 2-3 tbsp water","Tahini + Lemons + Water","staple","","",""
"124","Falafel Grain Bowl","2 tbsp chopped parsley","Parsley","","","",""
"125","Southwest Chicken Salad with Lime Ranch","2 boneless chicken breasts","Chicken breast","","","",""
"125","Southwest Chicken Salad with Lime Ranch","6 cups chopped romaine lettuce","Lettuce","","","",""
"125","Southwest Chicken Salad with Lime Ranch","1 can black beans, drained and rinsed","Black beans","","","",""
"125","Southwest Chicken Salad with Lime Ranch","1 cup corn kernels","Corn kernels","","","",""
"125","Southwest Chicken Salad with Lime Ranch","1 cup cherry tomatoes, halved","Cherry tomatoes","","","",""
"125","Southwest Chicken Salad with Lime Ranch","1 avocado, diced","Avocados","","","",""
"125","Southwest Chicken Salad with Lime Ranch","Dressing: 1/2 cup ranch dressing, juice of 1 lime, 1/2 tsp chili powder","Bottled dressing + Limes + Chili powder","staple","","",""
"125","Southwest Chicken Salad with Lime Ranch","1 tsp cumin","Cumin","staple","","",""
"126","Shrimp Taco Salad","1 lb shrimp, peeled and deveined","Shrimp","","","",""
"126","Shrimp Taco Salad","6 cups chopped romaine lettuce","Lettuce","","","",""
"126","Shrimp Taco Salad","1 can black beans, drained and rinsed","Black beans","","","",""
"126","Shrimp Taco Salad","1 cup corn kernels","Corn kernels","","","",""
"126","Shrimp Taco Salad","1 cup cherry tomatoes, halved","Cherry tomatoes","","","",""
"126","Shrimp Taco Salad","2 avocados","Avocados","","","",""
"126","Shrimp Taco Salad","1 cup crushed tortilla chips","Tortilla chips / tostadas","","","",""
"126","Shrimp Taco Salad","Dressing: 1 avocado, juice of 2 limes, 3 tbsp olive oil, 1/4 cup water","Avocados + Limes + Olive oil + Water","staple staple","","",""
"126","Shrimp Taco Salad","1 tsp chili powder","Chili powder","staple","","",""
"127","Lemongrass Chicken Vermicelli Bowl","2 boneless chicken thighs","Chicken thighs","","","",""
"127","Lemongrass Chicken Vermicelli Bowl","1 stalk lemongrass, minced (or 1 tbsp lemongrass paste)","Lemongrass","","","",""
"127","Lemongrass Chicken Vermicelli Bowl","8 oz rice vermicelli noodles","Rice noodles","","","",""
"127","Lemongrass Chicken Vermicelli Bowl","2 cups shredded lettuce","Lettuce","","","",""
"127","Lemongrass Chicken Vermicelli Bowl","1 cucumber, julienned","Cucumber","","","",""
"127","Lemongrass Chicken Vermicelli Bowl","1 carrot, julienned","Carrots","","","",""
"127","Lemongrass Chicken Vermicelli Bowl","1/4 cup mint leaves","Mint","","","",""
"127","Lemongrass Chicken Vermicelli Bowl","2 tbsp crushed peanuts (optional)","Peanuts","","optional","",""
"127","Lemongrass Chicken Vermicelli Bowl","Dressing: 1/4 cup fish sauce, 2 tbsp lime juice, 2 tbsp honey, 2 tbsp water","Fish sauce + Limes + Honey + Water","staple staple","","",""
"128","Soba Noodle Salad with Edamame","8 oz soba noodles","Ramen / udon / soba noodles","","","",""
"128","Soba Noodle Salad with Edamame","1 cup shelled edamame","Edamame","","","",""
"128","Soba Noodle Salad with Edamame","1 carrot, julienned","Carrots","","","",""
"128","Soba Noodle Salad with Edamame","1 cucumber, julienned","Cucumber","","","",""
"128","Soba Noodle Salad with Edamame","3 green onions, sliced","Green onions","","","",""
"128","Soba Noodle Salad with Edamame","1 tbsp sesame seeds","Sesame seeds","","","",""
"128","Soba Noodle Salad with Edamame","Dressing: 3 tbsp soy sauce, 1 tbsp sesame oil, 1 tbsp rice vinegar, 1 tbsp honey","Soy sauce + Sesame oil + Rice vinegar + Honey","staple staple staple staple","","",""
"129","Sheet Pan Garlic Lemon Chicken and Asparagus","1 lb chicken breast tenders or thin cutlets","Chicken breast","","","",""
"129","Sheet Pan Garlic Lemon Chicken and Asparagus","1 bunch asparagus, woody ends trimmed","Asparagus","","","",""
"129","Sheet Pan Garlic Lemon Chicken and Asparagus","2 tbsp olive oil","Olive oil","staple","","",""
"129","Sheet Pan Garlic Lemon Chicken and Asparagus","1 tsp garlic powder and 1 tsp lemon zest","Garlic powder + Lemons","staple","","",""
"129","Sheet Pan Garlic Lemon Chicken and Asparagus","2 tbsp fresh lemon juice","Lemons","","","",""
"129","Sheet Pan Garlic Lemon Chicken and Asparagus","Salt and pepper to taste","Salt + Black pepper","staple staple","","",""
"130","15-Minute Beef and Broccoli Stir-Fry","1 lb 90% lean ground beef","Ground beef","","","",""
"130","15-Minute Beef and Broccoli Stir-Fry","3 cups broccoli florets","Broccoli","","","",""
"130","15-Minute Beef and Broccoli Stir-Fry","2 cloves garlic, minced","Garlic","staple","","",""
"130","15-Minute Beef and Broccoli Stir-Fry","1 tsp minced fresh ginger","Fresh ginger","staple","","",""
"130","15-Minute Beef and Broccoli Stir-Fry","3 tbsp low-sodium soy sauce and 1 tbsp honey","Soy sauce + Honey","staple staple","","",""
"130","15-Minute Beef and Broccoli Stir-Fry","Cooked brown rice for serving","Cooked rice","","","",""
"131","Sheet Pan Salmon with Zucchini and Tomatoes","2 salmon fillets (about 5 oz each)","Salmon","","","",""
"131","Sheet Pan Salmon with Zucchini and Tomatoes","1 medium zucchini, sliced into half-moons","Zucchini","","","",""
"131","Sheet Pan Salmon with Zucchini and Tomatoes","1 cup cherry tomatoes","Cherry tomatoes","","","",""
"131","Sheet Pan Salmon with Zucchini and Tomatoes","1½ tbsp olive oil","Olive oil","staple","","",""
"131","Sheet Pan Salmon with Zucchini and Tomatoes","1 tsp dried oregano","Dried oregano","staple","","",""
"131","Sheet Pan Salmon with Zucchini and Tomatoes","1 lemon, cut into wedges","Lemons","","","",""
"132","Ground Turkey and Black Bean Skillet Tacos","1 lb lean ground turkey","Ground turkey","","","",""
"132","Ground Turkey and Black Bean Skillet Tacos","2 tbsp low-sodium taco seasoning","Taco / fajita seasoning","","","",""
"132","Ground Turkey and Black Bean Skillet Tacos","1 can (15 oz) black beans, rinsed and drained","Black beans","","","",""
"132","Ground Turkey and Black Bean Skillet Tacos","⅓ cup water","Water","staple","","",""
"132","Ground Turkey and Black Bean Skillet Tacos","6 small corn or whole wheat tortillas","Corn tortillas OR Flour tortillas / wraps","","","",""
"132","Ground Turkey and Black Bean Skillet Tacos","Toppings: shredded lettuce, salsa, diced tomatoes","Lettuce + Salsa + Canned tomatoes","","","",""
"133","Garlic Butter Shrimp and Spinach Pasta","½ lb raw peeled shrimp, thawed","Shrimp","","","",""
"133","Garlic Butter Shrimp and Spinach Pasta","6 oz whole wheat thin spaghetti","Dry pasta","","","",""
"133","Garlic Butter Shrimp and Spinach Pasta","2 cups baby spinach","Spinach","","","",""
"133","Garlic Butter Shrimp and Spinach Pasta","3 cloves garlic, minced","Garlic","staple","","",""
"133","Garlic Butter Shrimp and Spinach Pasta","1 tbsp butter and 1 tbsp olive oil","Butter + Olive oil","staple staple","","",""
"133","Garlic Butter Shrimp and Spinach Pasta","2 tbsp grated parmesan cheese","Parmesan / pecorino","","","",""
"134","One-Pot Chickpea and Spinach Coconut Curry","1 can (15 oz) chickpeas, rinsed and drained","Chickpeas","","","",""
"134","One-Pot Chickpea and Spinach Coconut Curry","1 can (13.5 oz) light coconut milk","Coconut milk","","","",""
"134","One-Pot Chickpea and Spinach Coconut Curry","1 can (14.5 oz) diced tomatoes","Canned tomatoes","","","",""
"134","One-Pot Chickpea and Spinach Coconut Curry","1 tbsp yellow curry powder","Curry powder","","","",""
"134","One-Pot Chickpea and Spinach Coconut Curry","2 cups fresh baby spinach","Spinach","","","",""
"134","One-Pot Chickpea and Spinach Coconut Curry","Cooked jasmine or brown rice","Cooked rice","","","",""
"135","Skillet Caprese Chicken","2 boneless skinless chicken breasts, thinly sliced or pounded","Chicken breast","","","",""
"135","Skillet Caprese Chicken","¾ cup jarred low-sugar marinara sauce","Marinara / pizza sauce","","","",""
"135","Skillet Caprese Chicken","4 slices fresh mozzarella cheese","Mozzarella","","","",""
"135","Skillet Caprese Chicken","¼ cup fresh basil leaves","Basil","","","",""
"135","Skillet Caprese Chicken","1 tbsp olive oil","Olive oil","staple","","",""
"136","Crispy Teriyaki Tofu and Veggie Stir-Fry","1 block (14 oz) extra-firm tofu, drained, pressed, and cubed","Tofu","","","",""
"136","Crispy Teriyaki Tofu and Veggie Stir-Fry","3 cups frozen stir-fry vegetable mix","Frozen mixed vegetables","","","",""
"136","Crispy Teriyaki Tofu and Veggie Stir-Fry","¼ cup low-sodium teriyaki sauce","Teriyaki sauce","","","",""
"136","Crispy Teriyaki Tofu and Veggie Stir-Fry","1 tbsp olive oil","Olive oil","staple","","",""
"136","Crispy Teriyaki Tofu and Veggie Stir-Fry","Cooked brown rice","Cooked rice","","","",""
"137","Sheet Pan Smoked Sausage, Peppers and Onions","12 oz pre-cooked turkey or chicken smoked sausage, sliced into coins","Smoked sausage","","","",""
"137","Sheet Pan Smoked Sausage, Peppers and Onions","2 bell peppers (any color), sliced","Bell pepper","","","",""
"137","Sheet Pan Smoked Sausage, Peppers and Onions","1 medium red onion, sliced","Red onion","","","",""
"137","Sheet Pan Smoked Sausage, Peppers and Onions","1 tbsp olive oil","Olive oil","staple","","",""
"137","Sheet Pan Smoked Sausage, Peppers and Onions","1 tsp Italian seasoning","Italian seasoning","staple","","",""
"138","Easy Egg and Veggie Fried Rice","2 cups pre-cooked chilled brown rice","Cooked rice","","","",""
"138","Easy Egg and Veggie Fried Rice","1 cup frozen peas and carrots","Carrots","","","",""
"138","Easy Egg and Veggie Fried Rice","2 large eggs, lightly beaten","Eggs","","","",""
"138","Easy Egg and Veggie Fried Rice","2 green onions, chopped","Green onions","","","",""
"138","Easy Egg and Veggie Fried Rice","2 tbsp low-sodium soy sauce and 1 tsp sesame oil","Soy sauce + Sesame oil","staple staple","","",""
"139","Honey Mustard Glazed Pork Chops","2 thin-cut boneless pork chops","Pork chops","","","",""
"139","Honey Mustard Glazed Pork Chops","2 tbsp Dijon mustard and 1 tbsp honey","Dijon mustard + Honey","staple staple","","",""
"139","Honey Mustard Glazed Pork Chops","½ tsp garlic powder","Garlic powder","staple","","",""
"139","Honey Mustard Glazed Pork Chops","1 tbsp olive oil","Olive oil","staple","","",""
"139","Honey Mustard Glazed Pork Chops","2 cups fresh green beans","Green beans","","","",""
"140","Tuscan White Bean and Spinach Soup","2 cans (15 oz each) white cannellini beans, rinsed and drained","White beans","","","",""
"140","Tuscan White Bean and Spinach Soup","1 can (14.5 oz) diced tomatoes","Canned tomatoes","","","",""
"140","Tuscan White Bean and Spinach Soup","3 cups vegetable broth","Vegetable broth","","","",""
"140","Tuscan White Bean and Spinach Soup","2 cloves garlic, minced","Garlic","staple","","",""
"140","Tuscan White Bean and Spinach Soup","2 cups fresh baby spinach","Spinach","","","",""
"140","Tuscan White Bean and Spinach Soup","1 tbsp olive oil and grated parmesan cheese","Olive oil + Parmesan / pecorino","staple","","",""
"141","Turkey Marinara over Zucchini Noodles","1 lb lean ground turkey","Ground turkey","","","",""
"141","Turkey Marinara over Zucchini Noodles","1½ cups jarred marinara sauce","Marinara / pizza sauce","","","",""
"141","Turkey Marinara over Zucchini Noodles","2 medium zucchini, spiralized","Zucchini","","","",""
"141","Turkey Marinara over Zucchini Noodles","1 tbsp olive oil","Olive oil","staple","","",""
"141","Turkey Marinara over Zucchini Noodles","2 tbsp grated parmesan","Parmesan / pecorino","","","",""
"142","Quick Sheet Pan Chicken Fajitas","1 lb chicken breast, sliced into strips","Chicken breast","","","",""
"142","Quick Sheet Pan Chicken Fajitas","2 bell peppers (red and green), sliced into strips","Bell pepper","","","",""
"142","Quick Sheet Pan Chicken Fajitas","1 yellow onion, sliced","Onion","","","",""
"142","Quick Sheet Pan Chicken Fajitas","1 tbsp fajita seasoning","Taco / fajita seasoning","","","",""
"142","Quick Sheet Pan Chicken Fajitas","1½ tbsp olive oil","Olive oil","staple","","",""
"142","Quick Sheet Pan Chicken Fajitas","Small corn or flour tortillas","Corn tortillas OR Flour tortillas / wraps","","","",""
"143","15-Minute Tomato Spinach Tortellini","9 oz package refrigerated cheese tortellini","Fresh tortellini / ravioli","","","",""
"143","15-Minute Tomato Spinach Tortellini","1 cup marinara sauce","Marinara / pizza sauce","","","",""
"143","15-Minute Tomato Spinach Tortellini","2 tbsp heavy cream or plain Greek yogurt","Heavy cream OR Greek yogurt","","","",""
"143","15-Minute Tomato Spinach Tortellini","1½ cups fresh baby spinach","Spinach","","","",""
"143","15-Minute Tomato Spinach Tortellini","2 tbsp grated parmesan","Parmesan / pecorino","","","",""
"144","Baked Pesto White Fish with Cherry Tomatoes","2 white fish fillets (cod, tilapia, or haddock)","White fish (cod / tilapia)","","","",""
"144","Baked Pesto White Fish with Cherry Tomatoes","2 tbsp store-bought basil pesto","Basil","","","",""
"144","Baked Pesto White Fish with Cherry Tomatoes","1 cup cherry tomatoes, halved","Cherry tomatoes","","","",""
"144","Baked Pesto White Fish with Cherry Tomatoes","1 tbsp lemon juice","Lemons","","","",""
"145","Spaghetti Bolognese","1 lb ground beef","Ground beef","","","",""
"145","Spaghetti Bolognese","1 onion, diced","Onion","","","",""
"145","Spaghetti Bolognese","1 carrot, diced","Carrots","","","",""
"145","Spaghetti Bolognese","1 celery stalk, diced","Celery","","","",""
"145","Spaghetti Bolognese","4 cloves garlic, minced","Garlic","staple","","",""
"145","Spaghetti Bolognese","1 (28 oz) can crushed tomatoes","Canned tomatoes","","","",""
"145","Spaghetti Bolognese","2 tbsp tomato paste","Tomato paste","","","",""
"145","Spaghetti Bolognese","1/2 cup dry red wine","Red wine","","","",""
"145","Spaghetti Bolognese","1 cup beef broth","Beef broth","","","",""
"145","Spaghetti Bolognese","1 lb spaghetti","Dry pasta","","","",""
"145","Spaghetti Bolognese","2 tbsp olive oil","Olive oil","staple","","",""
"146","Classic Lasagna","1 lb ground beef","Ground beef","","","",""
"146","Classic Lasagna","1 onion, diced","Onion","","","",""
"146","Classic Lasagna","3 cloves garlic, minced","Garlic","staple","","",""
"146","Classic Lasagna","1 (28 oz) can crushed tomatoes","Canned tomatoes","","","",""
"146","Classic Lasagna","2 tbsp tomato paste","Tomato paste","","","",""
"146","Classic Lasagna","12 lasagna noodles","Dry pasta","","","",""
"146","Classic Lasagna","15 oz ricotta cheese","Ricotta","","","",""
"146","Classic Lasagna","1 egg","Eggs","","","",""
"146","Classic Lasagna","3 cups shredded mozzarella cheese","Mozzarella","","","",""
"146","Classic Lasagna","1/2 cup grated parmesan cheese","Parmesan / pecorino","","","",""
"146","Classic Lasagna","2 tbsp chopped fresh basil","Basil","","","",""
"147","Fettuccine Alfredo","1 lb fettuccine","Dry pasta","","","",""
"147","Fettuccine Alfredo","4 tbsp butter","Butter","staple","","",""
"147","Fettuccine Alfredo","2 cups heavy cream","Heavy cream","","","",""
"147","Fettuccine Alfredo","1 1/2 cups grated parmesan cheese","Parmesan / pecorino","","","",""
"147","Fettuccine Alfredo","2 cloves garlic, minced","Garlic","staple","","",""
"147","Fettuccine Alfredo","2 tbsp chopped fresh parsley (optional)","Parsley","","optional","",""
"148","Spaghetti Carbonara","1 lb spaghetti","Dry pasta","","","",""
"148","Spaghetti Carbonara","6 oz pancetta, diced","Pancetta / prosciutto","","","",""
"148","Spaghetti Carbonara","3 large eggs","Eggs","","","",""
"148","Spaghetti Carbonara","1 cup grated pecorino romano cheese","Parmesan / pecorino","","","",""
"148","Spaghetti Carbonara","2 cloves garlic, minced","Garlic","staple","","",""
"148","Spaghetti Carbonara","1 tsp black pepper","Black pepper","staple","","",""
"149","Penne alla Vodka","1 lb penne","Dry pasta","","","",""
"149","Penne alla Vodka","2 tbsp butter","Butter","staple","","",""
"149","Penne alla Vodka","1 onion, diced","Onion","","","",""
"149","Penne alla Vodka","3 cloves garlic, minced","Garlic","staple","","",""
"149","Penne alla Vodka","1/3 cup vodka","Sake beer / vodka","","","",""
"149","Penne alla Vodka","1 (28 oz) can crushed tomatoes","Canned tomatoes","","","",""
"149","Penne alla Vodka","3/4 cup heavy cream","Heavy cream","","","",""
"149","Penne alla Vodka","1/2 cup grated parmesan cheese","Parmesan / pecorino","","","",""
"149","Penne alla Vodka","2 tbsp chopped fresh basil","Basil","","","",""
"150","Chicken Parmesan","2 large boneless chicken breasts, halved and pounded thin","Chicken breast","","","",""
"150","Chicken Parmesan","1 cup breadcrumbs","Breadcrumbs","","","",""
"150","Chicken Parmesan","1/2 cup grated parmesan cheese","Parmesan / pecorino","","","",""
"150","Chicken Parmesan","2 eggs, beaten","Eggs","","","",""
"150","Chicken Parmesan","1/2 cup flour","All-purpose flour","staple","","",""
"150","Chicken Parmesan","2 cups marinara sauce","Marinara / pizza sauce","","","",""
"150","Chicken Parmesan","1 1/2 cups shredded mozzarella cheese","Mozzarella","","","",""
"150","Chicken Parmesan","1/2 lb spaghetti (optional, for serving)","Dry pasta","","optional","",""
"151","Eggplant Parmesan","2 medium eggplants, sliced into 1/2-inch rounds","Eggplant","","","",""
"151","Eggplant Parmesan","1 cup breadcrumbs","Breadcrumbs","","","",""
"151","Eggplant Parmesan","1/2 cup grated parmesan cheese","Parmesan / pecorino","","","",""
"151","Eggplant Parmesan","2 eggs, beaten","Eggs","","","",""
"151","Eggplant Parmesan","1/2 cup flour","All-purpose flour","staple","","",""
"151","Eggplant Parmesan","2 cups marinara sauce","Marinara / pizza sauce","","","",""
"151","Eggplant Parmesan","2 cups shredded mozzarella cheese","Mozzarella","","","",""
"151","Eggplant Parmesan","2 tbsp chopped fresh basil","Basil","","","",""
"152","Margherita Pizza","1 lb pizza dough","Pizza dough","","","",""
"152","Margherita Pizza","1/2 cup crushed tomatoes","Canned tomatoes","","","",""
"152","Margherita Pizza","8 oz fresh mozzarella, torn","Mozzarella","","","",""
"152","Margherita Pizza","2 tbsp olive oil","Olive oil","staple","","",""
"152","Margherita Pizza","1/4 cup fresh basil leaves","Basil","","","",""
"152","Margherita Pizza","1 clove garlic, minced","Garlic","staple","","",""
"153","Pepperoni Pizza","1 lb pizza dough","Pizza dough","","","",""
"153","Pepperoni Pizza","1/2 cup pizza sauce","Marinara / pizza sauce","","","",""
"153","Pepperoni Pizza","2 cups shredded mozzarella cheese","Mozzarella","","","",""
"153","Pepperoni Pizza","4 oz sliced pepperoni","Pepperoni","","","",""
"153","Pepperoni Pizza","1 tbsp olive oil","Olive oil","staple","","",""
"153","Pepperoni Pizza","1 tsp dried oregano","Dried oregano","staple","","",""
"154","Mushroom Risotto","1 1/2 cups arborio rice","White rice","","","",""
"154","Mushroom Risotto","1 lb mixed mushrooms, sliced","Mushrooms","","","",""
"154","Mushroom Risotto","1 onion, diced","Onion","","","",""
"154","Mushroom Risotto","3 cloves garlic, minced","Garlic","staple","","",""
"154","Mushroom Risotto","1/2 cup dry white wine","White wine","","","",""
"154","Mushroom Risotto","5 cups vegetable broth, warmed","Vegetable broth","","","",""
"154","Mushroom Risotto","3 tbsp butter","Butter","staple","","",""
"154","Mushroom Risotto","3/4 cup grated parmesan cheese","Parmesan / pecorino","","","",""
"154","Mushroom Risotto","2 tbsp chopped fresh parsley","Parsley","","","",""
"155","Chicken Piccata","2 large boneless chicken breasts, halved and pounded thin","Chicken breast","","","",""
"155","Chicken Piccata","1/3 cup flour","All-purpose flour","staple","","",""
"155","Chicken Piccata","4 tbsp butter","Butter","staple","","",""
"155","Chicken Piccata","1/2 cup chicken broth","Chicken broth","","","",""
"155","Chicken Piccata","1/4 cup fresh lemon juice","Lemons","","","",""
"155","Chicken Piccata","3 tbsp capers, drained","Capers","","","",""
"155","Chicken Piccata","2 tbsp chopped fresh parsley","Parsley","","","",""
"156","Chicken Marsala","2 large boneless chicken breasts, halved and pounded thin","Chicken breast","","","",""
"156","Chicken Marsala","1/3 cup flour","All-purpose flour","staple","","",""
"156","Chicken Marsala","8 oz mushrooms, sliced","Mushrooms","","","",""
"156","Chicken Marsala","1 shallot, minced","Shallots","","","",""
"156","Chicken Marsala","3/4 cup marsala wine","White wine","","","",""
"156","Chicken Marsala","3/4 cup chicken broth","Chicken broth","","","",""
"156","Chicken Marsala","4 tbsp butter","Butter","staple","","",""
"156","Chicken Marsala","2 tbsp chopped fresh parsley","Parsley","","","",""
"157","Baked Ziti","1 lb ziti pasta","Dry pasta","","","",""
"157","Baked Ziti","1 lb ground beef","Ground beef","","","",""
"157","Baked Ziti","1 onion, diced","Onion","","","",""
"157","Baked Ziti","3 cloves garlic, minced","Garlic","staple","","",""
"157","Baked Ziti","3 cups marinara sauce","Marinara / pizza sauce","","","",""
"157","Baked Ziti","15 oz ricotta cheese","Ricotta","","","",""
"157","Baked Ziti","1 egg","Eggs","","","",""
"157","Baked Ziti","2 cups shredded mozzarella cheese","Mozzarella","","","",""
"157","Baked Ziti","1/2 cup grated parmesan cheese","Parmesan / pecorino","","","",""
"157","Baked Ziti","2 tbsp chopped fresh basil","Basil","","","",""
"158","Cacio e Pepe","1 lb spaghetti","Dry pasta","","","",""
"158","Cacio e Pepe","4 tbsp butter","Butter","staple","","",""
"158","Cacio e Pepe","1 1/2 cups grated pecorino romano cheese","Parmesan / pecorino","","","",""
"158","Cacio e Pepe","2 tsp coarsely ground black pepper","Black pepper","staple","","",""
"159","Pasta Puttanesca","1 lb spaghetti","Dry pasta","","","",""
"159","Pasta Puttanesca","4 anchovy fillets, minced","Anchovies","","","",""
"159","Pasta Puttanesca","4 cloves garlic, minced","Garlic","staple","","",""
"159","Pasta Puttanesca","1 (28 oz) can crushed tomatoes","Canned tomatoes","","","",""
"159","Pasta Puttanesca","1/2 cup pitted black olives, halved","Olives","","","",""
"159","Pasta Puttanesca","2 tbsp capers, drained","Capers","","","",""
"159","Pasta Puttanesca","1/2 tsp red pepper flakes","Red pepper flakes","staple","","",""
"159","Pasta Puttanesca","2 tbsp chopped fresh parsley","Parsley","","","",""
"160","Shrimp Scampi","1 lb linguine","Dry pasta","","","",""
"160","Shrimp Scampi","1 1/2 lbs large shrimp, peeled and deveined","Shrimp","","","",""
"160","Shrimp Scampi","5 cloves garlic, minced","Garlic","staple","","",""
"160","Shrimp Scampi","1/2 cup dry white wine","White wine","","","",""
"160","Shrimp Scampi","1/4 cup fresh lemon juice","Lemons","","","",""
"160","Shrimp Scampi","4 tbsp butter","Butter","staple","","",""
"160","Shrimp Scampi","1/4 tsp red pepper flakes","Red pepper flakes","staple","","",""
"160","Shrimp Scampi","2 tbsp chopped fresh parsley","Parsley","","","",""
"161","Linguine with Clams","1 lb linguine","Dry pasta","","","",""
"161","Linguine with Clams","3 lbs small clams, scrubbed","Clams","","","",""
"161","Linguine with Clams","5 cloves garlic, minced","Garlic","staple","","",""
"161","Linguine with Clams","3/4 cup dry white wine","White wine","","","",""
"161","Linguine with Clams","1/4 cup olive oil","Olive oil","staple","","",""
"161","Linguine with Clams","1/4 tsp red pepper flakes","Red pepper flakes","staple","","",""
"161","Linguine with Clams","2 tbsp chopped fresh parsley","Parsley","","","",""
"161","Linguine with Clams","1 lemon, cut into wedges","Lemons","","","",""
"162","Beef Ragu with Pappardelle","2 lbs beef chuck roast, cut into large chunks","Beef roast / stew meat","","","",""
"162","Beef Ragu with Pappardelle","1 onion, diced","Onion","","","",""
"162","Beef Ragu with Pappardelle","1 carrot, diced","Carrots","","","",""
"162","Beef Ragu with Pappardelle","1 celery stalk, diced","Celery","","","",""
"162","Beef Ragu with Pappardelle","4 cloves garlic, minced","Garlic","staple","","",""
"162","Beef Ragu with Pappardelle","1 cup dry red wine","Red wine","","","",""
"162","Beef Ragu with Pappardelle","1 (28 oz) can crushed tomatoes","Canned tomatoes","","","",""
"162","Beef Ragu with Pappardelle","1 1/2 cups beef broth","Beef broth","","","",""
"162","Beef Ragu with Pappardelle","1 lb pappardelle","Dry pasta","","","",""
"162","Beef Ragu with Pappardelle","2 tbsp chopped fresh parsley","Parsley","","","",""
"163","Stuffed Shells with Ricotta and Spinach","20 jumbo pasta shells","Dry pasta","","","",""
"163","Stuffed Shells with Ricotta and Spinach","15 oz ricotta cheese","Ricotta","","","",""
"163","Stuffed Shells with Ricotta and Spinach","10 oz frozen chopped spinach, thawed and drained","Spinach","","","",""
"163","Stuffed Shells with Ricotta and Spinach","1 egg","Eggs","","","",""
"163","Stuffed Shells with Ricotta and Spinach","2 cups shredded mozzarella cheese","Mozzarella","","","",""
"163","Stuffed Shells with Ricotta and Spinach","1/2 cup grated parmesan cheese","Parmesan / pecorino","","","",""
"163","Stuffed Shells with Ricotta and Spinach","3 cups marinara sauce","Marinara / pizza sauce","","","",""
"163","Stuffed Shells with Ricotta and Spinach","2 cloves garlic, minced","Garlic","staple","","",""
"164","Gnocchi with Tomato Basil Sauce","1 lb potato gnocchi","Potato gnocchi","","","",""
"164","Gnocchi with Tomato Basil Sauce","1 (28 oz) can crushed tomatoes","Canned tomatoes","","","",""
"164","Gnocchi with Tomato Basil Sauce","1 onion, diced","Onion","","","",""
"164","Gnocchi with Tomato Basil Sauce","3 cloves garlic, minced","Garlic","staple","","",""
"164","Gnocchi with Tomato Basil Sauce","1/4 cup chopped fresh basil","Basil","","","",""
"164","Gnocchi with Tomato Basil Sauce","1 tsp sugar","Sugar","staple","","",""
"164","Gnocchi with Tomato Basil Sauce","grated parmesan cheese, for serving (optional)","Parmesan / pecorino","","optional","",""
"165","Osso Buco","4 veal shanks, about 1 1/2 inches thick","Veal","","","",""
"165","Osso Buco","1/3 cup flour","All-purpose flour","staple","","",""
"165","Osso Buco","1 onion, diced","Onion","","","",""
"165","Osso Buco","1 carrot, diced","Carrots","","","",""
"165","Osso Buco","1 celery stalk, diced","Celery","","","",""
"165","Osso Buco","1 cup dry white wine","White wine","","","",""
"165","Osso Buco","1 1/2 cups beef broth","Beef broth","","","",""
"165","Osso Buco","1 (14 oz) can diced tomatoes","Canned tomatoes","","","",""
"165","Osso Buco","1 tbsp lemon zest","Lemons","","","",""
"165","Osso Buco","2 tbsp chopped fresh parsley","Parsley","","","",""
"166","Chicken Cacciatore","4 bone-in chicken thighs","Chicken thighs","","","",""
"166","Chicken Cacciatore","1 onion, sliced","Onion","","","",""
"166","Chicken Cacciatore","2 bell peppers, sliced","Bell pepper","","","",""
"166","Chicken Cacciatore","8 oz mushrooms, sliced","Mushrooms","","","",""
"166","Chicken Cacciatore","4 cloves garlic, minced","Garlic","staple","","",""
"166","Chicken Cacciatore","1/2 cup dry white wine","White wine","","","",""
"166","Chicken Cacciatore","1 (28 oz) can crushed tomatoes","Canned tomatoes","","","",""
"166","Chicken Cacciatore","1/3 cup pitted green olives","Olives","","","",""
"166","Chicken Cacciatore","2 tbsp chopped fresh parsley","Parsley","","","",""
"167","Pasta Primavera","1 lb penne","Dry pasta","","","",""
"167","Pasta Primavera","1 zucchini, sliced","Zucchini","","","",""
"167","Pasta Primavera","1 bell pepper, sliced","Bell pepper","","","",""
"167","Pasta Primavera","1 carrot, julienned","Carrots","","","",""
"167","Pasta Primavera","1 cup cherry tomatoes, halved","Cherry tomatoes","","","",""
"167","Pasta Primavera","1 cup frozen peas","Peas","","","",""
"167","Pasta Primavera","3 cloves garlic, minced","Garlic","staple","","",""
"167","Pasta Primavera","1/4 cup vegetable broth","Vegetable broth","","","",""
"167","Pasta Primavera","2 tbsp chopped fresh basil","Basil","","","",""
"167","Pasta Primavera","grated parmesan cheese, for serving (optional)","Parmesan / pecorino","","optional","",""
"168","Greek Moussaka","2 medium eggplants, sliced into 1/2-inch rounds","Eggplant","","","",""
"168","Greek Moussaka","1 lb ground lamb","Ground lamb","","","",""
"168","Greek Moussaka","1 onion, diced","Onion","","","",""
"168","Greek Moussaka","3 cloves garlic, minced","Garlic","staple","","",""
"168","Greek Moussaka","1 (14 oz) can diced tomatoes","Canned tomatoes","","","",""
"168","Greek Moussaka","2 tbsp tomato paste","Tomato paste","","","",""
"168","Greek Moussaka","1 tsp cinnamon","Cinnamon","staple","","",""
"168","Greek Moussaka","3 tbsp butter","Butter","staple","","",""
"168","Greek Moussaka","3 tbsp flour","All-purpose flour","staple","","",""
"168","Greek Moussaka","2 cups milk","Milk","","","",""
"168","Greek Moussaka","1/2 cup grated parmesan cheese","Parmesan / pecorino","","","",""
"168","Greek Moussaka","1 egg","Eggs","","","",""
"169","Chicken Souvlaki with Lemon Potatoes","1 1/2 lbs boneless chicken breast, cubed","Chicken breast","","","",""
"169","Chicken Souvlaki with Lemon Potatoes","1/4 cup fresh lemon juice","Lemons","","","",""
"169","Chicken Souvlaki with Lemon Potatoes","3 tbsp olive oil","Olive oil","staple","","",""
"169","Chicken Souvlaki with Lemon Potatoes","3 cloves garlic, minced","Garlic","staple","","",""
"169","Chicken Souvlaki with Lemon Potatoes","1 tsp dried oregano","Dried oregano","staple","","",""
"169","Chicken Souvlaki with Lemon Potatoes","4 medium potatoes, cut into wedges","Potatoes","","","",""
"169","Chicken Souvlaki with Lemon Potatoes","1 cup plain yogurt","Yogurt","","","",""
"169","Chicken Souvlaki with Lemon Potatoes","1/2 cucumber, grated and squeezed dry","Cucumber","","","",""
"169","Chicken Souvlaki with Lemon Potatoes","1 tbsp chopped fresh dill","Dill","","","",""
"170","Lamb Gyro Platter","1 lb ground lamb","Ground lamb","","","",""
"170","Lamb Gyro Platter","1 small onion, grated and squeezed dry","Onion","","","",""
"170","Lamb Gyro Platter","3 cloves garlic, minced","Garlic","staple","","",""
"170","Lamb Gyro Platter","1 tsp dried oregano","Dried oregano","staple","","",""
"170","Lamb Gyro Platter","1 tsp ground cumin","Cumin","staple","","",""
"170","Lamb Gyro Platter","4 pita breads","Pita / flatbread","","","",""
"170","Lamb Gyro Platter","1 cup plain yogurt","Yogurt","","","",""
"170","Lamb Gyro Platter","1/2 cucumber, grated and squeezed dry","Cucumber","","","",""
"170","Lamb Gyro Platter","1 tomato, sliced","Tomatoes","","","",""
"170","Lamb Gyro Platter","1/2 red onion, thinly sliced","Red onion","","","",""
"171","Spanakopita","1 lb frozen chopped spinach, thawed and drained","Spinach","","","",""
"171","Spanakopita","8 oz feta cheese, crumbled","Feta","","","",""
"171","Spanakopita","1 onion, diced","Onion","","","",""
"171","Spanakopita","3 green onions, chopped","Green onions","","","",""
"171","Spanakopita","2 eggs, beaten","Eggs","","","",""
"171","Spanakopita","2 tbsp chopped fresh dill","Dill","","","",""
"171","Spanakopita","1/2 cup melted butter","Butter","staple","","",""
"171","Spanakopita","12 sheets phyllo dough","Pie crust / phyllo","","","",""
"172","Paella Valenciana","1 1/2 lbs bone-in chicken thighs, cut into pieces","Chicken thighs","","","",""
"172","Paella Valenciana","1/2 lb large shrimp, peeled and deveined","Shrimp","","","",""
"172","Paella Valenciana","1/2 lb mussels, scrubbed","Mussels","","","",""
"172","Paella Valenciana","1 1/2 cups short-grain rice","White rice","","","",""
"172","Paella Valenciana","1 onion, diced","Onion","","","",""
"172","Paella Valenciana","1 red bell pepper, sliced","Bell pepper","","","",""
"172","Paella Valenciana","3 cloves garlic, minced","Garlic","staple","","",""
"172","Paella Valenciana","1 (14 oz) can diced tomatoes","Canned tomatoes","","","",""
"172","Paella Valenciana","1/2 tsp saffron threads","Saffron","","","",""
"172","Paella Valenciana","4 cups chicken broth","Chicken broth","","","",""
"172","Paella Valenciana","1/2 cup green beans, trimmed","Green beans","","","",""
"172","Paella Valenciana","lemon wedges, for serving","Lemons","","","",""
"173","Moroccan Chicken Tagine with Olives","4 bone-in chicken thighs","Chicken thighs","","","",""
"173","Moroccan Chicken Tagine with Olives","1 onion, sliced","Onion","","","",""
"173","Moroccan Chicken Tagine with Olives","3 cloves garlic, minced","Garlic","staple","","",""
"173","Moroccan Chicken Tagine with Olives","1 tsp ground cumin","Cumin","staple","","",""
"173","Moroccan Chicken Tagine with Olives","1 tsp ground ginger","Ground ginger","","","",""
"173","Moroccan Chicken Tagine with Olives","1/2 tsp cinnamon","Cinnamon","staple","","",""
"173","Moroccan Chicken Tagine with Olives","1/4 tsp saffron threads","Saffron","","","",""
"173","Moroccan Chicken Tagine with Olives","1 1/2 cups chicken broth","Chicken broth","","","",""
"173","Moroccan Chicken Tagine with Olives","1 lemon, quartered","Lemons","","","",""
"173","Moroccan Chicken Tagine with Olives","1 cup green olives","Olives","","","",""
"173","Moroccan Chicken Tagine with Olives","2 tbsp chopped fresh cilantro","Cilantro","","","",""
"174","Mediterranean Stuffed Bell Peppers","4 large bell peppers, tops cut off and seeded","Bell pepper","","","",""
"174","Mediterranean Stuffed Bell Peppers","1 1/2 cups cooked rice","Cooked rice","","","",""
"174","Mediterranean Stuffed Bell Peppers","1 (15 oz) can chickpeas, drained and rinsed","Chickpeas","","","",""
"174","Mediterranean Stuffed Bell Peppers","1 (14 oz) can diced tomatoes, drained","Canned tomatoes","","","",""
"174","Mediterranean Stuffed Bell Peppers","1/2 onion, diced","Onion","","","",""
"174","Mediterranean Stuffed Bell Peppers","3 cloves garlic, minced","Garlic","staple","","",""
"174","Mediterranean Stuffed Bell Peppers","1/4 cup chopped fresh parsley","Parsley","","","",""
"174","Mediterranean Stuffed Bell Peppers","2 tbsp chopped fresh mint","Mint","","","",""
"174","Mediterranean Stuffed Bell Peppers","2 tbsp lemon juice","Lemons","","","",""
"174","Mediterranean Stuffed Bell Peppers","1 tsp ground cumin","Cumin","staple","","",""
"175","Lemon Herb Roast Chicken with Potatoes","1 whole chicken, about 4 lbs","Chicken (whole / pieces)","","","",""
"175","Lemon Herb Roast Chicken with Potatoes","2 lemons, one sliced and one juiced","Lemons","","","",""
"175","Lemon Herb Roast Chicken with Potatoes","4 cloves garlic, smashed","Garlic","staple","","",""
"175","Lemon Herb Roast Chicken with Potatoes","2 tbsp chopped fresh rosemary","Rosemary","","","",""
"175","Lemon Herb Roast Chicken with Potatoes","2 tbsp chopped fresh thyme","Fresh thyme","","","",""
"175","Lemon Herb Roast Chicken with Potatoes","1/4 cup olive oil","Olive oil","staple","","",""
"175","Lemon Herb Roast Chicken with Potatoes","1 1/2 lbs baby potatoes, halved","Potatoes","","","",""
"176","Falafel Platter with Tahini and Salad","2 (15 oz) cans chickpeas, drained and rinsed","Chickpeas","","","",""
"176","Falafel Platter with Tahini and Salad","1/2 onion, diced","Onion","","","",""
"176","Falafel Platter with Tahini and Salad","3 cloves garlic, minced","Garlic","staple","","",""
"176","Falafel Platter with Tahini and Salad","1/2 cup chopped fresh parsley","Parsley","","","",""
"176","Falafel Platter with Tahini and Salad","1/4 cup chopped fresh cilantro","Cilantro","","","",""
"176","Falafel Platter with Tahini and Salad","1 tsp ground cumin","Cumin","staple","","",""
"176","Falafel Platter with Tahini and Salad","1 tsp ground coriander","Ground coriander","","","",""
"176","Falafel Platter with Tahini and Salad","1/4 cup flour","All-purpose flour","staple","","",""
"176","Falafel Platter with Tahini and Salad","1/4 cup tahini","Tahini","","","",""
"176","Falafel Platter with Tahini and Salad","2 tbsp lemon juice","Lemons","","","",""
"176","Falafel Platter with Tahini and Salad","4 cups mixed salad greens","Lettuce","","","",""
"176","Falafel Platter with Tahini and Salad","1 tomato, diced","Tomatoes","","","",""
"176","Falafel Platter with Tahini and Salad","1/2 cucumber, diced","Cucumber","","","",""
"177","Beef Tacos with Pico de Gallo","1 lb ground beef","Ground beef","","","",""
"177","Beef Tacos with Pico de Gallo","8 small corn tortillas","Corn tortillas","","","",""
"177","Beef Tacos with Pico de Gallo","1 tbsp chili powder","Chili powder","staple","","",""
"177","Beef Tacos with Pico de Gallo","1 tsp cumin","Cumin","staple","","",""
"177","Beef Tacos with Pico de Gallo","1/2 tsp oregano","Dried oregano","staple","","",""
"177","Beef Tacos with Pico de Gallo","2 tomatoes, diced","Tomatoes","","","",""
"177","Beef Tacos with Pico de Gallo","1/2 white onion, diced","Onion","","","",""
"177","Beef Tacos with Pico de Gallo","1 jalapeno, minced","Fresh chili peppers","","","",""
"177","Beef Tacos with Pico de Gallo","1/4 cup cilantro, chopped","Cilantro","","","",""
"177","Beef Tacos with Pico de Gallo","1 lime, juiced","Limes","","","",""
"177","Beef Tacos with Pico de Gallo","1/2 cup shredded lettuce","Lettuce","","","",""
"177","Beef Tacos with Pico de Gallo","1/2 cup shredded cheese (optional)","Cheese (shredded / mixed)","","optional","",""
"178","Chicken Enchiladas Verdes","2 cups cooked, shredded chicken","Cooked chicken","","","",""
"178","Chicken Enchiladas Verdes","8 corn tortillas","Corn tortillas","","","",""
"178","Chicken Enchiladas Verdes","2 cups green enchilada sauce (salsa verde)","Enchilada sauce","","","",""
"178","Chicken Enchiladas Verdes","1 cup shredded Monterey Jack cheese","Monterey Jack","","","",""
"178","Chicken Enchiladas Verdes","1/2 white onion, diced","Onion","","","",""
"178","Chicken Enchiladas Verdes","1/2 cup sour cream (optional)","Sour cream","","optional","",""
"178","Chicken Enchiladas Verdes","1/4 cup chopped cilantro","Cilantro","","","",""
"178","Chicken Enchiladas Verdes","1 tbsp vegetable oil","Vegetable oil","staple","","",""
"179","Beef Enchiladas Rojas","1 lb ground beef","Ground beef","","","",""
"179","Beef Enchiladas Rojas","8 corn tortillas","Corn tortillas","","","",""
"179","Beef Enchiladas Rojas","2 cups red enchilada sauce","Enchilada sauce","","","",""
"179","Beef Enchiladas Rojas","1 1/2 cups shredded cheddar cheese","Cheddar","","","",""
"179","Beef Enchiladas Rojas","1/2 onion, diced","Onion","","","",""
"179","Beef Enchiladas Rojas","1 tbsp vegetable oil","Vegetable oil","staple","","",""
"179","Beef Enchiladas Rojas","1/4 cup chopped cilantro","Cilantro","","","",""
"179","Beef Enchiladas Rojas","1/2 tsp cumin","Cumin","staple","","",""
"180","Carne Asada with Charred Salsa","1.5 lb skirt or flank steak","Beef steak","","","",""
"180","Carne Asada with Charred Salsa","3 limes, juiced","Limes","","","",""
"180","Carne Asada with Charred Salsa","1/4 cup orange juice","Oranges","","","",""
"180","Carne Asada with Charred Salsa","3 cloves garlic, minced","Garlic","staple","","",""
"180","Carne Asada with Charred Salsa","1 tsp cumin","Cumin","staple","","",""
"180","Carne Asada with Charred Salsa","4 Roma tomatoes","Tomatoes","","","",""
"180","Carne Asada with Charred Salsa","2 jalapenos","Fresh chili peppers","","","",""
"180","Carne Asada with Charred Salsa","1/2 white onion, quartered","Onion","","","",""
"180","Carne Asada with Charred Salsa","1/4 cup chopped cilantro","Cilantro","","","",""
"180","Carne Asada with Charred Salsa","8 corn tortillas","Corn tortillas","","","",""
"181","Baja Fish Tacos","1 lb white fish fillets (cod or tilapia), cut into strips","White fish (cod / tilapia)","","","",""
"181","Baja Fish Tacos","1 cup flour","All-purpose flour","staple","","",""
"181","Baja Fish Tacos","1 tsp baking powder","Baking powder","staple","","",""
"181","Baja Fish Tacos","3/4 cup beer or sparkling water","Sake beer / vodka OR Water","staple","","",""
"181","Baja Fish Tacos","Vegetable oil, for frying","Vegetable oil","staple","","",""
"181","Baja Fish Tacos","2 cups shredded cabbage","Cabbage","","","",""
"181","Baja Fish Tacos","1/2 cup mayonnaise","Mayonnaise","","","",""
"181","Baja Fish Tacos","1 tbsp chipotle sauce","Chipotle in adobo","","","",""
"181","Baja Fish Tacos","1 lime, juiced","Limes","","","",""
"181","Baja Fish Tacos","8 small corn tortillas","Corn tortillas","","","",""
"182","Shrimp Tacos with Chipotle Crema","1 lb shrimp, peeled and deveined","Shrimp","","","",""
"182","Shrimp Tacos with Chipotle Crema","1 tbsp olive oil","Olive oil","staple","","",""
"182","Shrimp Tacos with Chipotle Crema","1 tsp chili powder","Chili powder","staple","","",""
"182","Shrimp Tacos with Chipotle Crema","1/2 tsp cumin","Cumin","staple","","",""
"182","Shrimp Tacos with Chipotle Crema","1/2 cup sour cream","Sour cream","","","",""
"182","Shrimp Tacos with Chipotle Crema","2 tbsp mayonnaise","Mayonnaise","","","",""
"182","Shrimp Tacos with Chipotle Crema","1 tbsp chipotle sauce (or 1 minced chipotle in adobo)","Chipotle in adobo","","","",""
"182","Shrimp Tacos with Chipotle Crema","1 lime, juiced","Limes","","","",""
"182","Shrimp Tacos with Chipotle Crema","2 cups shredded cabbage","Cabbage","","","",""
"182","Shrimp Tacos with Chipotle Crema","8 small corn tortillas","Corn tortillas","","","",""
"183","Chicken Tinga Tostadas","2 cups cooked, shredded chicken","Cooked chicken","","","",""
"183","Chicken Tinga Tostadas","2 tomatoes, chopped","Tomatoes","","","",""
"183","Chicken Tinga Tostadas","1/2 white onion, sliced","Onion","","","",""
"183","Chicken Tinga Tostadas","2 chipotle peppers in adobo, chopped","Chipotle in adobo","","","",""
"183","Chicken Tinga Tostadas","1 tbsp adobo sauce (from the can)","Chipotle in adobo","","","",""
"183","Chicken Tinga Tostadas","1 cup chicken broth","Chicken broth","","","",""
"183","Chicken Tinga Tostadas","8 tostada shells","Tortilla chips / tostadas","","","",""
"183","Chicken Tinga Tostadas","1 cup refried beans (optional)","Refried beans","","optional","",""
"183","Chicken Tinga Tostadas","1/2 avocado, sliced","Avocados","","","",""
"183","Chicken Tinga Tostadas","1/4 cup chopped cilantro","Cilantro","","","",""
"184","Carnitas Tacos","3 lb pork shoulder, cut into large chunks","Pork (shoulder / loin)","","","",""
"184","Carnitas Tacos","1 onion, quartered","Onion","","","",""
"184","Carnitas Tacos","4 cloves garlic, smashed","Garlic","staple","","",""
"184","Carnitas Tacos","1 orange, halved","Oranges","","","",""
"184","Carnitas Tacos","2 bay leaves","Bay leaves","","","",""
"184","Carnitas Tacos","1 tsp cumin","Cumin","staple","","",""
"184","Carnitas Tacos","1 tsp oregano","Dried oregano","staple","","",""
"184","Carnitas Tacos","8 corn tortillas","Corn tortillas","","","",""
"184","Carnitas Tacos","1/2 cup diced onion, for serving","Onion","","","",""
"184","Carnitas Tacos","1/4 cup chopped cilantro, for serving","Cilantro","","","",""
"184","Carnitas Tacos","2 limes, cut into wedges","Limes","","","",""
"185","Texas Chili Con Carne","2 lb beef chuck, cut into small cubes","Beef roast / stew meat","","","",""
"185","Texas Chili Con Carne","1 onion, diced","Onion","","","",""
"185","Texas Chili Con Carne","2 tbsp chili powder","Chili powder","staple","","",""
"185","Texas Chili Con Carne","1 tbsp cumin","Cumin","staple","","",""
"185","Texas Chili Con Carne","1 tbsp tomato paste","Tomato paste","","","",""
"185","Texas Chili Con Carne","2 cups beef broth","Beef broth","","","",""
"185","Texas Chili Con Carne","1 (14 oz) can diced tomatoes","Canned tomatoes","","","",""
"185","Texas Chili Con Carne","2 dried ancho chiles, stemmed and seeded","Dried chiles","","","",""
"185","Texas Chili Con Carne","1 tbsp masa harina or flour (for thickening)","Masa harina OR All-purpose flour","staple","","",""
"185","Texas Chili Con Carne","Shredded cheese, for serving (optional)","Cheese (shredded / mixed)","","optional","",""
"185","Texas Chili Con Carne","Sour cream, for serving (optional)","Sour cream","","optional","",""
"186","Vegetarian Black Bean Chili","2 tbsp olive oil","Olive oil","staple","","",""
"186","Vegetarian Black Bean Chili","1 onion, diced","Onion","","","",""
"186","Vegetarian Black Bean Chili","1 red bell pepper, diced","Bell pepper","","","",""
"186","Vegetarian Black Bean Chili","2 (15 oz) cans black beans, drained","Black beans","","","",""
"186","Vegetarian Black Bean Chili","1 (14 oz) can diced tomatoes","Canned tomatoes","","","",""
"186","Vegetarian Black Bean Chili","1 cup vegetable broth","Vegetable broth","","","",""
"186","Vegetarian Black Bean Chili","1 tbsp chili powder","Chili powder","staple","","",""
"186","Vegetarian Black Bean Chili","1 tsp cumin","Cumin","staple","","",""
"186","Vegetarian Black Bean Chili","1 tbsp tomato paste","Tomato paste","","","",""
"186","Vegetarian Black Bean Chili","1 cup corn kernels","Corn kernels","","","",""
"186","Vegetarian Black Bean Chili","Shredded cheese, for serving (optional)","Cheese (shredded / mixed)","","optional","",""
"186","Vegetarian Black Bean Chili","Chopped cilantro, for serving","Cilantro","","","",""
"187","Elote Chicken Rice Bowl","1 lb chicken breast, cut into strips","Chicken breast","","","",""
"187","Elote Chicken Rice Bowl","2 cups cooked white rice","Cooked rice","","","",""
"187","Elote Chicken Rice Bowl","2 cups corn kernels (fresh or frozen)","Corn kernels","","","",""
"187","Elote Chicken Rice Bowl","2 tbsp mayonnaise","Mayonnaise","","","",""
"187","Elote Chicken Rice Bowl","1/4 cup crumbled cotija cheese","Queso fresco / cotija","","","",""
"187","Elote Chicken Rice Bowl","1 tsp chili powder","Chili powder","staple","","",""
"187","Elote Chicken Rice Bowl","1/2 tsp cumin","Cumin","staple","","",""
"187","Elote Chicken Rice Bowl","1 lime, juiced","Limes","","","",""
"187","Elote Chicken Rice Bowl","1/4 cup chopped cilantro","Cilantro","","","",""
"188","Arroz con Pollo","4 chicken thighs, bone-in","Chicken thighs","","","",""
"188","Arroz con Pollo","1 cup long-grain rice","White rice","","","",""
"188","Arroz con Pollo","1/2 onion, diced","Onion","","","",""
"188","Arroz con Pollo","1 red bell pepper, diced","Bell pepper","","","",""
"188","Arroz con Pollo","2 cloves garlic, minced","Garlic","staple","","",""
"188","Arroz con Pollo","2 cups chicken broth","Chicken broth","","","",""
"188","Arroz con Pollo","1/2 cup tomato sauce","Canned tomatoes","","","",""
"188","Arroz con Pollo","1 tsp cumin","Cumin","staple","","",""
"188","Arroz con Pollo","1/4 cup green olives, sliced","Olives","","","",""
"188","Arroz con Pollo","1/4 cup frozen peas","Peas","","","",""
"188","Arroz con Pollo","1 tbsp olive oil","Olive oil","staple","","",""
"189","Cuban Black Beans and Rice","2 tbsp olive oil","Olive oil","staple","","",""
"189","Cuban Black Beans and Rice","1/2 onion, diced","Onion","","","",""
"189","Cuban Black Beans and Rice","1/2 green bell pepper, diced","Bell pepper","","","",""
"189","Cuban Black Beans and Rice","3 cloves garlic, minced","Garlic","staple","","",""
"189","Cuban Black Beans and Rice","2 (15 oz) cans black beans, with liquid","Black beans","","","",""
"189","Cuban Black Beans and Rice","1 tsp cumin","Cumin","staple","","",""
"189","Cuban Black Beans and Rice","1 tsp oregano","Dried oregano","staple","","",""
"189","Cuban Black Beans and Rice","1 tbsp vinegar","White vinegar","staple","","",""
"189","Cuban Black Beans and Rice","1 bay leaf","Bay leaves","","","",""
"189","Cuban Black Beans and Rice","2 cups cooked white rice","Cooked rice","","","",""
"190","Ropa Vieja","2 lb flank steak","Beef steak","","","",""
"190","Ropa Vieja","1 onion, sliced","Onion","","","",""
"190","Ropa Vieja","1 red bell pepper, sliced","Bell pepper","","","",""
"190","Ropa Vieja","1 green bell pepper, sliced","Bell pepper","","","",""
"190","Ropa Vieja","3 cloves garlic, minced","Garlic","staple","","",""
"190","Ropa Vieja","1 (14 oz) can diced tomatoes","Canned tomatoes","","","",""
"190","Ropa Vieja","2 cups beef broth","Beef broth","","","",""
"190","Ropa Vieja","1/4 cup pimento-stuffed green olives","Olives","","","",""
"190","Ropa Vieja","1 tsp cumin","Cumin","staple","","",""
"190","Ropa Vieja","1 bay leaf","Bay leaves","","","",""
"191","Picadillo","1.5 lb ground beef","Ground beef","","","",""
"191","Picadillo","1/2 onion, diced","Onion","","","",""
"191","Picadillo","1/2 green bell pepper, diced","Bell pepper","","","",""
"191","Picadillo","3 cloves garlic, minced","Garlic","staple","","",""
"191","Picadillo","1 (14 oz) can diced tomatoes","Canned tomatoes","","","",""
"191","Picadillo","1 medium potato, diced small","Potatoes","","","",""
"191","Picadillo","1/4 cup raisins","Dried fruit","","","",""
"191","Picadillo","1/4 cup green olives, sliced","Olives","","","",""
"191","Picadillo","1 tsp cumin","Cumin","staple","","",""
"191","Picadillo","1 tbsp tomato paste","Tomato paste","","","",""
"192","Pollo Asado with Lime Rice","4 chicken thighs, boneless","Chicken thighs","","","",""
"192","Pollo Asado with Lime Rice","3 limes, juiced","Limes","","","",""
"192","Pollo Asado with Lime Rice","1/4 cup orange juice","Oranges","","","",""
"192","Pollo Asado with Lime Rice","3 cloves garlic, minced","Garlic","staple","","",""
"192","Pollo Asado with Lime Rice","1 tsp cumin","Cumin","staple","","",""
"192","Pollo Asado with Lime Rice","1 tsp oregano","Dried oregano","staple","","",""
"192","Pollo Asado with Lime Rice","1 cup long-grain rice","White rice","","","",""
"192","Pollo Asado with Lime Rice","2 cups chicken broth","Chicken broth","","","",""
"192","Pollo Asado with Lime Rice","1/4 cup chopped cilantro","Cilantro","","","",""
"193","Chicken Mole Poblano","4 chicken thighs, bone-in","Chicken thighs","","","",""
"193","Chicken Mole Poblano","3 dried ancho chiles, stemmed and seeded","Dried chiles","","","",""
"193","Chicken Mole Poblano","2 dried pasilla chiles, stemmed and seeded","Dried chiles","","","",""
"193","Chicken Mole Poblano","1/2 onion, chopped","Onion","","","",""
"193","Chicken Mole Poblano","2 cloves garlic","Garlic","staple","","",""
"193","Chicken Mole Poblano","2 tbsp almonds","Almonds","","","",""
"193","Chicken Mole Poblano","1 tbsp sesame seeds, plus more for garnish","Sesame seeds","","","",""
"193","Chicken Mole Poblano","1 corn tortilla, torn","Corn tortillas","","","",""
"193","Chicken Mole Poblano","1 oz dark chocolate, chopped","Dark chocolate","","","",""
"193","Chicken Mole Poblano","2 cups chicken broth","Chicken broth","","","",""
"193","Chicken Mole Poblano","1 tomato, chopped","Tomatoes","","","",""
"194","Skillet Tamale Pie","1 lb ground beef","Ground beef","","","",""
"194","Skillet Tamale Pie","1/2 onion, diced","Onion","","","",""
"194","Skillet Tamale Pie","1 (15 oz) can black beans, drained","Black beans","","","",""
"194","Skillet Tamale Pie","1 cup corn kernels","Corn kernels","","","",""
"194","Skillet Tamale Pie","1 cup enchilada sauce","Enchilada sauce","","","",""
"194","Skillet Tamale Pie","1 cup cornmeal","Cornmeal / grits","","","",""
"194","Skillet Tamale Pie","1 cup milk","Milk","","","",""
"194","Skillet Tamale Pie","1 egg","Eggs","","","",""
"194","Skillet Tamale Pie","2 tbsp butter, melted","Butter","staple","","",""
"194","Skillet Tamale Pie","1 tsp baking powder","Baking powder","staple","","",""
"194","Skillet Tamale Pie","1 cup shredded cheddar cheese","Cheddar","","","",""
"195","Chiles Rellenos","6 poblano peppers","Fresh chili peppers","","","",""
"195","Chiles Rellenos","2 cups shredded Monterey Jack cheese","Monterey Jack","","","",""
"195","Chiles Rellenos","4 eggs, separated","Eggs","","","",""
"195","Chiles Rellenos","1/2 cup flour","All-purpose flour","staple","","",""
"195","Chiles Rellenos","Vegetable oil, for frying","Vegetable oil","staple","","",""
"195","Chiles Rellenos","2 cups tomato sauce","Canned tomatoes","","","",""
"195","Chiles Rellenos","1/2 onion, chopped","Onion","","","",""
"195","Chiles Rellenos","1 clove garlic, minced","Garlic","staple","","",""
"196","Chicken Pozole Rojo","1.5 lb chicken thighs, bone-in","Chicken thighs","","","",""
"196","Chicken Pozole Rojo","4 cups chicken broth","Chicken broth","","","",""
"196","Chicken Pozole Rojo","1 (28 oz) can hominy, drained","Hominy","","","",""
"196","Chicken Pozole Rojo","3 dried guajillo chiles, stemmed and seeded","Dried chiles","","","",""
"196","Chicken Pozole Rojo","1/2 onion, chopped","Onion","","","",""
"196","Chicken Pozole Rojo","2 cloves garlic","Garlic","staple","","",""
"196","Chicken Pozole Rojo","1 cup shredded cabbage, for serving","Cabbage","","","",""
"196","Chicken Pozole Rojo","2 radishes, thinly sliced, for serving","Radishes","","","",""
"196","Chicken Pozole Rojo","1 lime, cut into wedges, for serving","Limes","","","",""
"196","Chicken Pozole Rojo","1/4 cup chopped cilantro, for serving","Cilantro","","","",""
"197","Peruvian Lomo Saltado","1 lb sirloin steak, cut into strips","Beef steak","","","",""
"197","Peruvian Lomo Saltado","2 tomatoes, cut into wedges","Tomatoes","","","",""
"197","Peruvian Lomo Saltado","1 red onion, sliced","Red onion","","","",""
"197","Peruvian Lomo Saltado","2 tbsp soy sauce","Soy sauce","staple","","",""
"197","Peruvian Lomo Saltado","1 tbsp red wine vinegar","Red wine vinegar","staple","","",""
"197","Peruvian Lomo Saltado","2 cups frozen french fries, cooked according to package","Frozen fries","","","",""
"197","Peruvian Lomo Saltado","2 cups cooked white rice","Cooked rice","","","",""
"197","Peruvian Lomo Saltado","1/4 cup chopped cilantro","Cilantro","","","",""
"198","Chimichurri Skirt Steak","1.5 lb skirt steak","Beef steak","","","",""
"198","Chimichurri Skirt Steak","1 cup chopped parsley","Parsley","","","",""
"198","Chimichurri Skirt Steak","2 cloves garlic, minced","Garlic","staple","","",""
"198","Chimichurri Skirt Steak","2 tbsp red wine vinegar","Red wine vinegar","staple","","",""
"198","Chimichurri Skirt Steak","1/2 cup olive oil","Olive oil","staple","","",""
"198","Chimichurri Skirt Steak","1/2 tsp red pepper flakes","Red pepper flakes","staple","","",""
"198","Chimichurri Skirt Steak","1 tsp oregano","Dried oregano","staple","","",""
"199","Beef Empanadas","1 lb ground beef","Ground beef","","","",""
"199","Beef Empanadas","1/2 onion, diced","Onion","","","",""
"199","Beef Empanadas","1 (14 oz) can diced tomatoes, drained","Canned tomatoes","","","",""
"199","Beef Empanadas","1/4 cup green olives, sliced","Olives","","","",""
"199","Beef Empanadas","1 tsp cumin","Cumin","staple","","",""
"199","Beef Empanadas","2 cups flour","All-purpose flour","staple","","",""
"199","Beef Empanadas","1/2 cup butter, cold and cubed","Butter","staple","","",""
"199","Beef Empanadas","1 egg, beaten (for the dough and for egg wash)","Eggs","","","",""
"199","Beef Empanadas","1/2 cup cold water","Water","staple","","",""
"200","Cheese Pupusas with Curtido","2 cups masa harina","Masa harina","","","",""
"200","Cheese Pupusas with Curtido","1 1/2 cups warm water","Water","staple","","",""
"200","Cheese Pupusas with Curtido","1/2 tsp salt","Salt","staple","","",""
"200","Cheese Pupusas with Curtido","1 1/2 cups shredded mozzarella or quesillo cheese","Mozzarella","","","",""
"200","Cheese Pupusas with Curtido","2 cups shredded cabbage","Cabbage","","","",""
"200","Cheese Pupusas with Curtido","1 carrot, grated","Carrots","","","",""
"200","Cheese Pupusas with Curtido","1/4 cup vinegar","White vinegar","staple","","",""
"200","Cheese Pupusas with Curtido","1/2 tsp oregano","Dried oregano","staple","","",""
"200","Cheese Pupusas with Curtido","1/4 onion, thinly sliced","Onion","","","",""
"201","Camarones a la Diabla","1.5 lb shrimp, peeled and deveined","Shrimp","","","",""
"201","Camarones a la Diabla","3 dried chiles de arbol, stemmed","Dried chiles","","","",""
"201","Camarones a la Diabla","2 tomatoes, chopped","Tomatoes","","","",""
"201","Camarones a la Diabla","1/4 onion, chopped","Onion","","","",""
"201","Camarones a la Diabla","2 cloves garlic","Garlic","staple","","",""
"201","Camarones a la Diabla","2 tbsp olive oil","Olive oil","staple","","",""
"201","Camarones a la Diabla","1 tbsp tomato paste","Tomato paste","","","",""
"201","Camarones a la Diabla","1 tbsp lime juice","Limes","","","",""
"202","Vegetarian Enchilada Casserole","8 corn tortillas, cut into quarters","Corn tortillas","","","",""
"202","Vegetarian Enchilada Casserole","2 (15 oz) cans black beans, drained","Black beans","","","",""
"202","Vegetarian Enchilada Casserole","1 cup corn kernels","Corn kernels","","","",""
"202","Vegetarian Enchilada Casserole","2 cups red enchilada sauce","Enchilada sauce","","","",""
"202","Vegetarian Enchilada Casserole","2 cups shredded Monterey Jack cheese","Monterey Jack","","","",""
"202","Vegetarian Enchilada Casserole","1/2 onion, diced","Onion","","","",""
"202","Vegetarian Enchilada Casserole","1/4 cup chopped cilantro","Cilantro","","","",""
"203","Chicken Fried Rice","2 cups cooked and chilled long-grain rice","Cooked rice","","","",""
"203","Chicken Fried Rice","1 lb boneless chicken breast, diced small","Chicken breast","","","",""
"203","Chicken Fried Rice","2 large eggs, beaten","Eggs","","","",""
"203","Chicken Fried Rice","1/2 cup frozen peas and carrots","Carrots","","","",""
"203","Chicken Fried Rice","3 green onions, sliced","Green onions","","","",""
"203","Chicken Fried Rice","1 small onion, diced","Onion","","","",""
"203","Chicken Fried Rice","3 tbsp soy sauce","Soy sauce","staple","","",""
"203","Chicken Fried Rice","1 tbsp sesame oil","Sesame oil","staple","","",""
"203","Chicken Fried Rice","2 tbsp vegetable oil","Vegetable oil","staple","","",""
"204","Kung Pao Chicken","1 lb boneless chicken thighs, cut into bite-size pieces","Chicken thighs","","","",""
"204","Kung Pao Chicken","1/2 cup roasted peanuts","Peanuts","","","",""
"204","Kung Pao Chicken","1 red bell pepper, diced","Bell pepper","","","",""
"204","Kung Pao Chicken","3 dried red chilies, halved","Dried chiles","","","",""
"204","Kung Pao Chicken","3 green onions, cut into 1-inch pieces","Green onions","","","",""
"204","Kung Pao Chicken","2 tbsp soy sauce","Soy sauce","staple","","",""
"204","Kung Pao Chicken","1 tbsp rice vinegar","Rice vinegar","staple","","",""
"204","Kung Pao Chicken","1 tbsp hoisin sauce","Hoisin sauce","","","",""
"204","Kung Pao Chicken","1 tsp cornstarch","Cornstarch","staple","","",""
"204","Kung Pao Chicken","2 tbsp vegetable oil","Vegetable oil","staple","","",""
"205","General Tso's Chicken","1 lb boneless chicken thighs, cut into chunks","Chicken thighs","","","",""
"205","General Tso's Chicken","1/2 cup cornstarch, plus 1 tsp for sauce","Cornstarch","staple","","",""
"205","General Tso's Chicken","1 large egg, beaten","Eggs","","","",""
"205","General Tso's Chicken","3 tbsp soy sauce","Soy sauce","staple","","",""
"205","General Tso's Chicken","2 tbsp rice vinegar","Rice vinegar","staple","","",""
"205","General Tso's Chicken","3 tbsp sugar","Sugar","staple","","",""
"205","General Tso's Chicken","1 tbsp tomato paste","Tomato paste","","","",""
"205","General Tso's Chicken","2 dried red chilies, chopped","Dried chiles","","","",""
"205","General Tso's Chicken","3 green onions, sliced","Green onions","","","",""
"205","General Tso's Chicken","vegetable oil for frying","Vegetable oil","staple","","",""
"206","Sweet and Sour Pork","1 lb pork loin, cut into cubes","Pork (shoulder / loin)","","","",""
"206","Sweet and Sour Pork","1/2 cup cornstarch","Cornstarch","staple","","",""
"206","Sweet and Sour Pork","1 large egg, beaten","Eggs","","","",""
"206","Sweet and Sour Pork","1 green bell pepper, diced","Bell pepper","","","",""
"206","Sweet and Sour Pork","1 red bell pepper, diced","Bell pepper","","","",""
"206","Sweet and Sour Pork","1 cup pineapple chunks","Pineapple","","","",""
"206","Sweet and Sour Pork","1/3 cup ketchup","Ketchup","","","",""
"206","Sweet and Sour Pork","3 tbsp rice vinegar","Rice vinegar","staple","","",""
"206","Sweet and Sour Pork","3 tbsp sugar","Sugar","staple","","",""
"206","Sweet and Sour Pork","vegetable oil for frying","Vegetable oil","staple","","",""
"207","Mongolian Beef","1 lb flank steak, thinly sliced against the grain","Beef steak","","","",""
"207","Mongolian Beef","1/4 cup cornstarch","Cornstarch","staple","","",""
"207","Mongolian Beef","3 green onions, cut into 2-inch pieces","Green onions","","","",""
"207","Mongolian Beef","1/3 cup soy sauce","Soy sauce","staple","","",""
"207","Mongolian Beef","3 tbsp brown sugar","Brown sugar","staple","","",""
"207","Mongolian Beef","1 tbsp rice vinegar","Rice vinegar","staple","","",""
"207","Mongolian Beef","2 tbsp vegetable oil","Vegetable oil","staple","","",""
"208","Orange Chicken","1 lb boneless chicken thighs, cut into bite-size pieces","Chicken thighs","","","",""
"208","Orange Chicken","1/2 cup cornstarch, plus 1 tsp for sauce","Cornstarch","staple","","",""
"208","Orange Chicken","1 large egg, beaten","Eggs","","","",""
"208","Orange Chicken","zest and juice of 2 oranges","Oranges","","","",""
"208","Orange Chicken","3 tbsp soy sauce","Soy sauce","staple","","",""
"208","Orange Chicken","3 tbsp sugar","Sugar","staple","","",""
"208","Orange Chicken","1 tbsp rice vinegar","Rice vinegar","staple","","",""
"208","Orange Chicken","1/2 tsp red pepper flakes","Red pepper flakes","staple","","",""
"208","Orange Chicken","vegetable oil for frying","Vegetable oil","staple","","",""
"209","Ginger Scallion Steamed Chicken","1 lb boneless chicken thighs","Chicken thighs","","","",""
"209","Ginger Scallion Steamed Chicken","1 tbsp Shaoxing wine (or dry sherry)","White wine","","","",""
"209","Ginger Scallion Steamed Chicken","2 tbsp minced ginger","Fresh ginger","staple","","",""
"209","Ginger Scallion Steamed Chicken","4 green onions, finely sliced","Green onions","","","",""
"209","Ginger Scallion Steamed Chicken","2 tbsp soy sauce","Soy sauce","staple","","",""
"209","Ginger Scallion Steamed Chicken","1 tbsp sesame oil","Sesame oil","staple","","",""
"209","Ginger Scallion Steamed Chicken","1/2 tsp sugar","Sugar","staple","","",""
"209","Ginger Scallion Steamed Chicken","2 tbsp vegetable oil","Vegetable oil","staple","","",""
"210","Mapo Tofu","1 lb soft tofu, cut into 1-inch cubes","Tofu","","","",""
"210","Mapo Tofu","1/2 lb ground pork","Ground pork","","","",""
"210","Mapo Tofu","2 tbsp doubanjiang (fermented chili bean paste)","Doubanjiang","","","",""
"210","Mapo Tofu","1 tsp Sichuan peppercorns, crushed","Sichuan peppercorns","","","",""
"210","Mapo Tofu","3 green onions, sliced","Green onions","","","",""
"210","Mapo Tofu","1 cup chicken broth","Chicken broth","","","",""
"210","Mapo Tofu","2 tbsp soy sauce","Soy sauce","staple","","",""
"210","Mapo Tofu","1 tbsp cornstarch mixed with 2 tbsp water","Cornstarch","staple","","",""
"210","Mapo Tofu","2 tbsp vegetable oil","Vegetable oil","staple","","",""
"211","Dan Dan Noodles","12 oz fresh wheat noodles","Ramen / udon / soba noodles","","","",""
"211","Dan Dan Noodles","1/2 lb ground pork","Ground pork","","","",""
"211","Dan Dan Noodles","2 tbsp sesame paste (tahini)","Tahini","","","",""
"211","Dan Dan Noodles","3 tbsp soy sauce","Soy sauce","staple","","",""
"211","Dan Dan Noodles","1 tbsp chili oil","Chili oil","","","",""
"211","Dan Dan Noodles","1 tsp Sichuan peppercorns, crushed","Sichuan peppercorns","","","",""
"211","Dan Dan Noodles","3 green onions, sliced","Green onions","","","",""
"211","Dan Dan Noodles","1 tbsp rice vinegar","Rice vinegar","staple","","",""
"211","Dan Dan Noodles","2 tbsp vegetable oil","Vegetable oil","staple","","",""
"212","Vegetable Chow Mein","12 oz chow mein noodles","Ramen / udon / soba noodles","","","",""
"212","Vegetable Chow Mein","2 cups shredded cabbage","Cabbage","","","",""
"212","Vegetable Chow Mein","1 carrot, julienned","Carrots","","","",""
"212","Vegetable Chow Mein","1 red bell pepper, sliced","Bell pepper","","","",""
"212","Vegetable Chow Mein","1 cup bean sprouts","Bean sprouts","","","",""
"212","Vegetable Chow Mein","3 green onions, sliced","Green onions","","","",""
"212","Vegetable Chow Mein","3 tbsp soy sauce","Soy sauce","staple","","",""
"212","Vegetable Chow Mein","1 tbsp sesame oil","Sesame oil","staple","","",""
"212","Vegetable Chow Mein","2 tbsp vegetable oil","Vegetable oil","staple","","",""
"213","Singapore Noodles with Shrimp","8 oz thin rice vermicelli noodles","Rice noodles","","","",""
"213","Singapore Noodles with Shrimp","1/2 lb shrimp, peeled and deveined","Shrimp","","","",""
"213","Singapore Noodles with Shrimp","2 tsp curry powder","Curry powder","","","",""
"213","Singapore Noodles with Shrimp","1 cup shredded cabbage","Cabbage","","","",""
"213","Singapore Noodles with Shrimp","1 carrot, julienned","Carrots","","","",""
"213","Singapore Noodles with Shrimp","1/2 onion, thinly sliced","Onion","","","",""
"213","Singapore Noodles with Shrimp","2 large eggs, beaten","Eggs","","","",""
"213","Singapore Noodles with Shrimp","3 tbsp soy sauce","Soy sauce","staple","","",""
"213","Singapore Noodles with Shrimp","2 tbsp vegetable oil","Vegetable oil","staple","","",""
"214","Black Pepper Beef Stir-Fry","1 lb flank steak, thinly sliced","Beef steak","","","",""
"214","Black Pepper Beef Stir-Fry","1 tbsp cornstarch","Cornstarch","staple","","",""
"214","Black Pepper Beef Stir-Fry","1 green bell pepper, sliced","Bell pepper","","","",""
"214","Black Pepper Beef Stir-Fry","1 red bell pepper, sliced","Bell pepper","","","",""
"214","Black Pepper Beef Stir-Fry","1/2 onion, sliced","Onion","","","",""
"214","Black Pepper Beef Stir-Fry","2 tbsp soy sauce","Soy sauce","staple","","",""
"214","Black Pepper Beef Stir-Fry","1 tbsp oyster sauce","Oyster sauce","","","",""
"214","Black Pepper Beef Stir-Fry","1 1/2 tsp coarsely ground black pepper","Black pepper","staple","","",""
"214","Black Pepper Beef Stir-Fry","2 tbsp vegetable oil","Vegetable oil","staple","","",""
"215","Cashew Chicken","1 lb boneless chicken breast, cut into bite-size pieces","Chicken breast","","","",""
"215","Cashew Chicken","3/4 cup roasted cashews","Cashews","","","",""
"215","Cashew Chicken","1 red bell pepper, diced","Bell pepper","","","",""
"215","Cashew Chicken","3 green onions, cut into 1-inch pieces","Green onions","","","",""
"215","Cashew Chicken","3 tbsp soy sauce","Soy sauce","staple","","",""
"215","Cashew Chicken","1 tbsp hoisin sauce","Hoisin sauce","","","",""
"215","Cashew Chicken","1 tbsp rice vinegar","Rice vinegar","staple","","",""
"215","Cashew Chicken","1 tsp cornstarch","Cornstarch","staple","","",""
"215","Cashew Chicken","2 tbsp vegetable oil","Vegetable oil","staple","","",""
"216","Chicken Katsu with Japanese Curry","2 boneless chicken breasts, pounded flat","Chicken breast","","","",""
"216","Chicken Katsu with Japanese Curry","1/2 cup flour","All-purpose flour","staple","","",""
"216","Chicken Katsu with Japanese Curry","1 large egg, beaten","Eggs","","","",""
"216","Chicken Katsu with Japanese Curry","1 cup panko breadcrumbs","Breadcrumbs","","","",""
"216","Chicken Katsu with Japanese Curry","1 onion, sliced","Onion","","","",""
"216","Chicken Katsu with Japanese Curry","1 carrot, sliced","Carrots","","","",""
"216","Chicken Katsu with Japanese Curry","1 potato, diced","Potatoes","","","",""
"216","Chicken Katsu with Japanese Curry","2 tbsp Japanese curry powder","Curry powder","","","",""
"216","Chicken Katsu with Japanese Curry","2 cups chicken broth","Chicken broth","","","",""
"216","Chicken Katsu with Japanese Curry","vegetable oil for frying","Vegetable oil","staple","","",""
"217","Teriyaki Salmon Donburi","2 salmon fillets","Salmon","","","",""
"217","Teriyaki Salmon Donburi","1/4 cup soy sauce","Soy sauce","staple","","",""
"217","Teriyaki Salmon Donburi","2 tbsp mirin","Mirin","","","",""
"217","Teriyaki Salmon Donburi","2 tbsp sugar","Sugar","staple","","",""
"217","Teriyaki Salmon Donburi","1 tsp cornstarch mixed with 1 tbsp water","Cornstarch","staple","","",""
"217","Teriyaki Salmon Donburi","2 cups cooked short-grain rice","Cooked rice","","","",""
"217","Teriyaki Salmon Donburi","1 green onion, sliced","Green onions","","","",""
"217","Teriyaki Salmon Donburi","1 tsp sesame seeds","Sesame seeds","","","",""
"217","Teriyaki Salmon Donburi","1 tbsp vegetable oil","Vegetable oil","staple","","",""
"218","Miso Glazed Cod","2 cod fillets","White fish (cod / tilapia)","","","",""
"218","Miso Glazed Cod","2 tbsp miso paste","Miso paste","","","",""
"218","Miso Glazed Cod","1 tbsp mirin","Mirin","","","",""
"218","Miso Glazed Cod","1 tbsp sugar","Sugar","staple","","",""
"218","Miso Glazed Cod","1 tsp soy sauce","Soy sauce","staple","","",""
"218","Miso Glazed Cod","1 tsp sesame oil","Sesame oil","staple","","",""
"218","Miso Glazed Cod","1 green onion, sliced","Green onions","","","",""
"218","Miso Glazed Cod","1 tsp sesame seeds","Sesame seeds","","","",""
"219","Beef Sukiyaki","1 lb thinly sliced beef (ribeye or sirloin)","Beef steak","","","",""
"219","Beef Sukiyaki","8 oz firm tofu, cubed","Tofu","","","",""
"219","Beef Sukiyaki","4 oz shiitake mushrooms, sliced","Mushrooms","","","",""
"219","Beef Sukiyaki","2 cups napa cabbage, chopped","Cabbage","","","",""
"219","Beef Sukiyaki","1 bunch enoki mushrooms","Mushrooms","","","",""
"219","Beef Sukiyaki","4 green onions, cut into 2-inch pieces","Green onions","","","",""
"219","Beef Sukiyaki","1/3 cup soy sauce","Soy sauce","staple","","",""
"219","Beef Sukiyaki","3 tbsp sugar","Sugar","staple","","",""
"219","Beef Sukiyaki","3 tbsp mirin","Mirin","","","",""
"220","Chicken Yakitori Rice Bowl","1 lb boneless chicken thighs, cut into chunks","Chicken thighs","","","",""
"220","Chicken Yakitori Rice Bowl","1/3 cup soy sauce","Soy sauce","staple","","",""
"220","Chicken Yakitori Rice Bowl","3 tbsp mirin","Mirin","","","",""
"220","Chicken Yakitori Rice Bowl","2 tbsp sugar","Sugar","staple","","",""
"220","Chicken Yakitori Rice Bowl","2 tbsp sake (optional)","Sake beer / vodka","","optional","",""
"220","Chicken Yakitori Rice Bowl","3 green onions, cut into 1-inch pieces","Green onions","","","",""
"220","Chicken Yakitori Rice Bowl","2 cups cooked short-grain rice","Cooked rice","","","",""
"220","Chicken Yakitori Rice Bowl","1 tsp sesame seeds","Sesame seeds","","","",""
"220","Chicken Yakitori Rice Bowl","1 tbsp vegetable oil","Vegetable oil","staple","","",""
"221","Shoyu Ramen with Chicken","2 boneless chicken thighs","Chicken thighs","","","",""
"221","Shoyu Ramen with Chicken","4 cups chicken broth","Chicken broth","","","",""
"221","Shoyu Ramen with Chicken","3 tbsp soy sauce","Soy sauce","staple","","",""
"221","Shoyu Ramen with Chicken","1 tbsp mirin","Mirin","","","",""
"221","Shoyu Ramen with Chicken","2 packs ramen noodles (discard seasoning packet)","Ramen / udon / soba noodles","","","",""
"221","Shoyu Ramen with Chicken","2 soft-boiled eggs, halved","Eggs","","","",""
"221","Shoyu Ramen with Chicken","1 cup baby spinach","Spinach","","","",""
"221","Shoyu Ramen with Chicken","2 green onions, sliced","Green onions","","","",""
"221","Shoyu Ramen with Chicken","1 sheet nori, cut into strips","Nori / wakame","","","",""
"222","Chicken Udon Noodle Soup","1 lb boneless chicken thighs, sliced","Chicken thighs","","","",""
"222","Chicken Udon Noodle Soup","4 cups chicken broth (or dashi)","Chicken broth OR Seafood stock / clam juice","","","",""
"222","Chicken Udon Noodle Soup","3 tbsp soy sauce","Soy sauce","staple","","",""
"222","Chicken Udon Noodle Soup","2 tbsp mirin","Mirin","","","",""
"222","Chicken Udon Noodle Soup","2 packs fresh udon noodles","Ramen / udon / soba noodles","","","",""
"222","Chicken Udon Noodle Soup","1 cup baby bok choy, halved","Bok choy","","","",""
"222","Chicken Udon Noodle Soup","2 green onions, sliced","Green onions","","","",""
"222","Chicken Udon Noodle Soup","1 tbsp vegetable oil","Vegetable oil","staple","","",""
"223","Korean Beef Bulgogi","1 lb ribeye steak, thinly sliced","Beef steak","","","",""
"223","Korean Beef Bulgogi","1/4 cup soy sauce","Soy sauce","staple","","",""
"223","Korean Beef Bulgogi","2 tbsp sugar","Sugar","staple","","",""
"223","Korean Beef Bulgogi","1 tbsp sesame oil","Sesame oil","staple","","",""
"223","Korean Beef Bulgogi","1/2 pear, grated (or 1 tbsp honey)","Pears OR Honey","staple","","",""
"223","Korean Beef Bulgogi","1/2 onion, thinly sliced","Onion","","","",""
"223","Korean Beef Bulgogi","3 green onions, sliced","Green onions","","","",""
"223","Korean Beef Bulgogi","1 tsp sesame seeds","Sesame seeds","","","",""
"223","Korean Beef Bulgogi","1 tbsp vegetable oil","Vegetable oil","staple","","",""
"224","Korean Fried Chicken","1 lb boneless chicken thighs, cut into pieces","Chicken thighs","","","",""
"224","Korean Fried Chicken","1/2 cup cornstarch","Cornstarch","staple","","",""
"224","Korean Fried Chicken","1/4 cup flour","All-purpose flour","staple","","",""
"224","Korean Fried Chicken","2 tbsp gochujang","Gochujang","","","",""
"224","Korean Fried Chicken","2 tbsp honey","Honey","staple","","",""
"224","Korean Fried Chicken","2 tbsp soy sauce","Soy sauce","staple","","",""
"224","Korean Fried Chicken","1 tbsp rice vinegar","Rice vinegar","staple","","",""
"224","Korean Fried Chicken","1 tsp sesame seeds","Sesame seeds","","","",""
"224","Korean Fried Chicken","vegetable oil for frying","Vegetable oil","staple","","",""
"225","Kimchi Fried Rice","2 cups cooked and chilled short-grain rice","Cooked rice","","","",""
"225","Kimchi Fried Rice","1 cup vegetarian kimchi, chopped","Kimchi","","","",""
"225","Kimchi Fried Rice","2 tbsp kimchi juice","Kimchi","","","",""
"225","Kimchi Fried Rice","2 large eggs","Eggs","","","",""
"225","Kimchi Fried Rice","2 green onions, sliced","Green onions","","","",""
"225","Kimchi Fried Rice","1 tbsp gochujang","Gochujang","","","",""
"225","Kimchi Fried Rice","1 tbsp soy sauce","Soy sauce","staple","","",""
"225","Kimchi Fried Rice","1 tsp sesame oil","Sesame oil","staple","","",""
"225","Kimchi Fried Rice","2 tbsp vegetable oil","Vegetable oil","staple","","",""
"226","Japchae","8 oz Korean sweet potato glass noodles (dangmyeon)","Ramen / udon / soba noodles","","","",""
"226","Japchae","1 carrot, julienned","Carrots","","","",""
"226","Japchae","1 red bell pepper, julienned","Bell pepper","","","",""
"226","Japchae","4 oz shiitake mushrooms, sliced","Mushrooms","","","",""
"226","Japchae","2 cups baby spinach","Spinach","","","",""
"226","Japchae","1/2 onion, thinly sliced","Onion","","","",""
"226","Japchae","1/4 cup soy sauce","Soy sauce","staple","","",""
"226","Japchae","2 tbsp sugar","Sugar","staple","","",""
"226","Japchae","1 tbsp sesame oil","Sesame oil","staple","","",""
"226","Japchae","1 tsp sesame seeds","Sesame seeds","","","",""
"226","Japchae","2 tbsp vegetable oil","Vegetable oil","staple","","",""
"227","Spicy Korean Chicken Stir-Fry","1 lb boneless chicken thighs, cut into pieces","Chicken thighs","","","",""
"227","Spicy Korean Chicken Stir-Fry","2 tbsp gochujang","Gochujang","","","",""
"227","Spicy Korean Chicken Stir-Fry","1 tbsp gochugaru (Korean chili flakes)","Dried chiles","","","",""
"227","Spicy Korean Chicken Stir-Fry","2 tbsp soy sauce","Soy sauce","staple","","",""
"227","Spicy Korean Chicken Stir-Fry","1 tbsp sugar","Sugar","staple","","",""
"227","Spicy Korean Chicken Stir-Fry","1/2 cabbage, sliced","Cabbage","","","",""
"227","Spicy Korean Chicken Stir-Fry","1 sweet potato, thinly sliced","Sweet potatoes","","","",""
"227","Spicy Korean Chicken Stir-Fry","1 onion, sliced","Onion","","","",""
"227","Spicy Korean Chicken Stir-Fry","2 green onions, sliced","Green onions","","","",""
"227","Spicy Korean Chicken Stir-Fry","1 tbsp vegetable oil","Vegetable oil","staple","","",""
"228","Thai Green Curry with Chicken","1 lb boneless chicken thighs, sliced","Chicken thighs","","","",""
"228","Thai Green Curry with Chicken","3 tbsp green curry paste","Curry paste","","","",""
"228","Thai Green Curry with Chicken","1 can (14 oz) coconut milk","Coconut milk","","","",""
"228","Thai Green Curry with Chicken","1 cup Thai eggplant or regular eggplant, chopped","Eggplant","","","",""
"228","Thai Green Curry with Chicken","1 red bell pepper, sliced","Bell pepper","","","",""
"228","Thai Green Curry with Chicken","1 tbsp fish sauce","Fish sauce","","","",""
"228","Thai Green Curry with Chicken","1 tbsp sugar","Sugar","staple","","",""
"228","Thai Green Curry with Chicken","10 Thai basil leaves","Thai basil","","","",""
"228","Thai Green Curry with Chicken","1 tbsp vegetable oil","Vegetable oil","staple","","",""
"229","Thai Red Curry with Shrimp","1 lb shrimp, peeled and deveined","Shrimp","","","",""
"229","Thai Red Curry with Shrimp","3 tbsp red curry paste","Curry paste","","","",""
"229","Thai Red Curry with Shrimp","1 can (14 oz) coconut milk","Coconut milk","","","",""
"229","Thai Red Curry with Shrimp","1 cup bamboo shoots, sliced","Bamboo shoots","","","",""
"229","Thai Red Curry with Shrimp","1 red bell pepper, sliced","Bell pepper","","","",""
"229","Thai Red Curry with Shrimp","1 tbsp fish sauce","Fish sauce","","","",""
"229","Thai Red Curry with Shrimp","1 tbsp sugar","Sugar","staple","","",""
"229","Thai Red Curry with Shrimp","10 Thai basil leaves","Thai basil","","","",""
"229","Thai Red Curry with Shrimp","1 tbsp vegetable oil","Vegetable oil","staple","","",""
"230","Pad Thai","8 oz flat rice noodles","Rice noodles","","","",""
"230","Pad Thai","1/2 lb shrimp, peeled and deveined","Shrimp","","","",""
"230","Pad Thai","2 large eggs","Eggs","","","",""
"230","Pad Thai","1 cup bean sprouts","Bean sprouts","","","",""
"230","Pad Thai","3 green onions, sliced","Green onions","","","",""
"230","Pad Thai","1/3 cup roasted peanuts, chopped","Peanuts","","","",""
"230","Pad Thai","3 tbsp fish sauce","Fish sauce","","","",""
"230","Pad Thai","3 tbsp tamarind paste","Soy sauce","staple","","",""
"230","Pad Thai","3 tbsp sugar","Sugar","staple","","",""
"230","Pad Thai","2 tbsp vegetable oil","Vegetable oil","staple","","",""
"230","Pad Thai","1 lime, cut into wedges","Limes","","","",""
"231","Pad See Ew","8 oz wide flat rice noodles","Rice noodles","","","",""
"231","Pad See Ew","1/2 lb beef flank steak, thinly sliced (or chicken)","Beef steak OR Chicken (whole / pieces)","","","",""
"231","Pad See Ew","2 cups Chinese broccoli (or broccolini), chopped","Bok choy OR Broccoli","","","",""
"231","Pad See Ew","1 large egg","Eggs","","","",""
"231","Pad See Ew","3 tbsp soy sauce","Soy sauce","staple","","",""
"231","Pad See Ew","2 tbsp dark soy sauce","Soy sauce","staple","","",""
"231","Pad See Ew","1 tbsp oyster sauce","Oyster sauce","","","",""
"231","Pad See Ew","1 tbsp sugar","Sugar","staple","","",""
"231","Pad See Ew","2 tbsp vegetable oil","Vegetable oil","staple","","",""
"232","Thai Basil Chicken","1 lb ground chicken","Ground chicken","","","",""
"232","Thai Basil Chicken","4 cloves garlic, minced","Garlic","staple","","",""
"232","Thai Basil Chicken","3 Thai chilies, sliced (adjust to taste)","Fresh chili peppers","","","",""
"232","Thai Basil Chicken","1 cup Thai basil leaves","Thai basil","","","",""
"232","Thai Basil Chicken","2 tbsp fish sauce","Fish sauce","","","",""
"232","Thai Basil Chicken","1 tbsp soy sauce","Soy sauce","staple","","",""
"232","Thai Basil Chicken","1 tbsp oyster sauce","Oyster sauce","","","",""
"232","Thai Basil Chicken","1 tsp sugar","Sugar","staple","","",""
"232","Thai Basil Chicken","2 tbsp vegetable oil","Vegetable oil","staple","","",""
"232","Thai Basil Chicken","2 fried eggs (optional, for serving)","Eggs","","optional","",""
"233","Massaman Beef Curry","1 lb beef stew meat, cubed","Beef roast / stew meat","","","",""
"233","Massaman Beef Curry","3 tbsp massaman curry paste","Curry paste","","","",""
"233","Massaman Beef Curry","1 can (14 oz) coconut milk","Coconut milk","","","",""
"233","Massaman Beef Curry","1 cup beef broth","Beef broth","","","",""
"233","Massaman Beef Curry","2 potatoes, cubed","Potatoes","","","",""
"233","Massaman Beef Curry","1/2 onion, chopped","Onion","","","",""
"233","Massaman Beef Curry","1/3 cup roasted peanuts","Peanuts","","","",""
"233","Massaman Beef Curry","2 tbsp fish sauce","Fish sauce","","","",""
"233","Massaman Beef Curry","2 tbsp sugar","Sugar","staple","","",""
"233","Massaman Beef Curry","1 tbsp vegetable oil","Vegetable oil","staple","","",""
"234","Chicken Pho","2 boneless chicken breasts","Chicken breast","","","",""
"234","Chicken Pho","6 cups chicken broth","Chicken broth","","","",""
"234","Chicken Pho","1 onion, halved","Onion","","","",""
"234","Chicken Pho","3-inch piece ginger, sliced","Fresh ginger","staple","","",""
"234","Chicken Pho","2 star anise","Star anise","","","",""
"234","Chicken Pho","1 cinnamon stick","Cinnamon","staple","","",""
"234","Chicken Pho","8 oz dried rice noodles (pho noodles)","Rice noodles","","","",""
"234","Chicken Pho","2 tbsp fish sauce","Fish sauce","","","",""
"234","Chicken Pho","1 cup bean sprouts","Bean sprouts","","","",""
"234","Chicken Pho","1/4 cup cilantro and Thai basil, chopped","Cilantro + Thai basil","","","",""
"234","Chicken Pho","1 lime, cut into wedges","Limes","","","",""
"235","Vietnamese Caramelized Chicken","1 lb boneless chicken thighs, cut into pieces","Chicken thighs","","","",""
"235","Vietnamese Caramelized Chicken","3 tbsp sugar","Sugar","staple","","",""
"235","Vietnamese Caramelized Chicken","2 tbsp fish sauce","Fish sauce","","","",""
"235","Vietnamese Caramelized Chicken","1 tbsp soy sauce","Soy sauce","staple","","",""
"235","Vietnamese Caramelized Chicken","3 cloves garlic, minced","Garlic","staple","","",""
"235","Vietnamese Caramelized Chicken","1 shallot, sliced","Shallots","","","",""
"235","Vietnamese Caramelized Chicken","1 red chili, sliced (optional)","Fresh chili peppers","","optional","",""
"235","Vietnamese Caramelized Chicken","2 green onions, sliced","Green onions","","","",""
"235","Vietnamese Caramelized Chicken","1 tbsp vegetable oil","Vegetable oil","staple","","",""
"236","Chicken Tikka Masala","1 lb boneless chicken breast, cubed","Chicken breast","","","",""
"236","Chicken Tikka Masala","1/2 cup plain yogurt","Yogurt","","","",""
"236","Chicken Tikka Masala","2 tbsp tikka masala spice blend (or garam masala)","Curry powder OR Garam masala","","","",""
"236","Chicken Tikka Masala","1 onion, chopped","Onion","","","",""
"236","Chicken Tikka Masala","1 can (14 oz) crushed tomatoes","Canned tomatoes","","","",""
"236","Chicken Tikka Masala","1/2 cup heavy cream","Heavy cream","","","",""
"236","Chicken Tikka Masala","1 tbsp tomato paste","Tomato paste","","","",""
"236","Chicken Tikka Masala","1 tsp paprika","Paprika","staple","","",""
"236","Chicken Tikka Masala","2 tbsp vegetable oil","Vegetable oil","staple","","",""
"237","Butter Chicken","1 lb boneless chicken thighs, cubed","Chicken thighs","","","",""
"237","Butter Chicken","1/2 cup plain yogurt","Yogurt","","","",""
"237","Butter Chicken","2 tbsp garam masala","Garam masala","","","",""
"237","Butter Chicken","3 tbsp butter","Butter","staple","","",""
"237","Butter Chicken","1 onion, chopped","Onion","","","",""
"237","Butter Chicken","1 can (14 oz) crushed tomatoes","Canned tomatoes","","","",""
"237","Butter Chicken","1/2 cup heavy cream","Heavy cream","","","",""
"237","Butter Chicken","1 tsp paprika","Paprika","staple","","",""
"237","Butter Chicken","1 tsp turmeric","Turmeric","","","",""
"238","Chana Masala","2 cans (15 oz each) chickpeas, drained and rinsed","Chickpeas","","","",""
"238","Chana Masala","1 onion, chopped","Onion","","","",""
"238","Chana Masala","2 tomatoes, chopped (or 1 cup canned crushed tomatoes)","Tomatoes OR Canned tomatoes","","","",""
"238","Chana Masala","2 tsp ground cumin","Cumin","staple","","",""
"238","Chana Masala","2 tsp ground coriander","Ground coriander","","","",""
"238","Chana Masala","1 tsp turmeric","Turmeric","","","",""
"238","Chana Masala","1 tsp garam masala","Garam masala","","","",""
"238","Chana Masala","1/2 tsp chili powder","Chili powder","staple","","",""
"238","Chana Masala","2 tbsp vegetable oil","Vegetable oil","staple","","",""
"238","Chana Masala","1/4 cup cilantro, chopped","Cilantro","","","",""
"239","Palak Paneer","8 oz paneer, cubed","Paneer","","","",""
"239","Palak Paneer","1 lb spinach, roughly chopped","Spinach","","","",""
"239","Palak Paneer","1 onion, chopped","Onion","","","",""
"239","Palak Paneer","1 tomato, chopped","Tomatoes","","","",""
"239","Palak Paneer","1 tsp ground cumin","Cumin","staple","","",""
"239","Palak Paneer","1 tsp garam masala","Garam masala","","","",""
"239","Palak Paneer","1/2 tsp turmeric","Turmeric","","","",""
"239","Palak Paneer","1/4 cup heavy cream","Heavy cream","","","",""
"239","Palak Paneer","2 tbsp vegetable oil","Vegetable oil","staple","","",""
"240","Dal Tadka with Basmati Rice","1 cup yellow split lentils (toor dal or moong dal)","Lentils","","","",""
"240","Dal Tadka with Basmati Rice","1 tomato, chopped","Tomatoes","","","",""
"240","Dal Tadka with Basmati Rice","1 tsp turmeric","Turmeric","","","",""
"240","Dal Tadka with Basmati Rice","1 tsp cumin seeds","Cumin seeds","","","",""
"240","Dal Tadka with Basmati Rice","1/2 tsp mustard seeds","Mustard seeds","","","",""
"240","Dal Tadka with Basmati Rice","3 cloves garlic, minced","Garlic","staple","","",""
"240","Dal Tadka with Basmati Rice","1 dried red chili","Dried chiles","","","",""
"240","Dal Tadka with Basmati Rice","2 tbsp vegetable oil","Vegetable oil","staple","","",""
"240","Dal Tadka with Basmati Rice","1 cup basmati rice","White rice","","","",""
"240","Dal Tadka with Basmati Rice","1/4 cup cilantro, chopped","Cilantro","","","",""
"241","Classic Meatloaf","2 lbs ground beef","Ground beef","","","",""
"241","Classic Meatloaf","1 cup breadcrumbs","Breadcrumbs","","","",""
"241","Classic Meatloaf","1/2 cup milk","Milk","","","",""
"241","Classic Meatloaf","2 large eggs","Eggs","","","",""
"241","Classic Meatloaf","1 small onion, finely chopped","Onion","","","",""
"241","Classic Meatloaf","2 cloves garlic, minced","Garlic","staple","","",""
"241","Classic Meatloaf","1/2 cup ketchup, divided","Ketchup","","","",""
"241","Classic Meatloaf","1 tbsp Worcestershire sauce","Worcestershire sauce","","","",""
"241","Classic Meatloaf","1 tsp salt","Salt","staple","","",""
"241","Classic Meatloaf","1/2 tsp black pepper","Black pepper","staple","","",""
"242","Buttermilk Fried Chicken","8 chicken drumsticks and thighs","Chicken drumsticks + Chicken thighs","","","",""
"242","Buttermilk Fried Chicken","2 cups buttermilk","Buttermilk","","","",""
"242","Buttermilk Fried Chicken","2 cups flour","All-purpose flour","staple","","",""
"242","Buttermilk Fried Chicken","1 tbsp paprika","Paprika","staple","","",""
"242","Buttermilk Fried Chicken","1 tsp cayenne pepper","Cayenne pepper","","","",""
"242","Buttermilk Fried Chicken","1 tsp salt","Salt","staple","","",""
"242","Buttermilk Fried Chicken","1/2 tsp black pepper","Black pepper","staple","","",""
"242","Buttermilk Fried Chicken","2 cups vegetable oil, for frying","Vegetable oil","staple","","",""
"243","Chicken Pot Pie","2 cups cooked chicken, shredded","Cooked chicken","","","",""
"243","Chicken Pot Pie","1 sheet refrigerated pie crust (top and bottom)","Pie crust / phyllo","","","",""
"243","Chicken Pot Pie","1/3 cup butter","Butter","staple","","",""
"243","Chicken Pot Pie","1 small onion, diced","Onion","","","",""
"243","Chicken Pot Pie","2 carrots, diced","Carrots","","","",""
"243","Chicken Pot Pie","2 celery stalks, diced","Celery","","","",""
"243","Chicken Pot Pie","1/3 cup flour","All-purpose flour","staple","","",""
"243","Chicken Pot Pie","1 3/4 cups chicken broth","Chicken broth","","","",""
"243","Chicken Pot Pie","2/3 cup milk","Milk","","","",""
"243","Chicken Pot Pie","1 cup frozen peas","Peas","","","",""
"243","Chicken Pot Pie","1/2 tsp salt","Salt","staple","","",""
"243","Chicken Pot Pie","1/4 tsp black pepper","Black pepper","staple","","",""
"244","Hearty Beef Stew","2 lbs beef stew meat, cubed","Beef roast / stew meat","","","",""
"244","Hearty Beef Stew","3 tbsp flour","All-purpose flour","staple","","",""
"244","Hearty Beef Stew","2 tbsp vegetable oil","Vegetable oil","staple","","",""
"244","Hearty Beef Stew","4 cups beef broth","Beef broth","","","",""
"244","Hearty Beef Stew","2 tbsp tomato paste","Tomato paste","","","",""
"244","Hearty Beef Stew","4 carrots, sliced","Carrots","","","",""
"244","Hearty Beef Stew","3 potatoes, cubed","Potatoes","","","",""
"244","Hearty Beef Stew","1 onion, chopped","Onion","","","",""
"244","Hearty Beef Stew","2 cloves garlic, minced","Garlic","staple","","",""
"244","Hearty Beef Stew","2 bay leaves","Bay leaves","","","",""
"244","Hearty Beef Stew","1 tsp salt","Salt","staple","","",""
"244","Hearty Beef Stew","1/2 tsp black pepper","Black pepper","staple","","",""
"245","Pot Roast with Gravy","3 lb beef chuck roast","Beef roast / stew meat","","","",""
"245","Pot Roast with Gravy","2 tbsp vegetable oil","Vegetable oil","staple","","",""
"245","Pot Roast with Gravy","4 cups beef broth","Beef broth","","","",""
"245","Pot Roast with Gravy","1 onion, quartered","Onion","","","",""
"245","Pot Roast with Gravy","4 carrots, cut into chunks","Carrots","","","",""
"245","Pot Roast with Gravy","3 potatoes, halved","Potatoes","","","",""
"245","Pot Roast with Gravy","3 cloves garlic, minced","Garlic","staple","","",""
"245","Pot Roast with Gravy","2 tbsp flour","All-purpose flour","staple","","",""
"245","Pot Roast with Gravy","1 tsp salt","Salt","staple","","",""
"245","Pot Roast with Gravy","1/2 tsp black pepper","Black pepper","staple","","",""
"246","Shepherd's Pie","1 1/2 lbs ground beef","Ground beef","","","",""
"246","Shepherd's Pie","1 onion, diced","Onion","","","",""
"246","Shepherd's Pie","2 carrots, diced","Carrots","","","",""
"246","Shepherd's Pie","1 cup frozen peas","Peas","","","",""
"246","Shepherd's Pie","2 tbsp flour","All-purpose flour","staple","","",""
"246","Shepherd's Pie","1 cup beef broth","Beef broth","","","",""
"246","Shepherd's Pie","1 tbsp tomato paste","Tomato paste","","","",""
"246","Shepherd's Pie","4 cups mashed potatoes","Potatoes","","","",""
"246","Shepherd's Pie","1/4 cup milk","Milk","","","",""
"246","Shepherd's Pie","3 tbsp butter","Butter","staple","","",""
"246","Shepherd's Pie","1 tsp salt","Salt","staple","","",""
"246","Shepherd's Pie","1/2 tsp black pepper","Black pepper","staple","","",""
"247","Baked Macaroni and Cheese","1 lb elbow macaroni","Dry pasta","","","",""
"247","Baked Macaroni and Cheese","4 tbsp butter","Butter","staple","","",""
"247","Baked Macaroni and Cheese","4 tbsp flour","All-purpose flour","staple","","",""
"247","Baked Macaroni and Cheese","3 cups milk","Milk","","","",""
"247","Baked Macaroni and Cheese","3 cups shredded cheddar cheese","Cheddar","","","",""
"247","Baked Macaroni and Cheese","1/2 cup breadcrumbs","Breadcrumbs","","","",""
"247","Baked Macaroni and Cheese","1/2 tsp salt","Salt","staple","","",""
"247","Baked Macaroni and Cheese","1/4 tsp black pepper","Black pepper","staple","","",""
"248","Turkey Chili with Beans","1 1/2 lbs ground turkey","Ground turkey","","","",""
"248","Turkey Chili with Beans","1 onion, diced","Onion","","","",""
"248","Turkey Chili with Beans","1 bell pepper, diced","Bell pepper","","","",""
"248","Turkey Chili with Beans","2 cloves garlic, minced","Garlic","staple","","",""
"248","Turkey Chili with Beans","2 cans (15 oz each) kidney beans, drained","Kidney beans","","","",""
"248","Turkey Chili with Beans","1 can (28 oz) crushed tomatoes","Canned tomatoes","","","",""
"248","Turkey Chili with Beans","2 tbsp chili powder","Chili powder","staple","","",""
"248","Turkey Chili with Beans","1 tsp cumin","Cumin","staple","","",""
"248","Turkey Chili with Beans","2 cups chicken broth","Chicken broth","","","",""
"248","Turkey Chili with Beans","1 tsp salt","Salt","staple","","",""
"248","Turkey Chili with Beans","1/2 tsp black pepper","Black pepper","staple","","",""
"249","BBQ Pulled Pork Sandwiches","3 lb pork shoulder","Pork (shoulder / loin)","","","",""
"249","BBQ Pulled Pork Sandwiches","1 tbsp paprika","Paprika","staple","","",""
"249","BBQ Pulled Pork Sandwiches","1 tsp onion powder","Onion powder","staple","","",""
"249","BBQ Pulled Pork Sandwiches","1 tsp salt","Salt","staple","","",""
"249","BBQ Pulled Pork Sandwiches","1/2 tsp black pepper","Black pepper","staple","","",""
"249","BBQ Pulled Pork Sandwiches","1 1/2 cups barbecue sauce","Barbecue sauce","","","",""
"249","BBQ Pulled Pork Sandwiches","1 cup chicken broth","Chicken broth","","","",""
"249","BBQ Pulled Pork Sandwiches","8 hamburger buns","Buns and rolls","","","",""
"249","BBQ Pulled Pork Sandwiches","2 cups coleslaw mix","Coleslaw mix","","","",""
"249","BBQ Pulled Pork Sandwiches","1/3 cup mayonnaise","Mayonnaise","","","",""
"249","BBQ Pulled Pork Sandwiches","1 tbsp vinegar","White vinegar","staple","","",""
"250","BBQ Baby Back Ribs","2 racks baby back ribs","Pork ribs","","","",""
"250","BBQ Baby Back Ribs","2 tbsp paprika","Paprika","staple","","",""
"250","BBQ Baby Back Ribs","1 tbsp brown sugar","Brown sugar","staple","","",""
"250","BBQ Baby Back Ribs","1 tsp onion powder","Onion powder","staple","","",""
"250","BBQ Baby Back Ribs","1 tsp salt","Salt","staple","","",""
"250","BBQ Baby Back Ribs","1/2 tsp black pepper","Black pepper","staple","","",""
"250","BBQ Baby Back Ribs","1 1/2 cups barbecue sauce","Barbecue sauce","","","",""
"251","Grilled BBQ Chicken Thighs","8 boneless chicken thighs","Chicken thighs","","","",""
"251","Grilled BBQ Chicken Thighs","1 tbsp paprika","Paprika","staple","","",""
"251","Grilled BBQ Chicken Thighs","1 tsp onion powder","Onion powder","staple","","",""
"251","Grilled BBQ Chicken Thighs","1 tsp salt","Salt","staple","","",""
"251","Grilled BBQ Chicken Thighs","1/2 tsp black pepper","Black pepper","staple","","",""
"251","Grilled BBQ Chicken Thighs","1 cup barbecue sauce, divided","Barbecue sauce","","","",""
"251","Grilled BBQ Chicken Thighs","2 tbsp vegetable oil","Vegetable oil","staple","","",""
"252","Smash Burgers","1 lb ground beef, divided into 4 balls","Ground beef","","","",""
"252","Smash Burgers","4 slices American cheese","American cheese","","","",""
"252","Smash Burgers","4 hamburger buns","Buns and rolls","","","",""
"252","Smash Burgers","1 small onion, thinly sliced","Onion","","","",""
"252","Smash Burgers","4 tsp mustard","Yellow mustard","","","",""
"252","Smash Burgers","4 tsp ketchup","Ketchup","","","",""
"252","Smash Burgers","8 dill pickle slices","Pickles / relish","","","",""
"252","Smash Burgers","1 tsp salt","Salt","staple","","",""
"252","Smash Burgers","1/2 tsp black pepper","Black pepper","staple","","",""
"253","Turkey Burgers with Avocado","1 1/4 lbs ground turkey","Ground turkey","","","",""
"253","Turkey Burgers with Avocado","1 tsp paprika","Paprika","staple","","",""
"253","Turkey Burgers with Avocado","1 tsp salt","Salt","staple","","",""
"253","Turkey Burgers with Avocado","1/2 tsp black pepper","Black pepper","staple","","",""
"253","Turkey Burgers with Avocado","2 tbsp vegetable oil","Vegetable oil","staple","","",""
"253","Turkey Burgers with Avocado","4 hamburger buns","Buns and rolls","","","",""
"253","Turkey Burgers with Avocado","1 avocado, sliced","Avocados","","","",""
"253","Turkey Burgers with Avocado","1/4 cup mayonnaise","Mayonnaise","","","",""
"253","Turkey Burgers with Avocado","4 lettuce leaves","Lettuce","","","",""
"253","Turkey Burgers with Avocado","1 tomato, sliced","Tomatoes","","","",""
"254","Salisbury Steak with Mushroom Gravy","1 1/2 lbs ground beef","Ground beef","","","",""
"254","Salisbury Steak with Mushroom Gravy","1/3 cup breadcrumbs","Breadcrumbs","","","",""
"254","Salisbury Steak with Mushroom Gravy","1 egg","Eggs","","","",""
"254","Salisbury Steak with Mushroom Gravy","1 tbsp Worcestershire sauce","Worcestershire sauce","","","",""
"254","Salisbury Steak with Mushroom Gravy","2 tbsp vegetable oil","Vegetable oil","staple","","",""
"254","Salisbury Steak with Mushroom Gravy","8 oz mushrooms, sliced","Mushrooms","","","",""
"254","Salisbury Steak with Mushroom Gravy","1 onion, sliced","Onion","","","",""
"254","Salisbury Steak with Mushroom Gravy","2 tbsp flour","All-purpose flour","staple","","",""
"254","Salisbury Steak with Mushroom Gravy","2 cups beef broth","Beef broth","","","",""
"254","Salisbury Steak with Mushroom Gravy","1 tsp salt","Salt","staple","","",""
"254","Salisbury Steak with Mushroom Gravy","1/2 tsp black pepper","Black pepper","staple","","",""
"255","Chicken and Dumplings","1 1/2 lbs boneless chicken thighs, cubed","Chicken thighs","","","",""
"255","Chicken and Dumplings","1 onion, diced","Onion","","","",""
"255","Chicken and Dumplings","2 carrots, sliced","Carrots","","","",""
"255","Chicken and Dumplings","2 celery stalks, sliced","Celery","","","",""
"255","Chicken and Dumplings","4 cups chicken broth","Chicken broth","","","",""
"255","Chicken and Dumplings","2 cups flour","All-purpose flour","staple","","",""
"255","Chicken and Dumplings","1 tbsp baking powder","Baking powder","staple","","",""
"255","Chicken and Dumplings","1 cup milk","Milk","","","",""
"255","Chicken and Dumplings","3 tbsp butter, melted","Butter","staple","","",""
"255","Chicken and Dumplings","1 tsp salt","Salt","staple","","",""
"255","Chicken and Dumplings","1/2 tsp black pepper","Black pepper","staple","","",""
"256","Country Fried Steak with Gravy","4 beef cube steaks","Beef steak","","","",""
"256","Country Fried Steak with Gravy","1 cup flour, divided","All-purpose flour","staple","","",""
"256","Country Fried Steak with Gravy","2 eggs","Eggs","","","",""
"256","Country Fried Steak with Gravy","1/4 cup milk","Milk","","","",""
"256","Country Fried Steak with Gravy","1 tsp paprika","Paprika","staple","","",""
"256","Country Fried Steak with Gravy","1 tsp salt","Salt","staple","","",""
"256","Country Fried Steak with Gravy","1/2 tsp black pepper","Black pepper","staple","","",""
"256","Country Fried Steak with Gravy","1/2 cup vegetable oil","Vegetable oil","staple","","",""
"256","Country Fried Steak with Gravy","2 cups milk (for gravy)","Milk","","","",""
"257","Jambalaya","1 lb boneless chicken thighs, cubed","Chicken thighs","","","",""
"257","Jambalaya","8 oz andouille sausage, sliced","Smoked sausage","","","",""
"257","Jambalaya","1/2 lb shrimp, peeled and deveined","Shrimp","","","",""
"257","Jambalaya","1 onion, diced","Onion","","","",""
"257","Jambalaya","1 bell pepper, diced","Bell pepper","","","",""
"257","Jambalaya","2 celery stalks, diced","Celery","","","",""
"257","Jambalaya","3 cloves garlic, minced","Garlic","staple","","",""
"257","Jambalaya","1 can (14 oz) diced tomatoes","Canned tomatoes","","","",""
"257","Jambalaya","1 1/2 cups rice","White rice","","","",""
"257","Jambalaya","2 1/2 cups chicken broth","Chicken broth","","","",""
"257","Jambalaya","1 tbsp cajun seasoning","Cajun seasoning","","","",""
"257","Jambalaya","1 tsp salt","Salt","staple","","",""
"258","Chicken and Sausage Gumbo","1 lb boneless chicken thighs, cubed","Chicken thighs","","","",""
"258","Chicken and Sausage Gumbo","8 oz andouille sausage, sliced","Smoked sausage","","","",""
"258","Chicken and Sausage Gumbo","1/2 cup vegetable oil","Vegetable oil","staple","","",""
"258","Chicken and Sausage Gumbo","1/2 cup flour","All-purpose flour","staple","","",""
"258","Chicken and Sausage Gumbo","1 onion, diced","Onion","","","",""
"258","Chicken and Sausage Gumbo","1 bell pepper, diced","Bell pepper","","","",""
"258","Chicken and Sausage Gumbo","2 celery stalks, diced","Celery","","","",""
"258","Chicken and Sausage Gumbo","3 cloves garlic, minced","Garlic","staple","","",""
"258","Chicken and Sausage Gumbo","1 cup okra, sliced","Okra","","","",""
"258","Chicken and Sausage Gumbo","6 cups chicken broth","Chicken broth","","","",""
"258","Chicken and Sausage Gumbo","1 can (14 oz) diced tomatoes","Canned tomatoes","","","",""
"258","Chicken and Sausage Gumbo","2 tbsp cajun seasoning","Cajun seasoning","","","",""
"258","Chicken and Sausage Gumbo","1 tsp salt","Salt","staple","","",""
"259","Vegetarian Red Beans and Rice","2 cans (15 oz each) kidney beans, drained","Kidney beans","","","",""
"259","Vegetarian Red Beans and Rice","1 onion, diced","Onion","","","",""
"259","Vegetarian Red Beans and Rice","1 bell pepper, diced","Bell pepper","","","",""
"259","Vegetarian Red Beans and Rice","2 celery stalks, diced","Celery","","","",""
"259","Vegetarian Red Beans and Rice","3 cloves garlic, minced","Garlic","staple","","",""
"259","Vegetarian Red Beans and Rice","2 tbsp vegetable oil","Vegetable oil","staple","","",""
"259","Vegetarian Red Beans and Rice","2 tsp smoked paprika","Smoked paprika","","","",""
"259","Vegetarian Red Beans and Rice","1 tbsp cajun seasoning","Cajun seasoning","","","",""
"259","Vegetarian Red Beans and Rice","3 cups vegetable broth","Vegetable broth","","","",""
"259","Vegetarian Red Beans and Rice","1 1/2 cups rice","White rice","","","",""
"259","Vegetarian Red Beans and Rice","1 tsp salt","Salt","staple","","",""
"260","Shrimp and Grits","1 lb shrimp, peeled and deveined","Shrimp","","","",""
"260","Shrimp and Grits","1 cup grits","Cornmeal / grits","","","",""
"260","Shrimp and Grits","3 cups milk","Milk","","","",""
"260","Shrimp and Grits","1 cup shredded cheddar cheese","Cheddar","","","",""
"260","Shrimp and Grits","2 tbsp butter","Butter","staple","","",""
"260","Shrimp and Grits","3 strips bacon, chopped","Bacon","","","",""
"260","Shrimp and Grits","2 cloves garlic, minced","Garlic","staple","","",""
"260","Shrimp and Grits","1 tsp paprika","Paprika","staple","","",""
"260","Shrimp and Grits","1 tsp salt","Salt","staple","","",""
"260","Shrimp and Grits","1/2 tsp black pepper","Black pepper","staple","","",""
"261","Crab Cakes with Remoulade","1 lb crab meat, picked over","Crab","","","",""
"261","Crab Cakes with Remoulade","1/2 cup breadcrumbs","Breadcrumbs","","","",""
"261","Crab Cakes with Remoulade","1 egg","Eggs","","","",""
"261","Crab Cakes with Remoulade","3 tbsp mayonnaise","Mayonnaise","","","",""
"261","Crab Cakes with Remoulade","1 tbsp mustard","Yellow mustard","","","",""
"261","Crab Cakes with Remoulade","1 tsp paprika","Paprika","staple","","",""
"261","Crab Cakes with Remoulade","2 tbsp vegetable oil","Vegetable oil","staple","","",""
"261","Crab Cakes with Remoulade","1/2 cup mayonnaise (for remoulade)","Mayonnaise","","","",""
"261","Crab Cakes with Remoulade","1 tbsp pickle relish","Pickles / relish","","","",""
"261","Crab Cakes with Remoulade","1 tsp hot sauce","Hot sauce","staple","","",""
"261","Crab Cakes with Remoulade","1 tsp lemon juice","Lemons","","","",""
"262","New England Lobster Rolls","1 lb cooked lobster meat, chopped","Lobster","","","",""
"262","New England Lobster Rolls","1/3 cup mayonnaise","Mayonnaise","","","",""
"262","New England Lobster Rolls","1 celery stalk, finely diced","Celery","","","",""
"262","New England Lobster Rolls","1 tbsp lemon juice","Lemons","","","",""
"262","New England Lobster Rolls","1 tbsp chives, chopped","Green onions","","","",""
"262","New England Lobster Rolls","4 split-top hot dog buns","Buns and rolls","","","",""
"262","New England Lobster Rolls","3 tbsp butter, softened","Butter","staple","","",""
"262","New England Lobster Rolls","1/4 tsp salt","Salt","staple","","",""
"262","New England Lobster Rolls","pinch of black pepper","Black pepper","staple","","",""
"263","Grilled Ribeye with Garlic Butter","2 ribeye steaks, about 1 inch thick","Beef steak","","","",""
"263","Grilled Ribeye with Garlic Butter","1 tsp salt","Salt","staple","","",""
"263","Grilled Ribeye with Garlic Butter","1/2 tsp black pepper","Black pepper","staple","","",""
"263","Grilled Ribeye with Garlic Butter","1 tbsp vegetable oil","Vegetable oil","staple","","",""
"263","Grilled Ribeye with Garlic Butter","4 tbsp butter, softened","Butter","staple","","",""
"263","Grilled Ribeye with Garlic Butter","2 cloves garlic, minced","Garlic","staple","","",""
"263","Grilled Ribeye with Garlic Butter","1 tbsp parsley, chopped","Parsley","","","",""
"264","Beef Stroganoff","1 1/2 lbs beef sirloin, thinly sliced","Beef steak","","","",""
"264","Beef Stroganoff","2 tbsp vegetable oil","Vegetable oil","staple","","",""
"264","Beef Stroganoff","8 oz mushrooms, sliced","Mushrooms","","","",""
"264","Beef Stroganoff","1 onion, sliced","Onion","","","",""
"264","Beef Stroganoff","2 cloves garlic, minced","Garlic","staple","","",""
"264","Beef Stroganoff","2 tbsp flour","All-purpose flour","staple","","",""
"264","Beef Stroganoff","2 cups beef broth","Beef broth","","","",""
"264","Beef Stroganoff","1 cup sour cream","Sour cream","","","",""
"264","Beef Stroganoff","12 oz egg noodles","Egg noodles","","","",""
"264","Beef Stroganoff","1 tsp salt","Salt","staple","","",""
"264","Beef Stroganoff","1/2 tsp black pepper","Black pepper","staple","","",""
"265","Tuna Noodle Casserole","8 oz egg noodles","Egg noodles","","","",""
"265","Tuna Noodle Casserole","2 cans (5 oz each) tuna, drained","Canned tuna","","","",""
"265","Tuna Noodle Casserole","3 tbsp butter","Butter","staple","","",""
"265","Tuna Noodle Casserole","3 tbsp flour","All-purpose flour","staple","","",""
"265","Tuna Noodle Casserole","2 cups milk","Milk","","","",""
"265","Tuna Noodle Casserole","1 cup shredded cheddar cheese","Cheddar","","","",""
"265","Tuna Noodle Casserole","1 cup frozen peas","Peas","","","",""
"265","Tuna Noodle Casserole","1/2 cup breadcrumbs","Breadcrumbs","","","",""
"265","Tuna Noodle Casserole","1 tsp salt","Salt","staple","","",""
"265","Tuna Noodle Casserole","1/2 tsp black pepper","Black pepper","staple","","",""
"266","King Ranch Chicken Casserole","3 cups cooked chicken, shredded","Cooked chicken","","","",""
"266","King Ranch Chicken Casserole","10 small corn tortillas, torn into pieces","Corn tortillas","","","",""
"266","King Ranch Chicken Casserole","1 can (10 oz) diced tomatoes with green chilies","Canned tomatoes","","","",""
"266","King Ranch Chicken Casserole","1 cup sour cream","Sour cream","","","",""
"266","King Ranch Chicken Casserole","1 can (10 oz) cream of chicken soup","Cream of chicken soup","","","",""
"266","King Ranch Chicken Casserole","1 onion, diced","Onion","","","",""
"266","King Ranch Chicken Casserole","1 bell pepper, diced","Bell pepper","","","",""
"266","King Ranch Chicken Casserole","2 cups shredded cheddar cheese","Cheddar","","","",""
"266","King Ranch Chicken Casserole","1 tsp cumin","Cumin","staple","","",""
"266","King Ranch Chicken Casserole","1 tsp salt","Salt","staple","","",""
"267","Buffalo Chicken Macaroni and Cheese","1 lb elbow macaroni","Dry pasta","","","",""
"267","Buffalo Chicken Macaroni and Cheese","2 cups cooked chicken, shredded","Cooked chicken","","","",""
"267","Buffalo Chicken Macaroni and Cheese","1/2 cup buffalo sauce","Buffalo sauce","","","",""
"267","Buffalo Chicken Macaroni and Cheese","4 tbsp butter","Butter","staple","","",""
"267","Buffalo Chicken Macaroni and Cheese","4 tbsp flour","All-purpose flour","staple","","",""
"267","Buffalo Chicken Macaroni and Cheese","3 cups milk","Milk","","","",""
"267","Buffalo Chicken Macaroni and Cheese","3 cups shredded cheddar cheese","Cheddar","","","",""
"267","Buffalo Chicken Macaroni and Cheese","1/4 cup blue cheese, crumbled","Blue cheese","","","",""
"267","Buffalo Chicken Macaroni and Cheese","1/2 tsp salt","Salt","staple","","",""
"268","Roast Turkey Breast with Pan Gravy","3 lb boneless turkey breast","Turkey breast","","","",""
"268","Roast Turkey Breast with Pan Gravy","2 tbsp olive oil","Olive oil","staple","","",""
"268","Roast Turkey Breast with Pan Gravy","1 tsp paprika","Paprika","staple","","",""
"268","Roast Turkey Breast with Pan Gravy","1 tsp onion powder","Onion powder","staple","","",""
"268","Roast Turkey Breast with Pan Gravy","1 tsp salt","Salt","staple","","",""
"268","Roast Turkey Breast with Pan Gravy","1/2 tsp black pepper","Black pepper","staple","","",""
"268","Roast Turkey Breast with Pan Gravy","2 cups chicken broth","Chicken broth","","","",""
"268","Roast Turkey Breast with Pan Gravy","2 tbsp flour","All-purpose flour","staple","","",""
"269","Spinach and Cheese Stuffed Chicken Breast","4 boneless chicken breasts","Chicken breast","","","",""
"269","Spinach and Cheese Stuffed Chicken Breast","2 cups fresh spinach, chopped","Spinach","","","",""
"269","Spinach and Cheese Stuffed Chicken Breast","1 cup shredded mozzarella cheese","Mozzarella","","","",""
"269","Spinach and Cheese Stuffed Chicken Breast","1/4 cup cream cheese, softened","Cream cheese","","","",""
"269","Spinach and Cheese Stuffed Chicken Breast","2 cloves garlic, minced","Garlic","staple","","",""
"269","Spinach and Cheese Stuffed Chicken Breast","2 tbsp olive oil","Olive oil","staple","","",""
"269","Spinach and Cheese Stuffed Chicken Breast","1 tsp paprika","Paprika","staple","","",""
"269","Spinach and Cheese Stuffed Chicken Breast","1 tsp salt","Salt","staple","","",""
"269","Spinach and Cheese Stuffed Chicken Breast","1/2 tsp black pepper","Black pepper","staple","","",""
"270","Oven-Fried Chicken Tenders with Honey Mustard","1 1/2 lbs chicken tenders","Chicken breast","","","",""
"270","Oven-Fried Chicken Tenders with Honey Mustard","1 cup panko breadcrumbs","Breadcrumbs","","","",""
"270","Oven-Fried Chicken Tenders with Honey Mustard","1/2 cup flour","All-purpose flour","staple","","",""
"270","Oven-Fried Chicken Tenders with Honey Mustard","2 eggs, beaten","Eggs","","","",""
"270","Oven-Fried Chicken Tenders with Honey Mustard","1 tsp paprika","Paprika","staple","","",""
"270","Oven-Fried Chicken Tenders with Honey Mustard","1 tsp salt","Salt","staple","","",""
"270","Oven-Fried Chicken Tenders with Honey Mustard","1/2 tsp black pepper","Black pepper","staple","","",""
"270","Oven-Fried Chicken Tenders with Honey Mustard","1/4 cup honey","Honey","staple","","",""
"270","Oven-Fried Chicken Tenders with Honey Mustard","3 tbsp mustard","Yellow mustard","","","",""
"270","Oven-Fried Chicken Tenders with Honey Mustard","2 tbsp mayonnaise","Mayonnaise","","","",""
"271","Barbecue Turkey Meatballs with Rice","1 1/2 lbs ground turkey","Ground turkey","","","",""
"271","Barbecue Turkey Meatballs with Rice","1/2 cup breadcrumbs","Breadcrumbs","","","",""
"271","Barbecue Turkey Meatballs with Rice","1 egg","Eggs","","","",""
"271","Barbecue Turkey Meatballs with Rice","1 small onion, grated","Onion","","","",""
"271","Barbecue Turkey Meatballs with Rice","2 cloves garlic, minced","Garlic","staple","","",""
"271","Barbecue Turkey Meatballs with Rice","1 cup barbecue sauce, divided","Barbecue sauce","","","",""
"271","Barbecue Turkey Meatballs with Rice","1 1/2 cups rice","White rice","","","",""
"271","Barbecue Turkey Meatballs with Rice","3 cups chicken broth","Chicken broth","","","",""
"271","Barbecue Turkey Meatballs with Rice","1 tsp salt","Salt","staple","","",""
"271","Barbecue Turkey Meatballs with Rice","1/2 tsp black pepper","Black pepper","staple","","",""
"272","Baked Beans and Cornbread Skillet","2 cans (15 oz each) navy beans, drained","White beans","","","",""
"272","Baked Beans and Cornbread Skillet","1 onion, diced","Onion","","","",""
"272","Baked Beans and Cornbread Skillet","1/2 cup ketchup","Ketchup","","","",""
"272","Baked Beans and Cornbread Skillet","1/4 cup brown sugar","Brown sugar","staple","","",""
"272","Baked Beans and Cornbread Skillet","2 tbsp mustard","Yellow mustard","","","",""
"272","Baked Beans and Cornbread Skillet","1 cup vegetable broth","Vegetable broth","","","",""
"272","Baked Beans and Cornbread Skillet","1 cup cornmeal","Cornmeal / grits","","","",""
"272","Baked Beans and Cornbread Skillet","1 cup flour","All-purpose flour","staple","","",""
"272","Baked Beans and Cornbread Skillet","1 tbsp baking powder","Baking powder","staple","","",""
"272","Baked Beans and Cornbread Skillet","1 cup milk","Milk","","","",""
"272","Baked Beans and Cornbread Skillet","1 egg","Eggs","","","",""
"272","Baked Beans and Cornbread Skillet","3 tbsp butter, melted","Butter","staple","","",""
"273","Pan-Seared Salmon with Dill Cream Sauce","4 salmon fillets, skin on","Salmon","","","",""
"273","Pan-Seared Salmon with Dill Cream Sauce","2 tbsp olive oil","Olive oil","staple","","",""
"273","Pan-Seared Salmon with Dill Cream Sauce","1/2 cup heavy cream","Heavy cream","","","",""
"273","Pan-Seared Salmon with Dill Cream Sauce","1/4 cup sour cream","Sour cream","","","",""
"273","Pan-Seared Salmon with Dill Cream Sauce","2 tbsp fresh dill, chopped","Dill","","","",""
"273","Pan-Seared Salmon with Dill Cream Sauce","1 tbsp lemon juice","Lemons","","","",""
"273","Pan-Seared Salmon with Dill Cream Sauce","1 small shallot, minced","Shallots","","","",""
"273","Pan-Seared Salmon with Dill Cream Sauce","1/2 cup chicken or vegetable broth","Chicken broth OR Vegetable broth","","","",""
"274","Baked Lemon Butter Cod","4 cod fillets","White fish (cod / tilapia)","","","",""
"274","Baked Lemon Butter Cod","4 tbsp butter, melted","Butter","staple","","",""
"274","Baked Lemon Butter Cod","2 tbsp lemon juice","Lemons","","","",""
"274","Baked Lemon Butter Cod","1 lemon, sliced","Lemons","","","",""
"274","Baked Lemon Butter Cod","2 cloves garlic, minced","Garlic","staple","","",""
"274","Baked Lemon Butter Cod","1 tbsp fresh parsley, chopped","Parsley","","","",""
"274","Baked Lemon Butter Cod","1/2 tsp paprika","Paprika","staple","","",""
"275","Fish and Chips","4 white fish fillets (cod or haddock)","White fish (cod / tilapia)","","","",""
"275","Fish and Chips","1 cup flour, divided","All-purpose flour","staple","","",""
"275","Fish and Chips","1 tsp baking powder","Baking powder","staple","","",""
"275","Fish and Chips","1 cup cold sparkling water","Water","staple","","",""
"275","Fish and Chips","4 medium potatoes, cut into thick chips","Potatoes","","","",""
"275","Fish and Chips","3 cups vegetable oil, for frying","Vegetable oil","staple","","",""
"275","Fish and Chips","1/2 tsp paprika","Paprika","staple","","",""
"275","Fish and Chips","1 lemon, cut into wedges","Lemons","","","",""
"276","Grilled Halibut with Mango Salsa","4 halibut fillets","White fish (cod / tilapia)","","","",""
"276","Grilled Halibut with Mango Salsa","2 tbsp olive oil","Olive oil","staple","","",""
"276","Grilled Halibut with Mango Salsa","1 mango, diced","Mango","","","",""
"276","Grilled Halibut with Mango Salsa","1/2 red onion, finely diced","Red onion","","","",""
"276","Grilled Halibut with Mango Salsa","1/2 red bell pepper, diced","Bell pepper","","","",""
"276","Grilled Halibut with Mango Salsa","1 tbsp lime juice","Limes","","","",""
"276","Grilled Halibut with Mango Salsa","2 tbsp fresh cilantro, chopped","Cilantro","","","",""
"276","Grilled Halibut with Mango Salsa","1 small jalapeno, minced","Fresh chili peppers","","","",""
"277","Blackened Tilapia with Rice","4 tilapia fillets","White fish (cod / tilapia)","","","",""
"277","Blackened Tilapia with Rice","2 tbsp olive oil","Olive oil","staple","","",""
"277","Blackened Tilapia with Rice","1 tbsp paprika","Paprika","staple","","",""
"277","Blackened Tilapia with Rice","1 tsp cayenne pepper","Cayenne pepper","","","",""
"277","Blackened Tilapia with Rice","1 tsp onion powder","Onion powder","staple","","",""
"277","Blackened Tilapia with Rice","1 tsp garlic powder","Garlic powder","staple","","",""
"277","Blackened Tilapia with Rice","1 1/2 cups cooked white rice","Cooked rice","","","",""
"277","Blackened Tilapia with Rice","1 lime, cut into wedges","Limes","","","",""
"278","Cioppino","1 lb shrimp, peeled and deveined","Shrimp","","","",""
"278","Cioppino","1/2 lb clams, scrubbed","Clams","","","",""
"278","Cioppino","1/2 lb mussels, scrubbed","Mussels","","","",""
"278","Cioppino","1/2 lb white fish, cut into chunks","White fish (cod / tilapia)","","","",""
"278","Cioppino","1 can (28 oz) crushed tomatoes","Canned tomatoes","","","",""
"278","Cioppino","1 cup dry white wine","White wine","","","",""
"278","Cioppino","1/2 onion, diced","Onion","","","",""
"278","Cioppino","3 cloves garlic, minced","Garlic","staple","","",""
"278","Cioppino","2 cups seafood or vegetable stock","Seafood stock / clam juice OR Vegetable broth","","","",""
"279","Mussels in White Wine and Garlic","2 lbs mussels, scrubbed and debearded","Mussels","","","",""
"279","Mussels in White Wine and Garlic","3 tbsp butter","Butter","staple","","",""
"279","Mussels in White Wine and Garlic","4 cloves garlic, minced","Garlic","staple","","",""
"279","Mussels in White Wine and Garlic","1 shallot, minced","Shallots","","","",""
"279","Mussels in White Wine and Garlic","1 cup dry white wine","White wine","","","",""
"279","Mussels in White Wine and Garlic","1/4 cup fresh parsley, chopped","Parsley","","","",""
"279","Mussels in White Wine and Garlic","1 lemon, cut into wedges","Lemons","","","",""
"280","Garlic Butter Scallops","1 lb large scallops, patted dry","Scallops","","","",""
"280","Garlic Butter Scallops","3 tbsp butter","Butter","staple","","",""
"280","Garlic Butter Scallops","1 tbsp olive oil","Olive oil","staple","","",""
"280","Garlic Butter Scallops","4 cloves garlic, minced","Garlic","staple","","",""
"280","Garlic Butter Scallops","1 tbsp lemon juice","Lemons","","","",""
"280","Garlic Butter Scallops","2 tbsp fresh parsley, chopped","Parsley","","","",""
"281","Sesame Crusted Tuna Steak","4 tuna steaks","Fresh tuna","","","",""
"281","Sesame Crusted Tuna Steak","1/4 cup sesame seeds, mixed white and black","Sesame seeds","","","",""
"281","Sesame Crusted Tuna Steak","2 tbsp soy sauce","Soy sauce","staple","","",""
"281","Sesame Crusted Tuna Steak","1 tbsp sesame oil","Sesame oil","staple","","",""
"281","Sesame Crusted Tuna Steak","1 tbsp vegetable oil","Vegetable oil","staple","","",""
"281","Sesame Crusted Tuna Steak","1 tsp fresh ginger, grated","Fresh ginger","staple","","",""
"281","Sesame Crusted Tuna Steak","2 green onions, sliced","Green onions","","","",""
"282","Coq au Vin","4 chicken thighs and 4 drumsticks, skin on","Chicken thighs + Chicken drumsticks","","","",""
"282","Coq au Vin","4 slices bacon, chopped","Bacon","","","",""
"282","Coq au Vin","8 oz mushrooms, halved","Mushrooms","","","",""
"282","Coq au Vin","1 onion, sliced","Onion","","","",""
"282","Coq au Vin","2 carrots, sliced","Carrots","","","",""
"282","Coq au Vin","2 cups red wine","Red wine","","","",""
"282","Coq au Vin","1 cup chicken stock","Chicken broth","","","",""
"282","Coq au Vin","2 tbsp butter","Butter","staple","","",""
"282","Coq au Vin","2 tbsp flour","All-purpose flour","staple","","",""
"283","Beef Bourguignon","2 lbs beef chuck, cut into chunks","Beef roast / stew meat","","","",""
"283","Beef Bourguignon","4 oz bacon, chopped","Bacon","","","",""
"283","Beef Bourguignon","1 onion, diced","Onion","","","",""
"283","Beef Bourguignon","2 carrots, sliced","Carrots","","","",""
"283","Beef Bourguignon","8 oz mushrooms, halved","Mushrooms","","","",""
"283","Beef Bourguignon","2 cups red wine","Red wine","","","",""
"283","Beef Bourguignon","2 cups beef stock","Beef broth","","","",""
"283","Beef Bourguignon","2 tbsp tomato paste","Tomato paste","","","",""
"283","Beef Bourguignon","2 tbsp flour","All-purpose flour","staple","","",""
"284","Ratatouille","1 eggplant, diced","Eggplant","","","",""
"284","Ratatouille","2 zucchini, diced","Zucchini","","","",""
"284","Ratatouille","1 red bell pepper, diced","Bell pepper","","","",""
"284","Ratatouille","1 yellow bell pepper, diced","Bell pepper","","","",""
"284","Ratatouille","1 onion, diced","Onion","","","",""
"284","Ratatouille","3 tomatoes, diced","Tomatoes","","","",""
"284","Ratatouille","3 tbsp olive oil","Olive oil","staple","","",""
"284","Ratatouille","2 tbsp tomato paste","Tomato paste","","","",""
"284","Ratatouille","2 tbsp fresh basil, chopped","Basil","","","",""
"285","Chicken Cordon Bleu","4 chicken breasts, butterflied","Chicken breast","","","",""
"285","Chicken Cordon Bleu","4 slices ham","Ham","","","",""
"285","Chicken Cordon Bleu","4 slices Swiss cheese","Swiss / Gruyère","","","",""
"285","Chicken Cordon Bleu","1 cup breadcrumbs","Breadcrumbs","","","",""
"285","Chicken Cordon Bleu","2 eggs, beaten","Eggs","","","",""
"285","Chicken Cordon Bleu","1/2 cup flour","All-purpose flour","staple","","",""
"285","Chicken Cordon Bleu","2 tbsp butter","Butter","staple","","",""
"285","Chicken Cordon Bleu","2 tbsp olive oil","Olive oil","staple","","",""
"286","Quiche Lorraine","1 pie crust, unbaked","Pie crust / phyllo","","","",""
"286","Quiche Lorraine","6 slices bacon, chopped","Bacon","","","",""
"286","Quiche Lorraine","1 onion, diced","Onion","","","",""
"286","Quiche Lorraine","4 eggs","Eggs","","","",""
"286","Quiche Lorraine","1 cup heavy cream","Heavy cream","","","",""
"286","Quiche Lorraine","1/2 cup milk","Milk","","","",""
"286","Quiche Lorraine","1 cup Gruyere cheese, grated","Swiss / Gruyère","","","",""
"287","Spinach and Mushroom Quiche","1 pie crust, unbaked","Pie crust / phyllo","","","",""
"287","Spinach and Mushroom Quiche","2 cups fresh spinach, chopped","Spinach","","","",""
"287","Spinach and Mushroom Quiche","8 oz mushrooms, sliced","Mushrooms","","","",""
"287","Spinach and Mushroom Quiche","1 small onion, diced","Onion","","","",""
"287","Spinach and Mushroom Quiche","4 eggs","Eggs","","","",""
"287","Spinach and Mushroom Quiche","1 cup heavy cream","Heavy cream","","","",""
"287","Spinach and Mushroom Quiche","1/2 cup milk","Milk","","","",""
"287","Spinach and Mushroom Quiche","1 cup cheddar cheese, grated","Cheddar","","","",""
"288","Steak Frites with Herb Butter","2 ribeye or sirloin steaks","Beef steak","","","",""
"288","Steak Frites with Herb Butter","4 tbsp butter, softened","Butter","staple","","",""
"288","Steak Frites with Herb Butter","1 tbsp fresh parsley, chopped","Parsley","","","",""
"288","Steak Frites with Herb Butter","1 tsp fresh chives, chopped","Green onions","","","",""
"288","Steak Frites with Herb Butter","1 tsp lemon juice","Lemons","","","",""
"288","Steak Frites with Herb Butter","4 medium potatoes, cut into thin fries","Potatoes","","","",""
"288","Steak Frites with Herb Butter","3 cups vegetable oil, for frying","Vegetable oil","staple","","",""
"288","Steak Frites with Herb Butter","1 tbsp olive oil","Olive oil","staple","","",""
"289","Salmon en Papillote","4 salmon fillets","Salmon","","","",""
"289","Salmon en Papillote","1 zucchini, thinly sliced","Zucchini","","","",""
"289","Salmon en Papillote","1 carrot, julienned","Carrots","","","",""
"289","Salmon en Papillote","1 lemon, thinly sliced","Lemons","","","",""
"289","Salmon en Papillote","2 tbsp olive oil","Olive oil","staple","","",""
"289","Salmon en Papillote","2 tbsp fresh dill, chopped","Dill","","","",""
"289","Salmon en Papillote","1/4 cup dry white wine","White wine","","","",""
"290","Vegetable Lasagna","9 lasagna noodles","Dry pasta","","","",""
"290","Vegetable Lasagna","2 cups ricotta cheese","Ricotta","","","",""
"290","Vegetable Lasagna","2 cups mozzarella cheese, shredded","Mozzarella","","","",""
"290","Vegetable Lasagna","1/2 cup parmesan cheese, grated","Parmesan / pecorino","","","",""
"290","Vegetable Lasagna","1 egg","Eggs","","","",""
"290","Vegetable Lasagna","2 cups marinara sauce","Marinara / pizza sauce","","","",""
"290","Vegetable Lasagna","1 zucchini, diced","Zucchini","","","",""
"290","Vegetable Lasagna","2 cups fresh spinach, chopped","Spinach","","","",""
"290","Vegetable Lasagna","8 oz mushrooms, sliced","Mushrooms","","","",""
"291","Mushroom Stroganoff","1 lb mixed mushrooms, sliced","Mushrooms","","","",""
"291","Mushroom Stroganoff","1 onion, diced","Onion","","","",""
"291","Mushroom Stroganoff","2 cloves garlic, minced","Garlic","staple","","",""
"291","Mushroom Stroganoff","1 cup sour cream","Sour cream","","","",""
"291","Mushroom Stroganoff","1 cup vegetable stock","Vegetable broth","","","",""
"291","Mushroom Stroganoff","2 tbsp flour","All-purpose flour","staple","","",""
"291","Mushroom Stroganoff","2 tbsp butter","Butter","staple","","",""
"291","Mushroom Stroganoff","8 oz egg noodles","Egg noodles","","","",""
"292","Lentil Shepherd's Pie","1 1/2 cups dried lentils, cooked","Lentils","","","",""
"292","Lentil Shepherd's Pie","1 onion, diced","Onion","","","",""
"292","Lentil Shepherd's Pie","2 carrots, diced","Carrots","","","",""
"292","Lentil Shepherd's Pie","1 cup frozen peas","Peas","","","",""
"292","Lentil Shepherd's Pie","2 cups vegetable stock","Vegetable broth","","","",""
"292","Lentil Shepherd's Pie","2 tbsp tomato paste","Tomato paste","","","",""
"292","Lentil Shepherd's Pie","2 lbs potatoes, peeled and cubed","Potatoes","","","",""
"292","Lentil Shepherd's Pie","4 tbsp butter","Butter","staple","","",""
"292","Lentil Shepherd's Pie","1/4 cup milk","Milk","","","",""
"293","Stuffed Portobello Mushrooms","4 large portobello mushroom caps, stems removed","Mushrooms","","","",""
"293","Stuffed Portobello Mushrooms","2 cups fresh spinach, chopped","Spinach","","","",""
"293","Stuffed Portobello Mushrooms","1/2 cup ricotta cheese","Ricotta","","","",""
"293","Stuffed Portobello Mushrooms","1/2 cup mozzarella cheese, shredded","Mozzarella","","","",""
"293","Stuffed Portobello Mushrooms","1/4 cup breadcrumbs","Breadcrumbs","","","",""
"293","Stuffed Portobello Mushrooms","2 cloves garlic, minced","Garlic","staple","","",""
"293","Stuffed Portobello Mushrooms","2 tbsp olive oil","Olive oil","staple","","",""
"293","Stuffed Portobello Mushrooms","1 tbsp balsamic vinegar","Balsamic vinegar","","","",""
"294","Cauliflower Steaks with Chimichurri","1 large head cauliflower, cut into thick steaks","Cauliflower","","","",""
"294","Cauliflower Steaks with Chimichurri","3 tbsp olive oil, divided","Olive oil","staple","","",""
"294","Cauliflower Steaks with Chimichurri","1/2 cup fresh parsley, chopped","Parsley","","","",""
"294","Cauliflower Steaks with Chimichurri","2 tbsp fresh oregano, chopped","Fresh oregano","","","",""
"294","Cauliflower Steaks with Chimichurri","2 cloves garlic, minced","Garlic","staple","","",""
"294","Cauliflower Steaks with Chimichurri","2 tbsp red wine vinegar","Red wine vinegar","staple","","",""
"294","Cauliflower Steaks with Chimichurri","1/4 tsp red pepper flakes","Red pepper flakes","staple","","",""
"295","Butternut Squash and Sage Risotto","2 cups butternut squash, diced","Butternut squash","","","",""
"295","Butternut Squash and Sage Risotto","1 1/2 cups arborio rice","White rice","","","",""
"295","Butternut Squash and Sage Risotto","4 cups vegetable stock, warmed","Vegetable broth","","","",""
"295","Butternut Squash and Sage Risotto","1/2 onion, diced","Onion","","","",""
"295","Butternut Squash and Sage Risotto","1/2 cup dry white wine","White wine","","","",""
"295","Butternut Squash and Sage Risotto","4 tbsp butter, divided","Butter","staple","","",""
"295","Butternut Squash and Sage Risotto","1/2 cup parmesan cheese, grated","Parmesan / pecorino","","","",""
"295","Butternut Squash and Sage Risotto","2 tbsp fresh sage, chopped","Sage","","","",""
"296","Vegetable Biryani","2 cups basmati rice","White rice","","","",""
"296","Vegetable Biryani","1 carrot, diced","Carrots","","","",""
"296","Vegetable Biryani","1 potato, diced","Potatoes","","","",""
"296","Vegetable Biryani","1/2 cup green beans, chopped","Green beans","","","",""
"296","Vegetable Biryani","1/2 cup frozen peas","Peas","","","",""
"296","Vegetable Biryani","1 onion, thinly sliced","Onion","","","",""
"296","Vegetable Biryani","3 tbsp vegetable oil","Vegetable oil","staple","","",""
"296","Vegetable Biryani","2 tsp garam masala","Garam masala","","","",""
"296","Vegetable Biryani","1 tsp turmeric","Turmeric","","","",""
"296","Vegetable Biryani","2 1/2 cups vegetable stock","Vegetable broth","","","",""
"297","Coconut Chickpea and Sweet Potato Stew","2 cans (15 oz) chickpeas, drained and rinsed","Chickpeas","","","",""
"297","Coconut Chickpea and Sweet Potato Stew","2 sweet potatoes, peeled and cubed","Sweet potatoes","","","",""
"297","Coconut Chickpea and Sweet Potato Stew","1 can (14 oz) coconut milk","Coconut milk","","","",""
"297","Coconut Chickpea and Sweet Potato Stew","1 onion, diced","Onion","","","",""
"297","Coconut Chickpea and Sweet Potato Stew","2 cloves garlic, minced","Garlic","staple","","",""
"297","Coconut Chickpea and Sweet Potato Stew","1 tbsp curry powder","Curry powder","","","",""
"297","Coconut Chickpea and Sweet Potato Stew","1 tsp ground cumin","Cumin","staple","","",""
"297","Coconut Chickpea and Sweet Potato Stew","2 cups vegetable stock","Vegetable broth","","","",""
"298","Eggplant and Chickpea Tagine","1 large eggplant, cubed","Eggplant","","","",""
"298","Eggplant and Chickpea Tagine","1 can (15 oz) chickpeas, drained and rinsed","Chickpeas","","","",""
"298","Eggplant and Chickpea Tagine","1 can (14 oz) diced tomatoes","Canned tomatoes","","","",""
"298","Eggplant and Chickpea Tagine","1 onion, diced","Onion","","","",""
"298","Eggplant and Chickpea Tagine","2 cloves garlic, minced","Garlic","staple","","",""
"298","Eggplant and Chickpea Tagine","1 tsp ground cumin","Cumin","staple","","",""
"298","Eggplant and Chickpea Tagine","1 tsp ground cinnamon","Cinnamon","staple","","",""
"298","Eggplant and Chickpea Tagine","1/4 cup dried apricots, chopped","Dried fruit","","","",""
"298","Eggplant and Chickpea Tagine","2 cups vegetable stock","Vegetable broth","","","",""
"299","Lentil Bolognese with Spaghetti","1 cup dried brown lentils","Lentils","","","",""
"299","Lentil Bolognese with Spaghetti","12 oz spaghetti","Dry pasta","","","",""
"299","Lentil Bolognese with Spaghetti","1 can (28 oz) crushed tomatoes","Canned tomatoes","","","",""
"299","Lentil Bolognese with Spaghetti","1 onion, diced","Onion","","","",""
"299","Lentil Bolognese with Spaghetti","1 carrot, diced","Carrots","","","",""
"299","Lentil Bolognese with Spaghetti","1 celery stalk, diced","Celery","","","",""
"299","Lentil Bolognese with Spaghetti","2 cloves garlic, minced","Garlic","staple","","",""
"299","Lentil Bolognese with Spaghetti","1/2 cup red wine","Red wine","","","",""
"299","Lentil Bolognese with Spaghetti","2 tbsp tomato paste","Tomato paste","","","",""
"300","Black Bean Burgers with Avocado","2 cans (15 oz) black beans, drained and rinsed","Black beans","","","",""
"300","Black Bean Burgers with Avocado","1/2 cup breadcrumbs","Breadcrumbs","","","",""
"300","Black Bean Burgers with Avocado","1 egg","Eggs","","","",""
"300","Black Bean Burgers with Avocado","1/2 red onion, finely diced","Red onion","","","",""
"300","Black Bean Burgers with Avocado","2 cloves garlic, minced","Garlic","staple","","",""
"300","Black Bean Burgers with Avocado","1 tsp ground cumin","Cumin","staple","","",""
"300","Black Bean Burgers with Avocado","1 avocado, sliced","Avocados","","","",""
"300","Black Bean Burgers with Avocado","4 burger buns","Buns and rolls","","","",""
"300","Black Bean Burgers with Avocado","2 tbsp olive oil","Olive oil","staple","","",""
