"recipe_no","recipe","ingredient_line","counted_as","grams","kcal"
"1","Banana Berry Overnight Chia Oats","½ cup rolled oats","oats","40","153"
"1","Banana Berry Overnight Chia Oats","1 tbsp chia seeds","chia-seeds","12","58"
"1","Banana Berry Overnight Chia Oats","¾ cup milk (dairy or plant-based)","milk","183","92"
"1","Banana Berry Overnight Chia Oats","1 tbsp honey or maple syrup","honey","21","65"
"1","Banana Berry Overnight Chia Oats","½ sliced banana","bananas","59","53"
"1","Banana Berry Overnight Chia Oats","⅓ cup frozen or fresh berries","berries","48","24"
"2","Spinach, Egg and Avocado Breakfast Wrap","2 large eggs","eggs","100","143"
"2","Spinach, Egg and Avocado Breakfast Wrap","1 cup fresh baby spinach","spinach","30","7"
"2","Spinach, Egg and Avocado Breakfast Wrap","½ ripe avocado (mashed or sliced)","avocado","75","120"
"2","Spinach, Egg and Avocado Breakfast Wrap","1 large whole wheat tortilla","flour-tortillas","55","168"
"2","Spinach, Egg and Avocado Breakfast Wrap","2 tbsp salsa","salsa","32","12"
"3","High-Protein Greek Yogurt and Berry Parfait","¾ cup plain unsweetened Greek yogurt","greek-yogurt","172","126"
"3","High-Protein Greek Yogurt and Berry Parfait","½ cup mixed berries (strawberries, blueberries, raspberries)","berries","72","36"
"3","High-Protein Greek Yogurt and Berry Parfait","2 tbsp chopped almonds or walnuts","almonds","15","87"
"3","High-Protein Greek Yogurt and Berry Parfait","1 tsp honey","honey","7","22"
"3","High-Protein Greek Yogurt and Berry Parfait","Pinch of ground cinnamon","cinnamon","not counted",""
"4","Veggie Scramble with Feta and Herbs","4 large eggs","eggs","200","286"
"4","Veggie Scramble with Feta and Herbs","1 medium bell pepper (any color), diced","bell-pepper","150","39"
"4","Veggie Scramble with Feta and Herbs","1 medium tomato, diced","tomatoes","123","22"
"4","Veggie Scramble with Feta and Herbs","⅓ cup crumbled feta cheese","feta","50","132"
"4","Veggie Scramble with Feta and Herbs","2 tbsp fresh herbs (parsley, dill, or chives), chopped","parsley","8","3"
"4","Veggie Scramble with Feta and Herbs","1 tbsp olive oil","olive-oil","14","119"
"5","Mushroom and Spinach Egg Muffin Cups","5 large eggs","eggs","250","358"
"5","Mushroom and Spinach Egg Muffin Cups","1 cup cremini or white mushrooms, finely diced","mushrooms","70","15"
"5","Mushroom and Spinach Egg Muffin Cups","1 cup fresh baby spinach, roughly chopped","spinach","30","7"
"5","Mushroom and Spinach Egg Muffin Cups","⅓ cup shredded cheddar cheese","cheddar","38","152"
"5","Mushroom and Spinach Egg Muffin Cups","2 tbsp milk","milk","30","15"
"5","Mushroom and Spinach Egg Muffin Cups","1 tsp olive oil","olive-oil","4","40"
"5","Mushroom and Spinach Egg Muffin Cups","¼ tsp garlic powder","garlic-powder","1","3"
"6","Avocado and Egg Toast with Everything Seasoning","2 slices whole grain bread","bread","64","170"
"6","Avocado and Egg Toast with Everything Seasoning","1 ripe avocado","avocado","150","240"
"6","Avocado and Egg Toast with Everything Seasoning","2 large eggs","eggs","100","143"
"6","Avocado and Egg Toast with Everything Seasoning","1 tsp everything bagel seasoning","everything-seasoning","3","14"
"6","Avocado and Egg Toast with Everything Seasoning","1 tsp lemon juice","lemon","5","1"
"6","Avocado and Egg Toast with Everything Seasoning","1 tsp olive oil","olive-oil","4","40"
"7","Peanut Butter Banana Oatmeal","1 cup rolled oats","oats","81","307"
"7","Peanut Butter Banana Oatmeal","2 cups milk (dairy or unsweetened plant-based)","milk","488","244"
"7","Peanut Butter Banana Oatmeal","1 large ripe banana, sliced","bananas","118","105"
"7","Peanut Butter Banana Oatmeal","2 tbsp natural peanut butter","peanut-butter","32","190"
"7","Peanut Butter Banana Oatmeal","1 tbsp honey or maple syrup","honey","21","65"
"7","Peanut Butter Banana Oatmeal","¼ tsp cinnamon","cinnamon","1","2"
"7","Peanut Butter Banana Oatmeal","Pinch of salt","salt","not counted",""
"8","Savory Oatmeal with Soft Egg and Scallions","1 cup rolled oats","oats","81","307"
"8","Savory Oatmeal with Soft Egg and Scallions","2 cups low-sodium vegetable broth","vegetable-broth","480","24"
"8","Savory Oatmeal with Soft Egg and Scallions","2 large eggs","eggs","100","143"
"8","Savory Oatmeal with Soft Egg and Scallions","2 scallions, thinly sliced","green-onion","30","10"
"8","Savory Oatmeal with Soft Egg and Scallions","1 tbsp soy sauce (or tamari for gluten-free)","soy-sauce","16","8"
"8","Savory Oatmeal with Soft Egg and Scallions","1 tsp sesame oil","sesame-oil","5","40"
"8","Savory Oatmeal with Soft Egg and Scallions","½ tsp grated fresh ginger","ginger","1","1"
"8","Savory Oatmeal with Soft Egg and Scallions","Pinch of white or black pepper","black-pepper","not counted",""
"9","Whole Wheat Banana Pancakes","¾ cup whole wheat flour","whole-wheat-flour","90","306"
"9","Whole Wheat Banana Pancakes","1 large ripe banana, mashed","bananas","118","105"
"9","Whole Wheat Banana Pancakes","1 large egg","eggs","50","72"
"9","Whole Wheat Banana Pancakes","½ cup milk (dairy or unsweetened plant-based)","milk","122","61"
"9","Whole Wheat Banana Pancakes","1 tbsp maple syrup","maple-syrup","20","51"
"9","Whole Wheat Banana Pancakes","1 tsp baking powder","baking-powder","5","2"
"9","Whole Wheat Banana Pancakes","½ tsp cinnamon","cinnamon","1","3"
"9","Whole Wheat Banana Pancakes","¼ tsp vanilla extract","vanilla","1","3"
"9","Whole Wheat Banana Pancakes","Pinch of salt","salt","not counted",""
"9","Whole Wheat Banana Pancakes","1 tsp coconut oil for the pan","coconut-oil","5","41"
"10","Tropical Green Power Smoothie","2 cups packed fresh baby spinach","spinach","60","14"
"10","Tropical Green Power Smoothie","1 cup frozen mango chunks","mango","165","99"
"10","Tropical Green Power Smoothie","1 medium banana (fresh or frozen)","bananas","118","105"
"10","Tropical Green Power Smoothie","½ cup plain Greek yogurt","greek-yogurt","115","84"
"10","Tropical Green Power Smoothie","1 cup milk (dairy or unsweetened plant-based)","milk","244","122"
"10","Tropical Green Power Smoothie","½ cup water or ice, as needed","water","118","0"
"11","Peanut Butter and Chocolate Protein Smoothie","2 medium bananas (fresh or frozen)","bananas","236","210"
"11","Peanut Butter and Chocolate Protein Smoothie","2 tbsp natural peanut butter","peanut-butter","32","190"
"11","Peanut Butter and Chocolate Protein Smoothie","1 tbsp unsweetened cocoa powder","cocoa","5","12"
"11","Peanut Butter and Chocolate Protein Smoothie","½ cup plain Greek yogurt","greek-yogurt","115","84"
"11","Peanut Butter and Chocolate Protein Smoothie","1¼ cups milk (dairy or unsweetened plant-based)","milk","305","152"
"11","Peanut Butter and Chocolate Protein Smoothie","3 to 4 ice cubes (if using fresh bananas)","water","0","0"
"12","Ricotta and Berry Honey Toast","2 slices whole grain bread","bread","64","170"
"12","Ricotta and Berry Honey Toast","½ cup whole-milk or part-skim ricotta cheese","ricotta","123","214"
"12","Ricotta and Berry Honey Toast","½ cup mixed fresh berries","berries","72","36"
"12","Ricotta and Berry Honey Toast","1 tbsp honey","honey","21","65"
"12","Ricotta and Berry Honey Toast","½ tsp lemon zest","lemon","3","1"
"13","Cottage Cheese and Tomato Toast","2 slices whole grain bread","bread","64","170"
"13","Cottage Cheese and Tomato Toast","¾ cup cottage cheese","cottage-cheese","169","165"
"13","Cottage Cheese and Tomato Toast","1 medium ripe tomato, sliced","tomatoes","123","22"
"13","Cottage Cheese and Tomato Toast","1 tsp extra-virgin olive oil","olive-oil","4","40"
"13","Cottage Cheese and Tomato Toast","Freshly cracked black pepper to taste","black-pepper","not counted",""
"13","Cottage Cheese and Tomato Toast","Pinch of flaky sea salt","salt","not counted",""
"14","Apple Cinnamon Overnight Oats","1 cup rolled oats","oats","81","307"
"14","Apple Cinnamon Overnight Oats","1 cup milk (dairy or unsweetened plant-based)","milk","244","122"
"14","Apple Cinnamon Overnight Oats","½ cup plain Greek yogurt","greek-yogurt","115","84"
"14","Apple Cinnamon Overnight Oats","1 medium apple, cored and diced","apples","180","94"
"14","Apple Cinnamon Overnight Oats","1 tbsp maple syrup","maple-syrup","20","51"
"14","Apple Cinnamon Overnight Oats","½ tsp cinnamon","cinnamon","1","3"
"14","Apple Cinnamon Overnight Oats","2 tbsp chopped walnuts","walnuts","15","96"
"14","Apple Cinnamon Overnight Oats","Pinch of salt","salt","not counted",""
"15","Mediterranean Breakfast Bowl","1 cup pre-cooked quinoa","quinoa","60","222"
"15","Mediterranean Breakfast Bowl","2 large eggs","eggs","100","143"
"15","Mediterranean Breakfast Bowl","½ medium cucumber, diced","cucumber","125","19"
"15","Mediterranean Breakfast Bowl","1 cup cherry tomatoes, halved","cherry-tomatoes","149","27"
"15","Mediterranean Breakfast Bowl","¼ cup crumbled feta cheese","feta","38","99"
"15","Mediterranean Breakfast Bowl","8 to 10 Kalamata olives, halved","olives","32","42"
"15","Mediterranean Breakfast Bowl","1 tbsp extra-virgin olive oil","olive-oil","14","119"
"15","Mediterranean Breakfast Bowl","1 tsp red wine vinegar or lemon juice","red-wine-vinegar","5","1"
"15","Mediterranean Breakfast Bowl","¼ tsp dried oregano","oregano","0","1"
"16","Classic Buttermilk Pancakes","1 1/2 cups flour","flour","188","682"
"16","Classic Buttermilk Pancakes","3 1/2 tsp baking powder","baking-powder","16","9"
"16","Classic Buttermilk Pancakes","1 tbsp sugar","sugar","12","48"
"16","Classic Buttermilk Pancakes","1 1/4 cups buttermilk","buttermilk","306","122"
"16","Classic Buttermilk Pancakes","1 egg","eggs","50","72"
"16","Classic Buttermilk Pancakes","3 tbsp melted butter","butter","43","305"
"17","French Toast with Cinnamon and Maple","4 thick slices bread","bread","128","339"
"17","French Toast with Cinnamon and Maple","2 eggs","eggs","100","143"
"17","French Toast with Cinnamon and Maple","1/2 cup milk","milk","122","61"
"17","French Toast with Cinnamon and Maple","1 tsp cinnamon","cinnamon","3","6"
"17","French Toast with Cinnamon and Maple","1/2 tsp vanilla extract","vanilla","2","6"
"17","French Toast with Cinnamon and Maple","1 tbsp butter","butter","14","102"
"17","French Toast with Cinnamon and Maple","Maple syrup, for serving","maple-syrup","not counted",""
"18","Belgian Waffles","2 cups flour","flour","250","910"
"18","Belgian Waffles","1 tbsp sugar","sugar","12","48"
"18","Belgian Waffles","4 tsp baking powder","baking-powder","18","10"
"18","Belgian Waffles","2 eggs, separated","eggs","100","143"
"18","Belgian Waffles","1 3/4 cups milk","milk","427","214"
"18","Belgian Waffles","1/2 cup melted butter","butter","114","814"
"18","Belgian Waffles","1 tsp vanilla extract","vanilla","4","12"
"19","Eggs Benedict","2 English muffins, split","english-muffins","114","259"
"19","Eggs Benedict","4 slices Canadian bacon","canadian-bacon","112","123"
"19","Eggs Benedict","4 eggs","eggs","200","286"
"19","Eggs Benedict","2 egg yolks","eggs","100","143"
"19","Eggs Benedict","1/2 cup butter, melted","butter","114","814"
"19","Eggs Benedict","1 tbsp lemon juice","lemon","15","3"
"19","Eggs Benedict","1 tbsp white vinegar","white-vinegar","15","3"
"20","Western Omelette","3 eggs","eggs","150","214"
"20","Western Omelette","1/4 cup diced ham","ham","35","51"
"20","Western Omelette","1/4 cup diced bell pepper","bell-pepper","38","10"
"20","Western Omelette","2 tbsp diced onion","onion","20","8"
"20","Western Omelette","1/4 cup shredded cheddar cheese","cheddar","28","114"
"20","Western Omelette","1 tbsp butter","butter","14","102"
"21","Huevos Rancheros","4 corn tortillas","corn-tortillas","104","227"
"21","Huevos Rancheros","4 eggs","eggs","200","286"
"21","Huevos Rancheros","1 cup black beans, drained","black-beans","172","157"
"21","Huevos Rancheros","1 cup salsa","salsa","259","93"
"21","Huevos Rancheros","1/2 avocado, sliced","avocado","75","120"
"21","Huevos Rancheros","2 tbsp chopped cilantro","cilantro","2","0"
"22","Shakshuka","2 tbsp olive oil","olive-oil","27","239"
"22","Shakshuka","1 onion, diced","onion","140","56"
"22","Shakshuka","1 red bell pepper, diced","bell-pepper","150","39"
"22","Shakshuka","3 garlic cloves, minced","garlic","150","224"
"22","Shakshuka","1 tsp cumin","cumin","2","8"
"22","Shakshuka","1 tsp paprika","paprika","2","6"
"22","Shakshuka","1 can (28 oz) crushed tomatoes","canned-tomatoes","794","191"
"22","Shakshuka","6 eggs","eggs","300","429"
"23","Loaded Breakfast Burrito","4 large flour tortillas","flour-tortillas","220","673"
"23","Loaded Breakfast Burrito","6 eggs","eggs","300","429"
"23","Loaded Breakfast Burrito","1/2 lb breakfast sausage","sausage","227","680"
"23","Loaded Breakfast Burrito","1 cup diced cooked potatoes","potatoes","150","116"
"23","Loaded Breakfast Burrito","1/2 cup shredded cheddar cheese","cheddar","56","228"
"23","Loaded Breakfast Burrito","1/4 cup salsa","salsa","65","23"
"23","Loaded Breakfast Burrito","2 tbsp chopped green onion","green-onion","12","4"
"24","Blueberry Muffins","2 cups flour","flour","250","910"
"24","Blueberry Muffins","3/4 cup sugar","sugar","150","580"
"24","Blueberry Muffins","2 1/2 tsp baking powder","baking-powder","11","6"
"24","Blueberry Muffins","2 eggs","eggs","100","143"
"24","Blueberry Muffins","1/2 cup milk","milk","122","61"
"24","Blueberry Muffins","1/2 cup melted butter","butter","114","814"
"24","Blueberry Muffins","1 tsp vanilla extract","vanilla","4","12"
"24","Blueberry Muffins","1 1/2 cups blueberries","blueberries","222","127"
"25","Classic Banana Bread","3 ripe bananas, mashed","bananas","354","315"
"25","Classic Banana Bread","1/3 cup melted butter","butter","76","542"
"25","Classic Banana Bread","3/4 cup sugar","sugar","150","580"
"25","Classic Banana Bread","2 eggs","eggs","100","143"
"25","Classic Banana Bread","1 tsp vanilla extract","vanilla","4","12"
"25","Classic Banana Bread","1 1/2 cups flour","flour","188","682"
"25","Classic Banana Bread","1 tsp baking powder","baking-powder","5","2"
"26","Buttermilk Biscuits with Turkey Sausage Gravy","2 cups flour","flour","250","910"
"26","Buttermilk Biscuits with Turkey Sausage Gravy","1 tbsp baking powder","baking-powder","14","7"
"26","Buttermilk Biscuits with Turkey Sausage Gravy","1/2 cup cold butter, cubed","butter","114","814"
"26","Buttermilk Biscuits with Turkey Sausage Gravy","3/4 cup buttermilk","buttermilk","184","74"
"26","Buttermilk Biscuits with Turkey Sausage Gravy","1/2 lb ground turkey sausage","turkey-sausage","227","340"
"26","Buttermilk Biscuits with Turkey Sausage Gravy","2 tbsp flour, for the gravy","flour","16","57"
"26","Buttermilk Biscuits with Turkey Sausage Gravy","2 cups milk","milk","488","244"
"27","Steel-Cut Oats with Brown Sugar and Pecans","1 cup steel-cut oats","oats","81","307"
"27","Steel-Cut Oats with Brown Sugar and Pecans","3 cups milk","milk","732","366"
"27","Steel-Cut Oats with Brown Sugar and Pecans","1 cup water","water","237","0"
"27","Steel-Cut Oats with Brown Sugar and Pecans","1/4 cup brown sugar","brown-sugar","55","209"
"27","Steel-Cut Oats with Brown Sugar and Pecans","1/2 cup chopped pecans","pecans","54","377"
"27","Steel-Cut Oats with Brown Sugar and Pecans","1/2 tsp cinnamon","cinnamon","1","3"
"27","Steel-Cut Oats with Brown Sugar and Pecans","Pinch of salt","salt","not counted",""
"28","Homemade Maple Granola","3 cups rolled oats","oats","243","921"
"28","Homemade Maple Granola","1/2 cup sliced almonds","almonds","60","347"
"28","Homemade Maple Granola","1/2 cup chopped pecans","pecans","54","377"
"28","Homemade Maple Granola","1/2 cup maple syrup","maple-syrup","158","410"
"28","Homemade Maple Granola","1/3 cup vegetable oil","vegetable-oil","73","642"
"28","Homemade Maple Granola","1 tsp cinnamon","cinnamon","3","6"
"28","Homemade Maple Granola","1/2 cup dried cranberries","dried-fruit","75","225"
"29","Classic Cheese Omelette","3 eggs","eggs","150","214"
"29","Classic Cheese Omelette","1/3 cup shredded cheddar cheese","cheddar","38","152"
"29","Classic Cheese Omelette","1 tbsp butter","butter","14","102"
"30","Smoked Salmon and Cream Cheese Bagel","2 bagels, split","bagels","210","540"
"30","Smoked Salmon and Cream Cheese Bagel","4 oz cream cheese","cream-cheese","113","388"
"30","Smoked Salmon and Cream Cheese Bagel","4 oz smoked salmon","smoked-salmon","113","133"
"30","Smoked Salmon and Cream Cheese Bagel","1/4 red onion, thinly sliced","red-onion","35","14"
"30","Smoked Salmon and Cream Cheese Bagel","1 tbsp capers","capers","8","2"
"30","Smoked Salmon and Cream Cheese Bagel","1 tsp lemon juice","lemon","5","1"
"30","Smoked Salmon and Cream Cheese Bagel","1 tbsp chopped dill","dill","1","0"
"31","Breakfast Potato and Pepper Hash","3 medium potatoes, diced","potatoes","570","439"
"31","Breakfast Potato and Pepper Hash","1 red bell pepper, diced","bell-pepper","150","39"
"31","Breakfast Potato and Pepper Hash","1 green bell pepper, diced","bell-pepper","150","39"
"31","Breakfast Potato and Pepper Hash","1/2 onion, diced","onion","70","28"
"31","Breakfast Potato and Pepper Hash","2 tbsp olive oil","olive-oil","27","239"
"31","Breakfast Potato and Pepper Hash","1 tsp paprika","paprika","2","6"
"31","Breakfast Potato and Pepper Hash","4 eggs","eggs","200","286"
"32","Overnight Cinnamon French Toast Bake","8 cups cubed day-old bread","bread","240","636"
"32","Overnight Cinnamon French Toast Bake","6 eggs","eggs","300","429"
"32","Overnight Cinnamon French Toast Bake","2 cups milk","milk","488","244"
"32","Overnight Cinnamon French Toast Bake","1/3 cup brown sugar","brown-sugar","73","278"
"32","Overnight Cinnamon French Toast Bake","1 tbsp cinnamon","cinnamon","8","19"
"32","Overnight Cinnamon French Toast Bake","1 tsp vanilla extract","vanilla","4","12"
"32","Overnight Cinnamon French Toast Bake","3 tbsp melted butter","butter","43","305"
"33","Egg and Turkey Sausage Breakfast Sandwich","2 English muffins, split","english-muffins","114","259"
"33","Egg and Turkey Sausage Breakfast Sandwich","2 turkey sausage patties","turkey-sausage","120","180"
"33","Egg and Turkey Sausage Breakfast Sandwich","2 eggs","eggs","100","143"
"33","Egg and Turkey Sausage Breakfast Sandwich","2 slices cheddar cheese","cheddar","56","226"
"33","Egg and Turkey Sausage Breakfast Sandwich","1 tbsp butter","butter","14","102"
"34","Dutch Baby Pancake","3 eggs","eggs","150","214"
"34","Dutch Baby Pancake","1/2 cup milk","milk","122","61"
"34","Dutch Baby Pancake","1/2 cup flour","flour","62","228"
"34","Dutch Baby Pancake","1 tbsp sugar","sugar","12","48"
"34","Dutch Baby Pancake","1/2 tsp vanilla extract","vanilla","2","6"
"34","Dutch Baby Pancake","4 tbsp butter","butter","57","407"
"34","Dutch Baby Pancake","Powdered sugar, for dusting","powdered-sugar","not counted",""
"35","Ginger Scallion Congee","3/4 cup rice","rice","139","506"
"35","Ginger Scallion Congee","7 cups vegetable broth","vegetable-broth","1680","84"
"35","Ginger Scallion Congee","2 tbsp minced ginger","ginger","12","10"
"35","Ginger Scallion Congee","3 scallions, thinly sliced","green-onion","45","14"
"35","Ginger Scallion Congee","1 tbsp soy sauce","soy-sauce","16","8"
"35","Ginger Scallion Congee","1 tsp sesame oil","sesame-oil","5","40"
"36","Menemen","2 tbsp olive oil","olive-oil","27","239"
"36","Menemen","1 green bell pepper, diced","bell-pepper","150","39"
"36","Menemen","1 onion, diced","onion","140","56"
"36","Menemen","2 tomatoes, diced","tomatoes","246","44"
"36","Menemen","1/2 tsp red pepper flakes","red-pepper-flakes","1","3"
"36","Menemen","4 eggs","eggs","200","286"
"37","Chilaquiles Verdes","5 cups tortilla chips","tortilla-chips","140","685"
"37","Chilaquiles Verdes","2 cups salsa verde","salsa","518","186"
"37","Chilaquiles Verdes","4 eggs","eggs","200","286"
"37","Chilaquiles Verdes","1/4 onion, thinly sliced","onion","35","14"
"37","Chilaquiles Verdes","2 tbsp chopped cilantro","cilantro","2","0"
"38","Berry Smoothie Bowl","2 cups frozen mixed berries","berries","290","145"
"38","Berry Smoothie Bowl","1 banana","bananas","118","105"
"38","Berry Smoothie Bowl","1/2 cup plain yogurt","yogurt","122","75"
"38","Berry Smoothie Bowl","1/4 cup milk","milk","61","30"
"38","Berry Smoothie Bowl","1 tbsp honey","honey","21","65"
"38","Berry Smoothie Bowl","1/4 cup granola, for topping","granola","30","144"
"38","Berry Smoothie Bowl","Sliced fresh fruit, for topping","fresh-fruit","not counted",""
"39","Classic Crepes with Berries and Cream","1 cup flour","flour","125","455"
"39","Classic Crepes with Berries and Cream","2 eggs","eggs","100","143"
"39","Classic Crepes with Berries and Cream","1 1/4 cups milk","milk","305","152"
"39","Classic Crepes with Berries and Cream","2 tbsp melted butter","butter","28","203"
"39","Classic Crepes with Berries and Cream","1 tbsp sugar","sugar","12","48"
"39","Classic Crepes with Berries and Cream","1 1/2 cups mixed berries","berries","218","109"
"39","Classic Crepes with Berries and Cream","1/2 cup whipped cream","heavy-cream","119","405"
"40","Spanish Potato Tortilla","4 medium potatoes, thinly sliced","potatoes","760","585"
"40","Spanish Potato Tortilla","1 onion, thinly sliced","onion","140","56"
"40","Spanish Potato Tortilla","1/2 cup olive oil","olive-oil","108","955"
"40","Spanish Potato Tortilla","6 eggs","eggs","300","429"
"40","Spanish Potato Tortilla","Salt, to taste","salt","not counted",""
"41","Cheesy Grits with Soft-Cooked Eggs","1 cup grits","cornmeal","157","581"
"41","Cheesy Grits with Soft-Cooked Eggs","3 cups milk","milk","732","366"
"41","Cheesy Grits with Soft-Cooked Eggs","1 cup water","water","237","0"
"41","Cheesy Grits with Soft-Cooked Eggs","1 cup shredded cheddar cheese","cheddar","113","455"
"41","Cheesy Grits with Soft-Cooked Eggs","2 tbsp butter","butter","28","203"
"41","Cheesy Grits with Soft-Cooked Eggs","4 eggs","eggs","200","286"
"41","Cheesy Grits with Soft-Cooked Eggs","2 tbsp chopped chives","green-onion","12","4"
"42","Mediterranean Chickpea Salad","1 can (15 oz) chickpeas, rinsed and drained","chickpeas","255","355"
"42","Mediterranean Chickpea Salad","1 cup diced English cucumber","cucumber","120","18"
"42","Mediterranean Chickpea Salad","1 cup halved cherry tomatoes","cherry-tomatoes","149","27"
"42","Mediterranean Chickpea Salad","¼ cup finely diced red onion","red-onion","40","16"
"42","Mediterranean Chickpea Salad","⅓ cup crumbled feta cheese","feta","50","132"
"42","Mediterranean Chickpea Salad","Salt, pepper, and dried oregano to taste","salt","not counted",""
"43","Turkey, Avocado and Hummus Wrap","3 to 4 slices low-sodium deli turkey breast","deli-turkey","84","87"
"43","Turkey, Avocado and Hummus Wrap","2 tbsp store-bought hummus","hummus","31","51"
"43","Turkey, Avocado and Hummus Wrap","½ ripe avocado, sliced","avocado","75","120"
"43","Turkey, Avocado and Hummus Wrap","½ cup baby spinach","spinach","15","3"
"43","Turkey, Avocado and Hummus Wrap","2 tbsp shredded carrots","carrot","16","7"
"43","Turkey, Avocado and Hummus Wrap","1 whole wheat wrap","flour-tortillas","55","168"
"44","Southwestern Mason Jar Quinoa Salad","1 cup cooked quinoa","quinoa","60","222"
"44","Southwestern Mason Jar Quinoa Salad","½ cup canned black beans, rinsed and drained","black-beans","86","78"
"44","Southwestern Mason Jar Quinoa Salad","½ cup canned sweet corn, drained","corn","75","64"
"44","Southwestern Mason Jar Quinoa Salad","½ red bell pepper, diced","bell-pepper","75","20"
"44","Southwestern Mason Jar Quinoa Salad","2 tbsp chopped fresh cilantro","cilantro","2","0"
"45","Lemon Dill Tuna and White Bean Salad","1 can (5 oz) tuna in water, drained","canned-tuna","113","132"
"45","Lemon Dill Tuna and White Bean Salad","½ cup canned cannellini beans, rinsed","white-beans","90","90"
"45","Lemon Dill Tuna and White Bean Salad","¼ cup finely diced celery","celery","25","4"
"45","Lemon Dill Tuna and White Bean Salad","1 tbsp fresh chopped dill or parsley","dill","1","0"
"46","Healthy Egg Salad Lettuce Boats","3 hard-boiled eggs, peeled and diced","eggs","150","214"
"46","Healthy Egg Salad Lettuce Boats","2 tbsp plain Greek yogurt","greek-yogurt","29","21"
"46","Healthy Egg Salad Lettuce Boats","1 tsp Dijon mustard","dijon","5","3"
"46","Healthy Egg Salad Lettuce Boats","2 tbsp chopped green onions","green-onion","12","4"
"46","Healthy Egg Salad Lettuce Boats","4 large Romaine lettuce leaves","lettuce","40","6"
"47","Pesto Chicken Pasta Salad","1 cup cooked whole wheat rotini or penne","pasta","59","219"
"47","Pesto Chicken Pasta Salad","1 cup cooked or rotisserie chicken breast, shredded","chicken-breast","140","168"
"47","Pesto Chicken Pasta Salad","½ cup cherry tomatoes, halved","cherry-tomatoes","74","13"
"47","Pesto Chicken Pasta Salad","1 cup baby spinach","spinach","30","7"
"47","Pesto Chicken Pasta Salad","2 tbsp store-bought basil pesto","pesto","30","126"
"47","Pesto Chicken Pasta Salad","1 tbsp grated parmesan cheese","parmesan","6","24"
"48","Caprese Chicken Ciabatta Sandwich","1 small ciabatta roll or whole grain bun","buns","55","154"
"48","Caprese Chicken Ciabatta Sandwich","3 oz cooked or rotisserie chicken breast, sliced","chicken-breast","85","102"
"48","Caprese Chicken Ciabatta Sandwich","2 slices fresh mozzarella cheese","mozzarella","42","126"
"48","Caprese Chicken Ciabatta Sandwich","2 slices ripe tomato","tomatoes","40","7"
"48","Caprese Chicken Ciabatta Sandwich","3 to 4 fresh basil leaves","basil","2","0"
"48","Caprese Chicken Ciabatta Sandwich","1 tsp balsamic glaze or olive oil","balsamic-glaze","7","17"
"49","Sesame Peanut Noodle Bowl","2 oz whole wheat spaghetti or ramen noodles","pasta","57","210"
"49","Sesame Peanut Noodle Bowl","½ cup shredded carrots","carrot","64","26"
"49","Sesame Peanut Noodle Bowl","½ cup matchstick cucumber","cucumber","60","9"
"50","Quick Black Bean and Rice Burrito Bowl","1 microwave pouch brown rice (1 cup cooked)","cooked-rice","158","205"
"50","Quick Black Bean and Rice Burrito Bowl","½ cup canned black beans, rinsed and drained","black-beans","86","78"
"50","Quick Black Bean and Rice Burrito Bowl","½ cup canned corn, drained","corn","75","64"
"50","Quick Black Bean and Rice Burrito Bowl","¼ cup fresh salsa","salsa","65","23"
"50","Quick Black Bean and Rice Burrito Bowl","2 tbsp shredded Mexican cheese blend","cheese","14","54"
"50","Quick Black Bean and Rice Burrito Bowl","¼ avocado, diced","avocado","38","60"
"51","Classic Grilled Cheese","2 slices bread","bread","64","170"
"51","Classic Grilled Cheese","2 tbsp butter, softened","butter","28","203"
"51","Classic Grilled Cheese","2 slices cheddar cheese","cheddar","56","226"
"51","Classic Grilled Cheese","1 slice American cheese","american-cheese","21","69"
"52","Tuna Melt","1 can (5 oz) tuna, drained","canned-tuna","113","132"
"52","Tuna Melt","3 tbsp mayonnaise","mayonnaise","41","280"
"52","Tuna Melt","2 tbsp diced celery","celery","13","2"
"52","Tuna Melt","1 tbsp diced red onion","red-onion","10","4"
"52","Tuna Melt","2 slices bread","bread","64","170"
"52","Tuna Melt","2 slices cheddar cheese","cheddar","56","226"
"52","Tuna Melt","1 tsp lemon juice","lemon","5","1"
"53","Chicken Salad Sandwich","1 1/2 cups cooked shredded chicken breast","chicken-breast","210","252"
"53","Chicken Salad Sandwich","1/3 cup mayonnaise","mayonnaise","73","498"
"53","Chicken Salad Sandwich","1/4 cup diced celery","celery","25","4"
"53","Chicken Salad Sandwich","2 tbsp diced red onion","red-onion","20","8"
"53","Chicken Salad Sandwich","1 tsp lemon juice","lemon","5","1"
"53","Chicken Salad Sandwich","4 slices bread","bread","128","339"
"53","Chicken Salad Sandwich","Lettuce leaves","lettuce","not counted",""
"54","Classic Egg Salad Sandwich","4 large eggs","eggs","200","286"
"54","Classic Egg Salad Sandwich","3 tbsp mayonnaise","mayonnaise","41","280"
"54","Classic Egg Salad Sandwich","1 tsp yellow mustard","mustard","5","3"
"54","Classic Egg Salad Sandwich","2 tbsp diced celery","celery","13","2"
"54","Classic Egg Salad Sandwich","1 tbsp diced chives","green-onion","6","2"
"54","Classic Egg Salad Sandwich","4 slices bread","bread","128","339"
"54","Classic Egg Salad Sandwich","Lettuce leaves","lettuce","not counted",""
"55","BLT Sandwich","4 slices bacon","bacon","112","179"
"55","BLT Sandwich","2 slices bread, toasted","bread","64","170"
"55","BLT Sandwich","2 tbsp mayonnaise","mayonnaise","28","187"
"55","BLT Sandwich","2 lettuce leaves","lettuce","20","3"
"55","BLT Sandwich","3 slices tomato","tomatoes","60","11"
"56","Turkey Club Sandwich","3 slices bread, toasted","bread","96","254"
"56","Turkey Club Sandwich","4 slices deli turkey","deli-turkey","112","116"
"56","Turkey Club Sandwich","3 slices bacon, cooked","bacon","84","134"
"56","Turkey Club Sandwich","2 tbsp mayonnaise","mayonnaise","28","187"
"56","Turkey Club Sandwich","2 lettuce leaves","lettuce","20","3"
"56","Turkey Club Sandwich","3 slices tomato","tomatoes","60","11"
"57","Reuben Sandwich","4 slices rye bread","bread","128","339"
"57","Reuben Sandwich","2 tbsp butter, softened","butter","28","203"
"57","Reuben Sandwich","8 oz sliced corned beef","corned-beef","227","449"
"57","Reuben Sandwich","1 cup sauerkraut, drained","sauerkraut","142","27"
"57","Reuben Sandwich","4 slices Swiss cheese","swiss","112","426"
"57","Reuben Sandwich","3 tbsp Russian or Thousand Island dressing","dressing","46","161"
"58","Philly Cheesesteak","12 oz thinly sliced beef sirloin","beef-steak","340","650"
"58","Philly Cheesesteak","1 green bell pepper, sliced","bell-pepper","150","39"
"58","Philly Cheesesteak","1 onion, sliced","onion","140","56"
"58","Philly Cheesesteak","4 oz mushrooms, sliced","mushrooms","113","25"
"58","Philly Cheesesteak","4 slices provolone cheese","provolone","84","295"
"58","Philly Cheesesteak","2 hoagie rolls","buns","110","308"
"59","French Dip Sandwich","2 cups beef broth","beef-broth","480","34"
"59","French Dip Sandwich","1 tsp Worcestershire sauce","worcestershire","6","4"
"59","French Dip Sandwich","12 oz thinly sliced roast beef","roast-beef","340","391"
"59","French Dip Sandwich","2 baguette rolls or hoagie rolls","buns","110","308"
"59","French Dip Sandwich","4 slices provolone cheese","provolone","84","295"
"60","Italian Sub","2 sub rolls","buns","110","308"
"60","Italian Sub","4 slices salami","salami","40","134"
"60","Italian Sub","4 slices ham","ham","112","162"
"60","Italian Sub","4 slices pepperoni","pepperoni","8","40"
"60","Italian Sub","4 slices provolone cheese","provolone","84","295"
"60","Italian Sub","Shredded lettuce","lettuce","not counted",""
"60","Italian Sub","2 slices tomato","tomatoes","40","7"
"60","Italian Sub","1 tbsp red wine vinegar","red-wine-vinegar","15","3"
"61","Meatball Sub","1 lb ground beef","ground-beef","454","975"
"61","Meatball Sub","1/4 cup breadcrumbs","breadcrumbs","20","79"
"61","Meatball Sub","1 egg","eggs","50","72"
"61","Meatball Sub","1 1/2 cups marinara sauce","marinara","375","188"
"61","Meatball Sub","4 sub rolls","buns","220","616"
"61","Meatball Sub","1 cup shredded mozzarella cheese","mozzarella","113","339"
"62","Sloppy Joes","1 lb ground beef","ground-beef","454","975"
"62","Sloppy Joes","1/2 onion, diced","onion","70","28"
"62","Sloppy Joes","1/2 green bell pepper, diced","bell-pepper","75","20"
"62","Sloppy Joes","3/4 cup ketchup","ketchup","180","182"
"62","Sloppy Joes","1 tbsp Worcestershire sauce","worcestershire","17","13"
"62","Sloppy Joes","1 tsp yellow mustard","mustard","5","3"
"62","Sloppy Joes","4 hamburger buns","buns","220","616"
"63","Pulled BBQ Chicken Sandwich","1 1/2 lb cooked shredded chicken breast","chicken-breast","680","816"
"63","Pulled BBQ Chicken Sandwich","3/4 cup barbecue sauce","bbq-sauce","214","369"
"63","Pulled BBQ Chicken Sandwich","4 burger buns","buns","220","616"
"63","Pulled BBQ Chicken Sandwich","1 cup coleslaw mix","coleslaw-mix","70","18"
"63","Pulled BBQ Chicken Sandwich","2 tbsp mayonnaise","mayonnaise","28","187"
"63","Pulled BBQ Chicken Sandwich","1 tsp apple cider vinegar","apple-cider-vinegar","5","1"
"64","Chicken Shawarma Wrap","1 lb chicken thighs, sliced thin","chicken-thighs","454","680"
"64","Chicken Shawarma Wrap","1 tsp ground cumin","cumin","2","8"
"64","Chicken Shawarma Wrap","1 tsp paprika","paprika","2","6"
"64","Chicken Shawarma Wrap","1/2 tsp ground coriander","coriander","1","3"
"64","Chicken Shawarma Wrap","1/4 tsp cinnamon","cinnamon","1","2"
"64","Chicken Shawarma Wrap","3 large flatbreads or wraps","pita","180","495"
"64","Chicken Shawarma Wrap","1/4 cup garlic sauce (oil-based toum)","garlic-sauce","55","358"
"64","Chicken Shawarma Wrap","1 cup shredded lettuce","lettuce","47","7"
"64","Chicken Shawarma Wrap","1 tomato, sliced","tomatoes","123","22"
"65","Falafel Pita with Tahini","1 can (15 oz) chickpeas, drained","chickpeas","255","355"
"65","Falafel Pita with Tahini","2 tbsp chopped parsley","parsley","8","3"
"65","Falafel Pita with Tahini","1 tsp ground cumin","cumin","2","8"
"65","Falafel Pita with Tahini","1 tsp ground coriander","coriander","2","5"
"65","Falafel Pita with Tahini","2 tbsp flour","flour","16","57"
"65","Falafel Pita with Tahini","2 pita breads","pita","120","330"
"65","Falafel Pita with Tahini","3 tbsp tahini","tahini","45","268"
"65","Falafel Pita with Tahini","1 tbsp lemon juice","lemon","15","3"
"65","Falafel Pita with Tahini","1 cup shredded lettuce","lettuce","47","7"
"65","Falafel Pita with Tahini","1 tomato, diced","tomatoes","123","22"
"66","Chicken Gyro Pita","1 lb chicken thighs, sliced thin","chicken-thighs","454","680"
"66","Chicken Gyro Pita","1 tsp dried oregano","oregano","1","3"
"66","Chicken Gyro Pita","1 tsp garlic powder","garlic-powder","3","11"
"66","Chicken Gyro Pita","3 pita breads","pita","180","495"
"66","Chicken Gyro Pita","1/2 cup plain yogurt","yogurt","122","75"
"66","Chicken Gyro Pita","1/4 cucumber, grated","cucumber","62","9"
"66","Chicken Gyro Pita","1 tsp lemon juice","lemon","5","1"
"66","Chicken Gyro Pita","1 tomato, sliced","tomatoes","123","22"
"66","Chicken Gyro Pita","1/2 red onion, thinly sliced","red-onion","70","28"
"67","Hummus and Roasted Vegetable Wrap","1 zucchini, sliced","zucchini","200","34"
"67","Hummus and Roasted Vegetable Wrap","1 red bell pepper, sliced","bell-pepper","150","39"
"67","Hummus and Roasted Vegetable Wrap","1/2 red onion, sliced","red-onion","70","28"
"67","Hummus and Roasted Vegetable Wrap","2 large wraps or flatbreads","flour-tortillas","110","337"
"67","Hummus and Roasted Vegetable Wrap","1/2 cup hummus","hummus","123","204"
"67","Hummus and Roasted Vegetable Wrap","1 cup baby spinach","spinach","30","7"
"68","Caprese Sandwich on Focaccia","1 piece focaccia, split","buns","55","154"
"68","Caprese Sandwich on Focaccia","6 oz fresh mozzarella, sliced","mozzarella","170","510"
"68","Caprese Sandwich on Focaccia","1 large tomato, sliced","tomatoes","123","22"
"68","Caprese Sandwich on Focaccia","8 fresh basil leaves","basil","4","1"
"68","Caprese Sandwich on Focaccia","1 tbsp balsamic glaze","balsamic-glaze","20","50"
"69","Chicken Banh Mi","1 lb chicken thighs, sliced thin","chicken-thighs","454","680"
"69","Chicken Banh Mi","1 tsp soy sauce","soy-sauce","5","3"
"69","Chicken Banh Mi","1/2 cup shredded carrot","carrot","64","26"
"69","Chicken Banh Mi","1/2 cup shredded daikon or cucumber","radishes","58","9"
"69","Chicken Banh Mi","2 tbsp rice vinegar","rice-vinegar","30","6"
"69","Chicken Banh Mi","2 baguette rolls or sub rolls","buns","110","308"
"69","Chicken Banh Mi","3 tbsp mayonnaise","mayonnaise","41","280"
"69","Chicken Banh Mi","1/4 cup cilantro leaves","cilantro","4","1"
"69","Chicken Banh Mi","1 jalapeno, sliced","chili-peppers","15","6"
"70","Buffalo Chicken Wrap","1 lb cooked shredded chicken breast","chicken-breast","454","544"
"70","Buffalo Chicken Wrap","1/3 cup buffalo hot sauce","buffalo-sauce","82","49"
"70","Buffalo Chicken Wrap","3 large flatbreads or wraps","pita","180","495"
"70","Buffalo Chicken Wrap","1/4 cup ranch dressing","dressing","61","214"
"70","Buffalo Chicken Wrap","1 cup shredded lettuce","lettuce","47","7"
"70","Buffalo Chicken Wrap","1/2 cup diced celery","celery","50","7"
"71","Caesar Chicken Wrap","1 lb cooked sliced chicken breast","chicken-breast","454","544"
"71","Caesar Chicken Wrap","3 large flatbreads or wraps","pita","180","495"
"71","Caesar Chicken Wrap","1/3 cup Caesar dressing","dressing","82","286"
"71","Caesar Chicken Wrap","2 cups chopped romaine lettuce","lettuce","94","14"
"71","Caesar Chicken Wrap","1/4 cup grated Parmesan cheese","parmesan","25","98"
"72","Curried Chicken Salad Wrap","1 1/2 cups cooked shredded chicken breast","chicken-breast","210","252"
"72","Curried Chicken Salad Wrap","1/3 cup mayonnaise","mayonnaise","73","498"
"72","Curried Chicken Salad Wrap","1 tsp curry powder","curry-powder","2","7"
"72","Curried Chicken Salad Wrap","2 tbsp raisins","dried-fruit","19","56"
"72","Curried Chicken Salad Wrap","2 tbsp diced celery","celery","13","2"
"72","Curried Chicken Salad Wrap","3 large flatbreads or wraps","pita","180","495"
"72","Curried Chicken Salad Wrap","1 cup shredded lettuce","lettuce","47","7"
"73","Roast Beef and Horseradish Sandwich","4 slices rye or sourdough bread","bread","128","339"
"73","Roast Beef and Horseradish Sandwich","3 tbsp mayonnaise","mayonnaise","41","280"
"73","Roast Beef and Horseradish Sandwich","1 tbsp prepared horseradish","horseradish","15","7"
"73","Roast Beef and Horseradish Sandwich","10 oz thinly sliced roast beef","roast-beef","284","326"
"73","Roast Beef and Horseradish Sandwich","1 cup arugula","arugula","20","5"
"73","Roast Beef and Horseradish Sandwich","1/2 red onion, thinly sliced","red-onion","70","28"
"74","Turkey and Cranberry Sandwich","4 slices whole grain bread","bread","128","339"
"74","Turkey and Cranberry Sandwich","3 tbsp cranberry sauce","cranberry-sauce","52","83"
"74","Turkey and Cranberry Sandwich","2 tbsp mayonnaise","mayonnaise","28","187"
"74","Turkey and Cranberry Sandwich","8 oz sliced deli turkey","deli-turkey","227","236"
"74","Turkey and Cranberry Sandwich","1 cup baby spinach","spinach","30","7"
"75","Chickpea Smash Sandwich","1 can (15 oz) chickpeas, drained","chickpeas","255","355"
"75","Chickpea Smash Sandwich","3 tbsp mayonnaise","mayonnaise","41","280"
"75","Chickpea Smash Sandwich","1 tsp Dijon mustard","dijon","5","3"
"75","Chickpea Smash Sandwich","2 tbsp diced celery","celery","13","2"
"75","Chickpea Smash Sandwich","1 tbsp diced red onion","red-onion","10","4"
"75","Chickpea Smash Sandwich","1 tsp lemon juice","lemon","5","1"
"75","Chickpea Smash Sandwich","4 slices bread","bread","128","339"
"75","Chickpea Smash Sandwich","Lettuce leaves","lettuce","not counted",""
"76","Grilled Vegetable and Goat Cheese Ciabatta","1 zucchini, sliced lengthwise","zucchini","200","34"
"76","Grilled Vegetable and Goat Cheese Ciabatta","1 red bell pepper, sliced","bell-pepper","150","39"
"76","Grilled Vegetable and Goat Cheese Ciabatta","1 small eggplant, sliced","eggplant","250","62"
"76","Grilled Vegetable and Goat Cheese Ciabatta","2 ciabatta rolls, split","buns","110","308"
"76","Grilled Vegetable and Goat Cheese Ciabatta","3 oz goat cheese, softened","goat-cheese","85","310"
"76","Grilled Vegetable and Goat Cheese Ciabatta","1 cup arugula","arugula","20","5"
"76","Grilled Vegetable and Goat Cheese Ciabatta","1 tbsp balsamic glaze","balsamic-glaze","20","50"
"77","Classic Chicken Noodle Soup","2 boneless chicken breasts","chicken-breast","400","480"
"77","Classic Chicken Noodle Soup","8 cups chicken broth","chicken-broth","1920","96"
"77","Classic Chicken Noodle Soup","2 carrots, sliced","carrot","122","50"
"77","Classic Chicken Noodle Soup","2 celery stalks, sliced","celery","80","11"
"77","Classic Chicken Noodle Soup","1 onion, diced","onion","140","56"
"77","Classic Chicken Noodle Soup","2 cups egg noodles","egg-noodles","80","307"
"77","Classic Chicken Noodle Soup","1 bay leaf","bay-leaves","0","0"
"77","Classic Chicken Noodle Soup","2 tbsp chopped fresh parsley","parsley","8","3"
"78","Creamy Tomato Soup","2 tbsp butter","butter","28","203"
"78","Creamy Tomato Soup","1 onion, diced","onion","140","56"
"78","Creamy Tomato Soup","2 cans (28 oz each) crushed tomatoes","canned-tomatoes","1588","381"
"78","Creamy Tomato Soup","3 cups vegetable broth","vegetable-broth","720","36"
"78","Creamy Tomato Soup","1/2 cup heavy cream","heavy-cream","119","405"
"78","Creamy Tomato Soup","1 tsp dried basil","dried-basil","1","2"
"78","Creamy Tomato Soup","1 tsp sugar","sugar","4","16"
"79","Minestrone Soup","1 onion, diced","onion","140","56"
"79","Minestrone Soup","2 carrots, diced","carrot","122","50"
"79","Minestrone Soup","2 celery stalks, diced","celery","80","11"
"79","Minestrone Soup","2 zucchini, diced","zucchini","400","68"
"79","Minestrone Soup","1 can (14 oz) diced tomatoes","canned-tomatoes","397","95"
"79","Minestrone Soup","6 cups vegetable broth","vegetable-broth","1440","72"
"79","Minestrone Soup","1 can (15 oz) kidney beans, drained","kidney-beans","255","214"
"79","Minestrone Soup","1 cup small pasta (ditalini)","pasta","100","371"
"79","Minestrone Soup","2 cups chopped kale","kale","42","15"
"79","Minestrone Soup","1 tsp dried oregano","oregano","1","3"
"80","Hearty Lentil Soup","1 onion, diced","onion","140","56"
"80","Hearty Lentil Soup","2 carrots, diced","carrot","122","50"
"80","Hearty Lentil Soup","2 celery stalks, diced","celery","80","11"
"80","Hearty Lentil Soup","1 1/2 cups brown lentils, rinsed","lentils","288","1014"
"80","Hearty Lentil Soup","6 cups vegetable broth","vegetable-broth","1440","72"
"80","Hearty Lentil Soup","1 can (14 oz) diced tomatoes","canned-tomatoes","397","95"
"80","Hearty Lentil Soup","1 tsp ground cumin","cumin","2","8"
"80","Hearty Lentil Soup","1 tsp smoked paprika","smoked-paprika","2","6"
"80","Hearty Lentil Soup","2 cups chopped spinach","spinach","60","14"
"81","Split Pea Soup","1 onion, diced","onion","140","56"
"81","Split Pea Soup","2 carrots, diced","carrot","122","50"
"81","Split Pea Soup","2 celery stalks, diced","celery","80","11"
"81","Split Pea Soup","1 1/2 cups dried split peas, rinsed","split-peas","294","1023"
"81","Split Pea Soup","7 cups vegetable broth","vegetable-broth","1680","84"
"81","Split Pea Soup","1 bay leaf","bay-leaves","0","0"
"81","Split Pea Soup","1 tsp dried thyme","thyme","1","3"
"81","Split Pea Soup","1 tbsp lemon juice","lemon","15","3"
"82","Butternut Squash Soup","1 butternut squash (about 2 lbs), peeled and cubed","butternut-squash","771","347"
"82","Butternut Squash Soup","1 onion, diced","onion","140","56"
"82","Butternut Squash Soup","4 cups vegetable broth","vegetable-broth","960","48"
"82","Butternut Squash Soup","1 cup coconut milk","coconut-milk","226","445"
"82","Butternut Squash Soup","1 tsp ground ginger","ground-ginger","2","6"
"82","Butternut Squash Soup","1/2 tsp ground cinnamon","cinnamon","1","3"
"82","Butternut Squash Soup","1 apple, peeled and diced","apples","180","94"
"83","Broccoli Cheddar Soup","3 tbsp butter","butter","43","305"
"83","Broccoli Cheddar Soup","1 onion, diced","onion","140","56"
"83","Broccoli Cheddar Soup","3 cups broccoli florets, chopped","broccoli","273","93"
"83","Broccoli Cheddar Soup","4 cups vegetable broth","vegetable-broth","960","48"
"83","Broccoli Cheddar Soup","1 1/2 cups milk","milk","366","183"
"83","Broccoli Cheddar Soup","2 cups shredded cheddar cheese","cheddar","226","911"
"83","Broccoli Cheddar Soup","3 tbsp flour","flour","23","85"
"83","Broccoli Cheddar Soup","1 carrot, shredded","carrot","61","25"
"84","New England Clam Chowder","4 tbsp butter","butter","57","407"
"84","New England Clam Chowder","1 onion, diced","onion","140","56"
"84","New England Clam Chowder","2 celery stalks, diced","celery","80","11"
"84","New England Clam Chowder","3 potatoes, peeled and diced","potatoes","570","439"
"84","New England Clam Chowder","2 cans (6.5 oz each) chopped clams, juice reserved","clams","184","158"
"84","New England Clam Chowder","2 cups clam juice or seafood broth","seafood-stock","480","24"
"84","New England Clam Chowder","1 1/2 cups heavy cream","heavy-cream","357","1214"
"84","New England Clam Chowder","3 tbsp flour","flour","23","85"
"84","New England Clam Chowder","1 tsp dried thyme","thyme","1","3"
"85","Corn Chowder","3 tbsp butter","butter","43","305"
"85","Corn Chowder","1 onion, diced","onion","140","56"
"85","Corn Chowder","2 celery stalks, diced","celery","80","11"
"85","Corn Chowder","2 potatoes, peeled and diced","potatoes","380","293"
"85","Corn Chowder","4 cups corn kernels (fresh or frozen)","corn","600","516"
"85","Corn Chowder","4 cups vegetable broth","vegetable-broth","960","48"
"85","Corn Chowder","1 cup milk","milk","244","122"
"85","Corn Chowder","3 tbsp flour","flour","23","85"
"85","Corn Chowder","1 red bell pepper, diced","bell-pepper","150","39"
"86","Black Bean Soup","1 onion, diced","onion","140","56"
"86","Black Bean Soup","1 red bell pepper, diced","bell-pepper","150","39"
"86","Black Bean Soup","3 cans (15 oz each) black beans, drained and rinsed","black-beans","765","697"
"86","Black Bean Soup","4 cups vegetable broth","vegetable-broth","960","48"
"86","Black Bean Soup","1 can (14 oz) diced tomatoes","canned-tomatoes","397","95"
"86","Black Bean Soup","1 tsp ground cumin","cumin","2","8"
"86","Black Bean Soup","1 tsp chili powder","chili-powder","3","8"
"86","Black Bean Soup","2 tbsp lime juice","lime","30","8"
"86","Black Bean Soup","2 tbsp chopped cilantro","cilantro","2","0"
"87","Miso Soup with Tofu","5 cups vegetable broth","vegetable-broth","1200","60"
"87","Miso Soup with Tofu","4 tbsp miso paste","miso","69","136"
"87","Miso Soup with Tofu","1 block (14 oz) soft tofu, cubed","tofu","397","397"
"87","Miso Soup with Tofu","2 green onions, sliced","green-onion","30","10"
"87","Miso Soup with Tofu","1 sheet nori, cut into strips","nori","2","6"
"87","Miso Soup with Tofu","1 cup sliced mushrooms","mushrooms","70","15"
"87","Miso Soup with Tofu","1 tbsp dried wakame seaweed","nori","1","2"
"88","Egg Drop Soup","6 cups chicken broth","chicken-broth","1440","72"
"88","Egg Drop Soup","3 eggs, beaten","eggs","150","214"
"88","Egg Drop Soup","2 tbsp cornstarch","cornstarch","16","61"
"88","Egg Drop Soup","3 tbsp water","water","44","0"
"88","Egg Drop Soup","2 green onions, sliced","green-onion","30","10"
"88","Egg Drop Soup","1 tsp sesame oil","sesame-oil","5","40"
"88","Egg Drop Soup","1/2 tsp ground ginger","ground-ginger","1","3"
"89","Chicken Tortilla Soup","2 boneless chicken breasts","chicken-breast","400","480"
"89","Chicken Tortilla Soup","1 onion, diced","onion","140","56"
"89","Chicken Tortilla Soup","1 red bell pepper, diced","bell-pepper","150","39"
"89","Chicken Tortilla Soup","6 cups chicken broth","chicken-broth","1440","72"
"89","Chicken Tortilla Soup","1 can (14 oz) diced tomatoes","canned-tomatoes","397","95"
"89","Chicken Tortilla Soup","1 can (15 oz) black beans, drained and rinsed","black-beans","255","232"
"89","Chicken Tortilla Soup","1 cup corn kernels","corn","150","129"
"89","Chicken Tortilla Soup","1 tsp ground cumin","cumin","2","8"
"89","Chicken Tortilla Soup","1 tsp chili powder","chili-powder","3","8"
"89","Chicken Tortilla Soup","2 corn tortillas, sliced into strips and toasted","corn-tortillas","52","113"
"89","Chicken Tortilla Soup","2 tbsp chopped cilantro","cilantro","2","0"
"90","Avgolemono","6 cups chicken broth","chicken-broth","1440","72"
"90","Avgolemono","1 cooked chicken breast, shredded","chicken-breast","200","240"
"90","Avgolemono","1/2 cup rice","rice","92","338"
"90","Avgolemono","3 eggs","eggs","150","214"
"90","Avgolemono","1/3 cup lemon juice","lemon","81","18"
"90","Avgolemono","2 tbsp chopped fresh dill","dill","1","0"
"91","Beef and Barley Soup","1 lb beef stew meat, cubed","beef-roast","454","798"
"91","Beef and Barley Soup","1 onion, diced","onion","140","56"
"91","Beef and Barley Soup","2 carrots, diced","carrot","122","50"
"91","Beef and Barley Soup","2 celery stalks, diced","celery","80","11"
"91","Beef and Barley Soup","8 cups beef broth","beef-broth","1920","134"
"91","Beef and Barley Soup","3/4 cup pearl barley","barley","150","528"
"91","Beef and Barley Soup","1 can (14 oz) diced tomatoes","canned-tomatoes","397","95"
"91","Beef and Barley Soup","1 tsp dried thyme","thyme","1","3"
"91","Beef and Barley Soup","2 cups chopped mushrooms","mushrooms","140","31"
"92","French Onion Soup","4 tbsp butter","butter","57","407"
"92","French Onion Soup","4 large onions, thinly sliced","onion","560","224"
"92","French Onion Soup","6 cups beef broth","beef-broth","1440","101"
"92","French Onion Soup","1 tsp sugar","sugar","4","16"
"92","French Onion Soup","1/2 cup dry white wine","white-wine","118","97"
"92","French Onion Soup","4 slices baguette, toasted","buns","112","314"
"92","French Onion Soup","1 1/2 cups shredded gruyere cheese","swiss","162","616"
"93","Gazpacho","6 large ripe tomatoes, chopped","tomatoes","738","133"
"93","Gazpacho","1 cucumber, peeled and chopped","cucumber","250","38"
"93","Gazpacho","1 red bell pepper, chopped","bell-pepper","150","39"
"93","Gazpacho","1/2 red onion, chopped","red-onion","70","28"
"93","Gazpacho","2 tbsp red wine vinegar","red-wine-vinegar","30","6"
"93","Gazpacho","1/4 cup olive oil","olive-oil","54","477"
"93","Gazpacho","1 slice stale bread, torn into pieces","bread","32","85"
"93","Gazpacho","1 tbsp lemon juice","lemon","15","3"
"94","Curried Lentil and Sweet Potato Soup","1 onion, diced","onion","140","56"
"94","Curried Lentil and Sweet Potato Soup","2 sweet potatoes, peeled and diced","sweet-potato","300","258"
"94","Curried Lentil and Sweet Potato Soup","1 1/2 cups red lentils, rinsed","lentils","288","1014"
"94","Curried Lentil and Sweet Potato Soup","1 tbsp curry powder","curry-powder","6","20"
"94","Curried Lentil and Sweet Potato Soup","1 can (14 oz) coconut milk","coconut-milk","397","782"
"94","Curried Lentil and Sweet Potato Soup","5 cups vegetable broth","vegetable-broth","1200","60"
"94","Curried Lentil and Sweet Potato Soup","2 cups chopped spinach","spinach","60","14"
"94","Curried Lentil and Sweet Potato Soup","1 tbsp grated fresh ginger","ginger","6","5"
"95","Potato Leek Soup","3 tbsp butter","butter","43","305"
"95","Potato Leek Soup","3 leeks, sliced (white and light green parts)","leeks","270","165"
"95","Potato Leek Soup","4 potatoes, peeled and diced","potatoes","760","585"
"95","Potato Leek Soup","5 cups vegetable broth","vegetable-broth","1200","60"
"95","Potato Leek Soup","1/2 cup heavy cream","heavy-cream","119","405"
"95","Potato Leek Soup","1 tsp dried thyme","thyme","1","3"
"95","Potato Leek Soup","2 tbsp chopped chives","green-onion","12","4"
"96","Carrot Ginger Soup","1 onion, diced","onion","140","56"
"96","Carrot Ginger Soup","2 lbs carrots, peeled and chopped","carrot","907","372"
"96","Carrot Ginger Soup","1 tbsp grated fresh ginger","ginger","6","5"
"96","Carrot Ginger Soup","5 cups vegetable broth","vegetable-broth","1200","60"
"96","Carrot Ginger Soup","1/2 cup coconut milk","coconut-milk","113","223"
"96","Carrot Ginger Soup","1 tbsp orange juice","orange","16","7"
"96","Carrot Ginger Soup","1/2 tsp ground turmeric","turmeric","2","5"
"97","Italian Wedding Soup","1 lb ground turkey","ground-turkey","454","680"
"97","Italian Wedding Soup","1/4 cup breadcrumbs","breadcrumbs","20","79"
"97","Italian Wedding Soup","1 egg","eggs","50","72"
"97","Italian Wedding Soup","1/4 cup grated parmesan cheese","parmesan","25","98"
"97","Italian Wedding Soup","8 cups chicken broth","chicken-broth","1920","96"
"97","Italian Wedding Soup","4 cups chopped escarole or spinach","lettuce","188","28"
"97","Italian Wedding Soup","1/2 cup small pasta (orzo or acini di pepe)","pasta","50","186"
"97","Italian Wedding Soup","1 carrot, diced","carrot","61","25"
"98","Tom Kha Gai","1 lb boneless chicken breast, sliced thin","chicken-breast","454","544"
"98","Tom Kha Gai","2 cans (14 oz each) coconut milk","coconut-milk","794","1564"
"98","Tom Kha Gai","2 cups chicken broth","chicken-broth","480","24"
"98","Tom Kha Gai","2 tbsp fish sauce","fish-sauce","36","13"
"98","Tom Kha Gai","2 tbsp lime juice","lime","30","8"
"98","Tom Kha Gai","1 tbsp grated fresh ginger or galangal","ginger","6","5"
"98","Tom Kha Gai","1 cup sliced mushrooms","mushrooms","70","15"
"98","Tom Kha Gai","1 red chili, sliced","chili-peppers","15","6"
"98","Tom Kha Gai","2 tbsp chopped cilantro","cilantro","2","0"
"99","Hot and Sour Soup","6 cups vegetable broth","vegetable-broth","1440","72"
"99","Hot and Sour Soup","1 block (14 oz) firm tofu, cubed","tofu","397","397"
"99","Hot and Sour Soup","1 cup sliced mushrooms","mushrooms","70","15"
"99","Hot and Sour Soup","1/4 cup rice vinegar","rice-vinegar","60","12"
"99","Hot and Sour Soup","2 tbsp soy sauce","soy-sauce","32","17"
"99","Hot and Sour Soup","1 tbsp chili paste","chili-paste","17","10"
"99","Hot and Sour Soup","3 tbsp cornstarch","cornstarch","24","91"
"99","Hot and Sour Soup","2 eggs, beaten","eggs","100","143"
"99","Hot and Sour Soup","2 green onions, sliced","green-onion","30","10"
"100","Mushroom Barley Soup","1 onion, diced","onion","140","56"
"100","Mushroom Barley Soup","2 carrots, diced","carrot","122","50"
"100","Mushroom Barley Soup","2 celery stalks, diced","celery","80","11"
"100","Mushroom Barley Soup","1 lb mushrooms, sliced","mushrooms","454","100"
"100","Mushroom Barley Soup","3/4 cup pearl barley","barley","150","528"
"100","Mushroom Barley Soup","7 cups vegetable broth","vegetable-broth","1680","84"
"100","Mushroom Barley Soup","1 tsp dried thyme","thyme","1","3"
"100","Mushroom Barley Soup","2 tbsp soy sauce","soy-sauce","32","17"
"101","Chickpea and Kale Soup","1 onion, diced","onion","140","56"
"101","Chickpea and Kale Soup","2 carrots, diced","carrot","122","50"
"101","Chickpea and Kale Soup","3 cans (15 oz each) chickpeas, drained and rinsed","chickpeas","765","1064"
"101","Chickpea and Kale Soup","1 can (14 oz) diced tomatoes","canned-tomatoes","397","95"
"101","Chickpea and Kale Soup","6 cups vegetable broth","vegetable-broth","1440","72"
"101","Chickpea and Kale Soup","4 cups chopped kale","kale","84","29"
"101","Chickpea and Kale Soup","1 tsp ground cumin","cumin","2","8"
"101","Chickpea and Kale Soup","1 tsp smoked paprika","smoked-paprika","2","6"
"102","Turkey and Wild Rice Soup","2 cups cooked shredded turkey","cooked-turkey","280","476"
"102","Turkey and Wild Rice Soup","1 onion, diced","onion","140","56"
"102","Turkey and Wild Rice Soup","2 carrots, diced","carrot","122","50"
"102","Turkey and Wild Rice Soup","2 celery stalks, diced","celery","80","11"
"102","Turkey and Wild Rice Soup","6 cups chicken broth","chicken-broth","1440","72"
"102","Turkey and Wild Rice Soup","1 cup wild rice","wild-rice","160","571"
"102","Turkey and Wild Rice Soup","1 cup sliced mushrooms","mushrooms","70","15"
"102","Turkey and Wild Rice Soup","1/2 cup milk","milk","122","61"
"102","Turkey and Wild Rice Soup","2 tbsp flour","flour","16","57"
"103","Chicken Caesar Salad","2 boneless chicken breasts","chicken-breast","400","480"
"103","Chicken Caesar Salad","6 cups chopped romaine lettuce","lettuce","282","42"
"103","Chicken Caesar Salad","1/2 cup grated parmesan cheese","parmesan","50","196"
"103","Chicken Caesar Salad","1 cup croutons","croutons","30","122"
"103","Chicken Caesar Salad","Lemon wedges, for serving","lemon","not counted",""
"104","Cobb Salad","4 cups chopped romaine lettuce","lettuce","188","28"
"104","Cobb Salad","1 cooked chicken breast, chopped","chicken-breast","200","240"
"104","Cobb Salad","4 slices bacon","bacon","112","179"
"104","Cobb Salad","2 hard-boiled eggs, sliced","eggs","100","143"
"104","Cobb Salad","1 avocado, diced","avocado","150","240"
"104","Cobb Salad","1 cup cherry tomatoes, halved","cherry-tomatoes","149","27"
"104","Cobb Salad","1/4 cup crumbled blue cheese","blue-cheese","34","119"
"105","Greek Salad with Grilled Chicken","2 boneless chicken breasts","chicken-breast","400","480"
"105","Greek Salad with Grilled Chicken","1 cucumber, diced","cucumber","250","38"
"105","Greek Salad with Grilled Chicken","2 cups cherry tomatoes, halved","cherry-tomatoes","298","54"
"105","Greek Salad with Grilled Chicken","1/2 red onion, thinly sliced","red-onion","70","28"
"105","Greek Salad with Grilled Chicken","1/2 cup crumbled feta cheese","feta","75","198"
"105","Greek Salad with Grilled Chicken","1/3 cup kalamata olives","olives","45","58"
"106","Salade Nicoise","2 cans tuna in olive oil, drained","canned-tuna","240","278"
"106","Salade Nicoise","3 eggs","eggs","150","214"
"106","Salade Nicoise","8 oz baby potatoes","potatoes","227","175"
"106","Salade Nicoise","1 cup green beans, trimmed","green-beans","110","34"
"106","Salade Nicoise","1 cup cherry tomatoes, halved","cherry-tomatoes","149","27"
"106","Salade Nicoise","1/4 cup kalamata olives","olives","34","44"
"107","Waldorf Salad","2 apples, diced","apples","360","187"
"107","Waldorf Salad","2 celery stalks, sliced","celery","80","11"
"107","Waldorf Salad","1 cup red grapes, halved","grapes","151","104"
"107","Waldorf Salad","1/2 cup walnuts, chopped","walnuts","58","383"
"107","Waldorf Salad","1/3 cup mayonnaise","mayonnaise","73","498"
"107","Waldorf Salad","1 tbsp honey","honey","21","65"
"107","Waldorf Salad","1 tsp lemon juice","lemon","5","1"
"107","Waldorf Salad","4 cups lettuce leaves, for serving","lettuce","188","28"
"108","Tabbouleh","1/2 cup fine bulgur","bulgur","70","239"
"108","Tabbouleh","2 cups chopped parsley","parsley","120","43"
"108","Tabbouleh","1/4 cup chopped mint","mint","8","3"
"108","Tabbouleh","3 tomatoes, diced","tomatoes","369","66"
"108","Tabbouleh","3 green onions, chopped","green-onion","45","14"
"108","Tabbouleh","1/2 tsp salt","salt","3","0"
"109","Fattoush Salad","2 pita breads","pita","120","330"
"109","Fattoush Salad","1 head romaine lettuce, chopped","lettuce","600","90"
"109","Fattoush Salad","1 cucumber, diced","cucumber","250","38"
"109","Fattoush Salad","3 tomatoes, diced","tomatoes","369","66"
"109","Fattoush Salad","4 radishes, thinly sliced","radishes","24","4"
"109","Fattoush Salad","3 green onions, chopped","green-onion","45","14"
"109","Fattoush Salad","1 tsp sumac","sumac","2","6"
"110","Panzanella","4 cups day-old bread, cubed","bread","120","318"
"110","Panzanella","4 tomatoes, chopped","tomatoes","492","89"
"110","Panzanella","1 cucumber, diced","cucumber","250","38"
"110","Panzanella","1/2 red onion, thinly sliced","red-onion","70","28"
"110","Panzanella","1/4 cup fresh basil leaves","basil","6","1"
"111","Classic Potato Salad","2 lbs baby potatoes","potatoes","907","699"
"111","Classic Potato Salad","3 eggs","eggs","150","214"
"111","Classic Potato Salad","2 celery stalks, diced","celery","80","11"
"111","Classic Potato Salad","1/4 red onion, finely diced","red-onion","35","14"
"111","Classic Potato Salad","1/2 cup mayonnaise","mayonnaise","110","748"
"111","Classic Potato Salad","1 tbsp yellow mustard","mustard","16","9"
"112","Creamy Macaroni Salad","2 cups elbow macaroni","pasta","200","742"
"112","Creamy Macaroni Salad","1/2 cup mayonnaise","mayonnaise","110","748"
"112","Creamy Macaroni Salad","1 tbsp apple cider vinegar","apple-cider-vinegar","15","3"
"112","Creamy Macaroni Salad","1 tsp sugar","sugar","4","16"
"112","Creamy Macaroni Salad","2 celery stalks, diced","celery","80","11"
"112","Creamy Macaroni Salad","1/2 red bell pepper, diced","bell-pepper","75","20"
"112","Creamy Macaroni Salad","1/4 red onion, finely diced","red-onion","35","14"
"112","Creamy Macaroni Salad","1/2 cup frozen peas, thawed","peas","70","54"
"113","Three-Bean Salad","1 can kidney beans, drained and rinsed","kidney-beans","250","210"
"113","Three-Bean Salad","1 can chickpeas, drained and rinsed","chickpeas","250","348"
"113","Three-Bean Salad","1 cup green beans, trimmed and halved","green-beans","110","34"
"113","Three-Bean Salad","1/2 red onion, thinly sliced","red-onion","70","28"
"113","Three-Bean Salad","1/2 tsp dried oregano","oregano","0","1"
"114","Caprese Pasta Salad","2 cups fusilli or penne pasta","pasta","200","742"
"114","Caprese Pasta Salad","1 cup cherry tomatoes, halved","cherry-tomatoes","149","27"
"114","Caprese Pasta Salad","8 oz fresh mozzarella pearls","mozzarella","227","680"
"114","Caprese Pasta Salad","1/4 cup fresh basil leaves, torn","basil","6","1"
"114","Caprese Pasta Salad","3 tbsp olive oil","olive-oil","40","358"
"114","Caprese Pasta Salad","1 tbsp balsamic vinegar","balsamic-vinegar","16","14"
"115","Farro Salad with Roasted Vegetables","1 cup farro","farro","190","646"
"115","Farro Salad with Roasted Vegetables","1 zucchini, diced","zucchini","200","34"
"115","Farro Salad with Roasted Vegetables","1 red bell pepper, diced","bell-pepper","150","39"
"115","Farro Salad with Roasted Vegetables","1/2 red onion, diced","red-onion","70","28"
"115","Farro Salad with Roasted Vegetables","1 cup cherry tomatoes, halved","cherry-tomatoes","149","27"
"115","Farro Salad with Roasted Vegetables","2 tbsp olive oil","olive-oil","27","239"
"115","Farro Salad with Roasted Vegetables","2 tbsp lemon juice","lemon","30","7"
"115","Farro Salad with Roasted Vegetables","1/4 cup chopped parsley","parsley","15","5"
"116","Lemon Herb Orzo Salad","1 1/2 cups orzo","pasta","150","556"
"116","Lemon Herb Orzo Salad","1 cucumber, diced","cucumber","250","38"
"116","Lemon Herb Orzo Salad","1 cup cherry tomatoes, halved","cherry-tomatoes","149","27"
"116","Lemon Herb Orzo Salad","1/4 cup chopped parsley","parsley","15","5"
"116","Lemon Herb Orzo Salad","2 tbsp chopped dill","dill","1","0"
"116","Lemon Herb Orzo Salad","3 tbsp olive oil","olive-oil","40","358"
"116","Lemon Herb Orzo Salad","2 tbsp lemon juice","lemon","30","7"
"117","Lentil and Feta Salad","1 cup dried green or brown lentils","lentils","192","676"
"117","Lentil and Feta Salad","1/2 cup crumbled feta cheese","feta","75","198"
"117","Lentil and Feta Salad","1 cucumber, diced","cucumber","250","38"
"117","Lentil and Feta Salad","2 tomatoes, diced","tomatoes","246","44"
"117","Lentil and Feta Salad","1/4 red onion, finely diced","red-onion","35","14"
"117","Lentil and Feta Salad","1/4 cup chopped parsley","parsley","15","5"
"117","Lentil and Feta Salad","3 tbsp olive oil","olive-oil","40","358"
"117","Lentil and Feta Salad","2 tbsp lemon juice","lemon","30","7"
"118","Tuna Poke Bowl","2 cups cooked rice","cooked-rice","316","411"
"118","Tuna Poke Bowl","12 oz sushi-grade tuna, cubed","tuna-steak","340","371"
"118","Tuna Poke Bowl","2 tbsp soy sauce","soy-sauce","32","17"
"118","Tuna Poke Bowl","1 tsp sesame oil","sesame-oil","5","40"
"118","Tuna Poke Bowl","1 avocado, sliced","avocado","150","240"
"118","Tuna Poke Bowl","1 cucumber, diced","cucumber","250","38"
"118","Tuna Poke Bowl","2 green onions, sliced","green-onion","30","10"
"118","Tuna Poke Bowl","1 tbsp sesame seeds","sesame-seeds","9","52"
"119","Salmon Rice Bowl","2 salmon fillets","salmon","300","624"
"119","Salmon Rice Bowl","2 cups cooked rice","cooked-rice","316","411"
"119","Salmon Rice Bowl","1 cup shelled edamame","edamame","155","188"
"119","Salmon Rice Bowl","1 carrot, julienned","carrot","61","25"
"119","Salmon Rice Bowl","1 cucumber, diced","cucumber","250","38"
"119","Salmon Rice Bowl","2 tbsp soy sauce","soy-sauce","32","17"
"119","Salmon Rice Bowl","1 tsp sesame oil","sesame-oil","5","40"
"119","Salmon Rice Bowl","1 tbsp sesame seeds","sesame-seeds","9","52"
"120","Teriyaki Chicken Rice Bowl","2 boneless chicken thighs, cubed","chicken-thighs","240","360"
"120","Teriyaki Chicken Rice Bowl","2 cups cooked rice","cooked-rice","316","411"
"120","Teriyaki Chicken Rice Bowl","2 cups broccoli florets","broccoli","182","62"
"120","Teriyaki Chicken Rice Bowl","3 tbsp soy sauce","soy-sauce","48","25"
"120","Teriyaki Chicken Rice Bowl","2 tbsp honey","honey","42","129"
"120","Teriyaki Chicken Rice Bowl","1 tsp grated ginger","ginger","2","2"
"120","Teriyaki Chicken Rice Bowl","1 tbsp sesame seeds","sesame-seeds","9","52"
"121","Bibimbap Bowl","8 oz ground beef","ground-beef","227","488"
"121","Bibimbap Bowl","2 cups cooked rice","cooked-rice","316","411"
"121","Bibimbap Bowl","2 cups baby spinach","spinach","60","14"
"121","Bibimbap Bowl","1 carrot, julienned","carrot","61","25"
"121","Bibimbap Bowl","1 cup bean sprouts","bean-sprouts","104","31"
"121","Bibimbap Bowl","2 eggs","eggs","100","143"
"121","Bibimbap Bowl","2 tbsp gochujang","gochujang","38","79"
"121","Bibimbap Bowl","1 tsp sesame oil","sesame-oil","5","40"
"122","Chicken Burrito Bowl","2 boneless chicken breasts","chicken-breast","400","480"
"122","Chicken Burrito Bowl","2 cups cooked rice","cooked-rice","316","411"
"122","Chicken Burrito Bowl","1 can black beans, drained and rinsed","black-beans","250","228"
"122","Chicken Burrito Bowl","1 cup corn kernels","corn","150","129"
"122","Chicken Burrito Bowl","1 cup salsa","salsa","259","93"
"122","Chicken Burrito Bowl","2 cups chopped lettuce","lettuce","94","14"
"122","Chicken Burrito Bowl","1 avocado, diced","avocado","150","240"
"122","Chicken Burrito Bowl","1 tsp cumin","cumin","2","8"
"122","Chicken Burrito Bowl","1 tsp chili powder","chili-powder","3","8"
"123","Roasted Vegetable Buddha Bowl with Tahini","1 sweet potato, cubed","sweet-potato","150","129"
"123","Roasted Vegetable Buddha Bowl with Tahini","1 can chickpeas, drained and rinsed","chickpeas","250","348"
"123","Roasted Vegetable Buddha Bowl with Tahini","2 cups baby kale","kale","42","15"
"123","Roasted Vegetable Buddha Bowl with Tahini","1 cup cooked quinoa","quinoa","60","222"
"123","Roasted Vegetable Buddha Bowl with Tahini","2 tbsp olive oil","olive-oil","27","239"
"123","Roasted Vegetable Buddha Bowl with Tahini","1/2 tsp cumin","cumin","1","4"
"124","Falafel Grain Bowl","12 frozen or fresh falafel patties","falafel","204","679"
"124","Falafel Grain Bowl","1 cup cooked bulgur or quinoa","bulgur","45","153"
"124","Falafel Grain Bowl","1 cucumber, diced","cucumber","250","38"
"124","Falafel Grain Bowl","2 tomatoes, diced","tomatoes","246","44"
"124","Falafel Grain Bowl","1/4 red onion, thinly sliced","red-onion","35","14"
"124","Falafel Grain Bowl","2 tbsp chopped parsley","parsley","8","3"
"125","Southwest Chicken Salad with Lime Ranch","2 boneless chicken breasts","chicken-breast","400","480"
"125","Southwest Chicken Salad with Lime Ranch","6 cups chopped romaine lettuce","lettuce","282","42"
"125","Southwest Chicken Salad with Lime Ranch","1 can black beans, drained and rinsed","black-beans","250","228"
"125","Southwest Chicken Salad with Lime Ranch","1 cup corn kernels","corn","150","129"
"125","Southwest Chicken Salad with Lime Ranch","1 cup cherry tomatoes, halved","cherry-tomatoes","149","27"
"125","Southwest Chicken Salad with Lime Ranch","1 avocado, diced","avocado","150","240"
"125","Southwest Chicken Salad with Lime Ranch","1 tsp cumin","cumin","2","8"
"126","Shrimp Taco Salad","1 lb shrimp, peeled and deveined","shrimp","454","386"
"126","Shrimp Taco Salad","6 cups chopped romaine lettuce","lettuce","282","42"
"126","Shrimp Taco Salad","1 can black beans, drained and rinsed","black-beans","250","228"
"126","Shrimp Taco Salad","1 cup corn kernels","corn","150","129"
"126","Shrimp Taco Salad","1 cup cherry tomatoes, halved","cherry-tomatoes","149","27"
"126","Shrimp Taco Salad","2 avocados","avocado","300","480"
"126","Shrimp Taco Salad","1 cup crushed tortilla chips","tortilla-chips","28","137"
"126","Shrimp Taco Salad","1 tsp chili powder","chili-powder","3","8"
"127","Lemongrass Chicken Vermicelli Bowl","2 boneless chicken thighs","chicken-thighs","240","360"
"127","Lemongrass Chicken Vermicelli Bowl","1 stalk lemongrass, minced (or 1 tbsp lemongrass paste)","lemongrass","20","20"
"127","Lemongrass Chicken Vermicelli Bowl","8 oz rice vermicelli noodles","rice-noodles","227","826"
"127","Lemongrass Chicken Vermicelli Bowl","2 cups shredded lettuce","lettuce","94","14"
"127","Lemongrass Chicken Vermicelli Bowl","1 cucumber, julienned","cucumber","250","38"
"127","Lemongrass Chicken Vermicelli Bowl","1 carrot, julienned","carrot","61","25"
"127","Lemongrass Chicken Vermicelli Bowl","1/4 cup mint leaves","mint","8","3"
"128","Soba Noodle Salad with Edamame","8 oz soba noodles","asian-noodles","227","816"
"128","Soba Noodle Salad with Edamame","1 cup shelled edamame","edamame","155","188"
"128","Soba Noodle Salad with Edamame","1 carrot, julienned","carrot","61","25"
"128","Soba Noodle Salad with Edamame","1 cucumber, julienned","cucumber","250","38"
"128","Soba Noodle Salad with Edamame","3 green onions, sliced","green-onion","45","14"
"128","Soba Noodle Salad with Edamame","1 tbsp sesame seeds","sesame-seeds","9","52"
"129","Sheet Pan Garlic Lemon Chicken and Asparagus","1 lb chicken breast tenders or thin cutlets","chicken-breast","454","544"
"129","Sheet Pan Garlic Lemon Chicken and Asparagus","1 bunch asparagus, woody ends trimmed","asparagus","450","90"
"129","Sheet Pan Garlic Lemon Chicken and Asparagus","2 tbsp olive oil","olive-oil","27","239"
"129","Sheet Pan Garlic Lemon Chicken and Asparagus","2 tbsp fresh lemon juice","lemon","30","7"
"130","15-Minute Beef and Broccoli Stir-Fry","1 lb 90% lean ground beef","ground-beef","454","975"
"130","15-Minute Beef and Broccoli Stir-Fry","3 cups broccoli florets","broccoli","273","93"
"130","15-Minute Beef and Broccoli Stir-Fry","2 cloves garlic, minced","garlic","6","9"
"130","15-Minute Beef and Broccoli Stir-Fry","1 tsp minced fresh ginger","ginger","2","2"
"130","15-Minute Beef and Broccoli Stir-Fry","Cooked brown rice for serving","cooked-rice","not counted",""
"131","Sheet Pan Salmon with Zucchini and Tomatoes","2 salmon fillets (about 5 oz each)","salmon","284","590"
"131","Sheet Pan Salmon with Zucchini and Tomatoes","1 medium zucchini, sliced into half-moons","zucchini","200","34"
"131","Sheet Pan Salmon with Zucchini and Tomatoes","1 cup cherry tomatoes","cherry-tomatoes","149","27"
"131","Sheet Pan Salmon with Zucchini and Tomatoes","1½ tbsp olive oil","olive-oil","20","179"
"131","Sheet Pan Salmon with Zucchini and Tomatoes","1 tsp dried oregano","oregano","1","3"
"131","Sheet Pan Salmon with Zucchini and Tomatoes","1 lemon, cut into wedges","lemon","50","11"
"132","Ground Turkey and Black Bean Skillet Tacos","1 lb lean ground turkey","ground-turkey","454","680"
"132","Ground Turkey and Black Bean Skillet Tacos","2 tbsp low-sodium taco seasoning","taco-seasoning","16","46"
"132","Ground Turkey and Black Bean Skillet Tacos","1 can (15 oz) black beans, rinsed and drained","black-beans","255","232"
"132","Ground Turkey and Black Bean Skillet Tacos","⅓ cup water","water","79","0"
"132","Ground Turkey and Black Bean Skillet Tacos","6 small corn or whole wheat tortillas","corn-tortillas","156","340"
"133","Garlic Butter Shrimp and Spinach Pasta","½ lb raw peeled shrimp, thawed","shrimp","227","193"
"133","Garlic Butter Shrimp and Spinach Pasta","6 oz whole wheat thin spaghetti","pasta","170","631"
"133","Garlic Butter Shrimp and Spinach Pasta","2 cups baby spinach","spinach","60","14"
"133","Garlic Butter Shrimp and Spinach Pasta","3 cloves garlic, minced","garlic","9","13"
"133","Garlic Butter Shrimp and Spinach Pasta","2 tbsp grated parmesan cheese","parmesan","12","49"
"134","One-Pot Chickpea and Spinach Coconut Curry","1 can (15 oz) chickpeas, rinsed and drained","chickpeas","255","355"
"134","One-Pot Chickpea and Spinach Coconut Curry","1 can (13.5 oz) light coconut milk","coconut-milk","383","754"
"134","One-Pot Chickpea and Spinach Coconut Curry","1 can (14.5 oz) diced tomatoes","canned-tomatoes","411","99"
"134","One-Pot Chickpea and Spinach Coconut Curry","1 tbsp yellow curry powder","curry-powder","6","20"
"134","One-Pot Chickpea and Spinach Coconut Curry","2 cups fresh baby spinach","spinach","60","14"
"134","One-Pot Chickpea and Spinach Coconut Curry","Cooked jasmine or brown rice","cooked-rice","not counted",""
"135","Skillet Caprese Chicken","2 boneless skinless chicken breasts, thinly sliced or pounded","chicken-breast","400","480"
"135","Skillet Caprese Chicken","¾ cup jarred low-sugar marinara sauce","marinara","188","94"
"135","Skillet Caprese Chicken","4 slices fresh mozzarella cheese","mozzarella","84","252"
"135","Skillet Caprese Chicken","¼ cup fresh basil leaves","basil","6","1"
"135","Skillet Caprese Chicken","1 tbsp olive oil","olive-oil","14","119"
"136","Crispy Teriyaki Tofu and Veggie Stir-Fry","1 block (14 oz) extra-firm tofu, drained, pressed, and cubed","tofu","397","397"
"136","Crispy Teriyaki Tofu and Veggie Stir-Fry","3 cups frozen stir-fry vegetable mix","frozen-veg","405","263"
"136","Crispy Teriyaki Tofu and Veggie Stir-Fry","¼ cup low-sodium teriyaki sauce","teriyaki","72","64"
"136","Crispy Teriyaki Tofu and Veggie Stir-Fry","1 tbsp olive oil","olive-oil","14","119"
"136","Crispy Teriyaki Tofu and Veggie Stir-Fry","Cooked brown rice","cooked-rice","not counted",""
"137","Sheet Pan Smoked Sausage, Peppers and Onions","12 oz pre-cooked turkey or chicken smoked sausage, sliced into coins","smoked-sausage","340","1021"
"137","Sheet Pan Smoked Sausage, Peppers and Onions","2 bell peppers (any color), sliced","bell-pepper","300","78"
"137","Sheet Pan Smoked Sausage, Peppers and Onions","1 medium red onion, sliced","red-onion","140","56"
"137","Sheet Pan Smoked Sausage, Peppers and Onions","1 tbsp olive oil","olive-oil","14","119"
"137","Sheet Pan Smoked Sausage, Peppers and Onions","1 tsp Italian seasoning","italian-seasoning","1","3"
"138","Easy Egg and Veggie Fried Rice","2 cups pre-cooked chilled brown rice","cooked-rice","316","411"
"138","Easy Egg and Veggie Fried Rice","1 cup frozen peas and carrots","frozen-veg","135","88"
"138","Easy Egg and Veggie Fried Rice","2 large eggs, lightly beaten","eggs","100","143"
"138","Easy Egg and Veggie Fried Rice","2 green onions, chopped","green-onion","30","10"
"139","Honey Mustard Glazed Pork Chops","2 thin-cut boneless pork chops","pork-chops","220","378"
"139","Honey Mustard Glazed Pork Chops","½ tsp garlic powder","garlic-powder","2","5"
"139","Honey Mustard Glazed Pork Chops","1 tbsp olive oil","olive-oil","14","119"
"139","Honey Mustard Glazed Pork Chops","2 cups fresh green beans","green-beans","220","68"
"140","Tuscan White Bean and Spinach Soup","2 cans (15 oz each) white cannellini beans, rinsed and drained","white-beans","510","510"
"140","Tuscan White Bean and Spinach Soup","1 can (14.5 oz) diced tomatoes","canned-tomatoes","411","99"
"140","Tuscan White Bean and Spinach Soup","3 cups vegetable broth","vegetable-broth","720","36"
"140","Tuscan White Bean and Spinach Soup","2 cloves garlic, minced","garlic","6","9"
"140","Tuscan White Bean and Spinach Soup","2 cups fresh baby spinach","spinach","60","14"
"141","Turkey Marinara over Zucchini Noodles","1 lb lean ground turkey","ground-turkey","454","680"
"141","Turkey Marinara over Zucchini Noodles","1½ cups jarred marinara sauce","marinara","375","188"
"141","Turkey Marinara over Zucchini Noodles","2 medium zucchini, spiralized","zucchini","400","68"
"141","Turkey Marinara over Zucchini Noodles","1 tbsp olive oil","olive-oil","14","119"
"141","Turkey Marinara over Zucchini Noodles","2 tbsp grated parmesan","parmesan","12","49"
"142","Quick Sheet Pan Chicken Fajitas","1 lb chicken breast, sliced into strips","chicken-breast","454","544"
"142","Quick Sheet Pan Chicken Fajitas","2 bell peppers (red and green), sliced into strips","bell-pepper","300","78"
"142","Quick Sheet Pan Chicken Fajitas","1 yellow onion, sliced","onion","140","56"
"142","Quick Sheet Pan Chicken Fajitas","1 tbsp fajita seasoning","taco-seasoning","8","23"
"142","Quick Sheet Pan Chicken Fajitas","1½ tbsp olive oil","olive-oil","20","179"
"142","Quick Sheet Pan Chicken Fajitas","Small corn or flour tortillas","corn-tortillas","not counted",""
"143","15-Minute Tomato Spinach Tortellini","9 oz package refrigerated cheese tortellini","tortellini","255","740"
"143","15-Minute Tomato Spinach Tortellini","1 cup marinara sauce","marinara","250","125"
"143","15-Minute Tomato Spinach Tortellini","2 tbsp heavy cream or plain Greek yogurt","heavy-cream","30","101"
"143","15-Minute Tomato Spinach Tortellini","1½ cups fresh baby spinach","spinach","45","10"
"143","15-Minute Tomato Spinach Tortellini","2 tbsp grated parmesan","parmesan","12","49"
"144","Baked Pesto White Fish with Cherry Tomatoes","2 white fish fillets (cod, tilapia, or haddock)","white-fish","300","270"
"144","Baked Pesto White Fish with Cherry Tomatoes","2 tbsp store-bought basil pesto","pesto","30","126"
"144","Baked Pesto White Fish with Cherry Tomatoes","1 cup cherry tomatoes, halved","cherry-tomatoes","149","27"
"144","Baked Pesto White Fish with Cherry Tomatoes","1 tbsp lemon juice","lemon","15","3"
"145","Spaghetti Bolognese","1 lb ground beef","ground-beef","454","975"
"145","Spaghetti Bolognese","1 onion, diced","onion","140","56"
"145","Spaghetti Bolognese","1 carrot, diced","carrot","61","25"
"145","Spaghetti Bolognese","1 celery stalk, diced","celery","40","6"
"145","Spaghetti Bolognese","4 cloves garlic, minced","garlic","12","18"
"145","Spaghetti Bolognese","1 (28 oz) can crushed tomatoes","canned-tomatoes","794","191"
"145","Spaghetti Bolognese","2 tbsp tomato paste","tomato-paste","33","27"
"145","Spaghetti Bolognese","1/2 cup dry red wine","red-wine","118","100"
"145","Spaghetti Bolognese","1 cup beef broth","beef-broth","240","17"
"145","Spaghetti Bolognese","1 lb spaghetti","pasta","454","1683"
"145","Spaghetti Bolognese","2 tbsp olive oil","olive-oil","27","239"
"146","Classic Lasagna","1 lb ground beef","ground-beef","454","975"
"146","Classic Lasagna","1 onion, diced","onion","140","56"
"146","Classic Lasagna","3 cloves garlic, minced","garlic","9","13"
"146","Classic Lasagna","1 (28 oz) can crushed tomatoes","canned-tomatoes","794","191"
"146","Classic Lasagna","2 tbsp tomato paste","tomato-paste","33","27"
"146","Classic Lasagna","12 lasagna noodles","pasta","240","890"
"146","Classic Lasagna","15 oz ricotta cheese","ricotta","425","740"
"146","Classic Lasagna","1 egg","eggs","50","72"
"146","Classic Lasagna","3 cups shredded mozzarella cheese","mozzarella","339","1017"
"146","Classic Lasagna","1/2 cup grated parmesan cheese","parmesan","50","196"
"146","Classic Lasagna","2 tbsp chopped fresh basil","basil","3","1"
"147","Fettuccine Alfredo","1 lb fettuccine","pasta","454","1683"
"147","Fettuccine Alfredo","4 tbsp butter","butter","57","407"
"147","Fettuccine Alfredo","2 cups heavy cream","heavy-cream","476","1618"
"147","Fettuccine Alfredo","1 1/2 cups grated parmesan cheese","parmesan","150","588"
"147","Fettuccine Alfredo","2 cloves garlic, minced","garlic","6","9"
"148","Spaghetti Carbonara","1 lb spaghetti","pasta","454","1683"
"148","Spaghetti Carbonara","6 oz pancetta, diced","pancetta","170","561"
"148","Spaghetti Carbonara","3 large eggs","eggs","150","214"
"148","Spaghetti Carbonara","1 cup grated pecorino romano cheese","parmesan","100","392"
"148","Spaghetti Carbonara","2 cloves garlic, minced","garlic","6","9"
"148","Spaghetti Carbonara","1 tsp black pepper","black-pepper","2","6"
"149","Penne alla Vodka","1 lb penne","pasta","454","1683"
"149","Penne alla Vodka","2 tbsp butter","butter","28","203"
"149","Penne alla Vodka","1 onion, diced","onion","140","56"
"149","Penne alla Vodka","3 cloves garlic, minced","garlic","9","13"
"149","Penne alla Vodka","1/3 cup vodka","other-alcohol","79","79"
"149","Penne alla Vodka","1 (28 oz) can crushed tomatoes","canned-tomatoes","794","191"
"149","Penne alla Vodka","3/4 cup heavy cream","heavy-cream","178","607"
"149","Penne alla Vodka","1/2 cup grated parmesan cheese","parmesan","50","196"
"149","Penne alla Vodka","2 tbsp chopped fresh basil","basil","3","1"
"150","Chicken Parmesan","2 large boneless chicken breasts, halved and pounded thin","chicken-breast","400","480"
"150","Chicken Parmesan","1 cup breadcrumbs","breadcrumbs","80","316"
"150","Chicken Parmesan","1/2 cup grated parmesan cheese","parmesan","50","196"
"150","Chicken Parmesan","2 eggs, beaten","eggs","100","143"
"150","Chicken Parmesan","1/2 cup flour","flour","62","228"
"150","Chicken Parmesan","2 cups marinara sauce","marinara","500","250"
"150","Chicken Parmesan","1 1/2 cups shredded mozzarella cheese","mozzarella","170","508"
"151","Eggplant Parmesan","2 medium eggplants, sliced into 1/2-inch rounds","eggplant","900","225"
"151","Eggplant Parmesan","1 cup breadcrumbs","breadcrumbs","80","316"
"151","Eggplant Parmesan","1/2 cup grated parmesan cheese","parmesan","50","196"
"151","Eggplant Parmesan","2 eggs, beaten","eggs","100","143"
"151","Eggplant Parmesan","1/2 cup flour","flour","62","228"
"151","Eggplant Parmesan","2 cups marinara sauce","marinara","500","250"
"151","Eggplant Parmesan","2 cups shredded mozzarella cheese","mozzarella","226","678"
"151","Eggplant Parmesan","2 tbsp chopped fresh basil","basil","3","1"
"152","Margherita Pizza","1 lb pizza dough","pizza-dough","454","1134"
"152","Margherita Pizza","1/2 cup crushed tomatoes","canned-tomatoes","120","29"
"152","Margherita Pizza","8 oz fresh mozzarella, torn","mozzarella","227","680"
"152","Margherita Pizza","2 tbsp olive oil","olive-oil","27","239"
"152","Margherita Pizza","1/4 cup fresh basil leaves","basil","6","1"
"152","Margherita Pizza","1 clove garlic, minced","garlic","3","4"
"153","Pepperoni Pizza","1 lb pizza dough","pizza-dough","454","1134"
"153","Pepperoni Pizza","1/2 cup pizza sauce","marinara","125","62"
"153","Pepperoni Pizza","2 cups shredded mozzarella cheese","mozzarella","226","678"
"153","Pepperoni Pizza","4 oz sliced pepperoni","pepperoni","113","572"
"153","Pepperoni Pizza","1 tbsp olive oil","olive-oil","14","119"
"153","Pepperoni Pizza","1 tsp dried oregano","oregano","1","3"
"154","Mushroom Risotto","1 1/2 cups arborio rice","rice","278","1013"
"154","Mushroom Risotto","1 lb mixed mushrooms, sliced","mushrooms","454","100"
"154","Mushroom Risotto","1 onion, diced","onion","140","56"
"154","Mushroom Risotto","3 cloves garlic, minced","garlic","9","13"
"154","Mushroom Risotto","1/2 cup dry white wine","white-wine","118","97"
"154","Mushroom Risotto","5 cups vegetable broth, warmed","vegetable-broth","1200","60"
"154","Mushroom Risotto","3 tbsp butter","butter","43","305"
"154","Mushroom Risotto","3/4 cup grated parmesan cheese","parmesan","75","294"
"154","Mushroom Risotto","2 tbsp chopped fresh parsley","parsley","8","3"
"155","Chicken Piccata","2 large boneless chicken breasts, halved and pounded thin","chicken-breast","400","480"
"155","Chicken Piccata","1/3 cup flour","flour","42","152"
"155","Chicken Piccata","4 tbsp butter","butter","57","407"
"155","Chicken Piccata","1/2 cup chicken broth","chicken-broth","120","6"
"155","Chicken Piccata","1/4 cup fresh lemon juice","lemon","61","13"
"155","Chicken Piccata","3 tbsp capers, drained","capers","26","6"
"155","Chicken Piccata","2 tbsp chopped fresh parsley","parsley","8","3"
"156","Chicken Marsala","2 large boneless chicken breasts, halved and pounded thin","chicken-breast","400","480"
"156","Chicken Marsala","1/3 cup flour","flour","42","152"
"156","Chicken Marsala","8 oz mushrooms, sliced","mushrooms","227","50"
"156","Chicken Marsala","1 shallot, minced","shallot","40","29"
"156","Chicken Marsala","3/4 cup marsala wine","white-wine","177","145"
"156","Chicken Marsala","3/4 cup chicken broth","chicken-broth","180","9"
"156","Chicken Marsala","4 tbsp butter","butter","57","407"
"156","Chicken Marsala","2 tbsp chopped fresh parsley","parsley","8","3"
"157","Baked Ziti","1 lb ziti pasta","pasta","454","1683"
"157","Baked Ziti","1 lb ground beef","ground-beef","454","975"
"157","Baked Ziti","1 onion, diced","onion","140","56"
"157","Baked Ziti","3 cloves garlic, minced","garlic","9","13"
"157","Baked Ziti","3 cups marinara sauce","marinara","750","375"
"157","Baked Ziti","15 oz ricotta cheese","ricotta","425","740"
"157","Baked Ziti","1 egg","eggs","50","72"
"157","Baked Ziti","2 cups shredded mozzarella cheese","mozzarella","226","678"
"157","Baked Ziti","1/2 cup grated parmesan cheese","parmesan","50","196"
"157","Baked Ziti","2 tbsp chopped fresh basil","basil","3","1"
"158","Cacio e Pepe","1 lb spaghetti","pasta","454","1683"
"158","Cacio e Pepe","4 tbsp butter","butter","57","407"
"158","Cacio e Pepe","1 1/2 cups grated pecorino romano cheese","parmesan","150","588"
"158","Cacio e Pepe","2 tsp coarsely ground black pepper","black-pepper","5","12"
"159","Pasta Puttanesca","1 lb spaghetti","pasta","454","1683"
"159","Pasta Puttanesca","4 anchovy fillets, minced","anchovies","16","34"
"159","Pasta Puttanesca","4 cloves garlic, minced","garlic","12","18"
"159","Pasta Puttanesca","1 (28 oz) can crushed tomatoes","canned-tomatoes","794","191"
"159","Pasta Puttanesca","1/2 cup pitted black olives, halved","olives","68","88"
"159","Pasta Puttanesca","2 tbsp capers, drained","capers","17","4"
"159","Pasta Puttanesca","1/2 tsp red pepper flakes","red-pepper-flakes","1","3"
"159","Pasta Puttanesca","2 tbsp chopped fresh parsley","parsley","8","3"
"160","Shrimp Scampi","1 lb linguine","pasta","454","1683"
"160","Shrimp Scampi","1 1/2 lbs large shrimp, peeled and deveined","shrimp","680","578"
"160","Shrimp Scampi","5 cloves garlic, minced","garlic","15","22"
"160","Shrimp Scampi","1/2 cup dry white wine","white-wine","118","97"
"160","Shrimp Scampi","1/4 cup fresh lemon juice","lemon","61","13"
"160","Shrimp Scampi","4 tbsp butter","butter","57","407"
"160","Shrimp Scampi","1/4 tsp red pepper flakes","red-pepper-flakes","0","1"
"160","Shrimp Scampi","2 tbsp chopped fresh parsley","parsley","8","3"
"161","Linguine with Clams","1 lb linguine","pasta","454","1683"
"161","Linguine with Clams","3 lbs small clams, scrubbed","clams","272","234"
"161","Linguine with Clams","5 cloves garlic, minced","garlic","15","22"
"161","Linguine with Clams","3/4 cup dry white wine","white-wine","177","145"
"161","Linguine with Clams","1/4 cup olive oil","olive-oil","54","477"
"161","Linguine with Clams","1/4 tsp red pepper flakes","red-pepper-flakes","0","1"
"161","Linguine with Clams","2 tbsp chopped fresh parsley","parsley","8","3"
"161","Linguine with Clams","1 lemon, cut into wedges","lemon","50","11"
"162","Beef Ragu with Pappardelle","2 lbs beef chuck roast, cut into large chunks","beef-roast","907","1597"
"162","Beef Ragu with Pappardelle","1 onion, diced","onion","140","56"
"162","Beef Ragu with Pappardelle","1 carrot, diced","carrot","61","25"
"162","Beef Ragu with Pappardelle","1 celery stalk, diced","celery","40","6"
"162","Beef Ragu with Pappardelle","4 cloves garlic, minced","garlic","12","18"
"162","Beef Ragu with Pappardelle","1 cup dry red wine","red-wine","236","201"
"162","Beef Ragu with Pappardelle","1 (28 oz) can crushed tomatoes","canned-tomatoes","794","191"
"162","Beef Ragu with Pappardelle","1 1/2 cups beef broth","beef-broth","360","25"
"162","Beef Ragu with Pappardelle","1 lb pappardelle","pasta","454","1683"
"162","Beef Ragu with Pappardelle","2 tbsp chopped fresh parsley","parsley","8","3"
"163","Stuffed Shells with Ricotta and Spinach","20 jumbo pasta shells","pasta","200","742"
"163","Stuffed Shells with Ricotta and Spinach","15 oz ricotta cheese","ricotta","425","740"
"163","Stuffed Shells with Ricotta and Spinach","10 oz frozen chopped spinach, thawed and drained","spinach","284","65"
"163","Stuffed Shells with Ricotta and Spinach","1 egg","eggs","50","72"
"163","Stuffed Shells with Ricotta and Spinach","2 cups shredded mozzarella cheese","mozzarella","226","678"
"163","Stuffed Shells with Ricotta and Spinach","1/2 cup grated parmesan cheese","parmesan","50","196"
"163","Stuffed Shells with Ricotta and Spinach","3 cups marinara sauce","marinara","750","375"
"163","Stuffed Shells with Ricotta and Spinach","2 cloves garlic, minced","garlic","6","9"
"164","Gnocchi with Tomato Basil Sauce","1 lb potato gnocchi","gnocchi","454","839"
"164","Gnocchi with Tomato Basil Sauce","1 (28 oz) can crushed tomatoes","canned-tomatoes","794","191"
"164","Gnocchi with Tomato Basil Sauce","1 onion, diced","onion","140","56"
"164","Gnocchi with Tomato Basil Sauce","3 cloves garlic, minced","garlic","9","13"
"164","Gnocchi with Tomato Basil Sauce","1/4 cup chopped fresh basil","basil","6","1"
"164","Gnocchi with Tomato Basil Sauce","1 tsp sugar","sugar","4","16"
"165","Osso Buco","4 veal shanks, about 1 1/2 inches thick","veal","1000","1120"
"165","Osso Buco","1/3 cup flour","flour","42","152"
"165","Osso Buco","1 onion, diced","onion","140","56"
"165","Osso Buco","1 carrot, diced","carrot","61","25"
"165","Osso Buco","1 celery stalk, diced","celery","40","6"
"165","Osso Buco","1 cup dry white wine","white-wine","236","194"
"165","Osso Buco","1 1/2 cups beef broth","beef-broth","360","25"
"165","Osso Buco","1 (14 oz) can diced tomatoes","canned-tomatoes","397","95"
"165","Osso Buco","1 tbsp lemon zest","lemon","15","3"
"165","Osso Buco","2 tbsp chopped fresh parsley","parsley","8","3"
"166","Chicken Cacciatore","4 bone-in chicken thighs","chicken-thighs","380","570"
"166","Chicken Cacciatore","1 onion, sliced","onion","140","56"
"166","Chicken Cacciatore","2 bell peppers, sliced","bell-pepper","300","78"
"166","Chicken Cacciatore","8 oz mushrooms, sliced","mushrooms","227","50"
"166","Chicken Cacciatore","4 cloves garlic, minced","garlic","12","18"
"166","Chicken Cacciatore","1/2 cup dry white wine","white-wine","118","97"
"166","Chicken Cacciatore","1 (28 oz) can crushed tomatoes","canned-tomatoes","794","191"
"166","Chicken Cacciatore","1/3 cup pitted green olives","olives","45","58"
"166","Chicken Cacciatore","2 tbsp chopped fresh parsley","parsley","8","3"
"167","Pasta Primavera","1 lb penne","pasta","454","1683"
"167","Pasta Primavera","1 zucchini, sliced","zucchini","200","34"
"167","Pasta Primavera","1 bell pepper, sliced","bell-pepper","150","39"
"167","Pasta Primavera","1 carrot, julienned","carrot","61","25"
"167","Pasta Primavera","1 cup cherry tomatoes, halved","cherry-tomatoes","149","27"
"167","Pasta Primavera","1 cup frozen peas","peas","140","108"
"167","Pasta Primavera","3 cloves garlic, minced","garlic","9","13"
"167","Pasta Primavera","1/4 cup vegetable broth","vegetable-broth","60","3"
"167","Pasta Primavera","2 tbsp chopped fresh basil","basil","3","1"
"168","Greek Moussaka","2 medium eggplants, sliced into 1/2-inch rounds","eggplant","900","225"
"168","Greek Moussaka","1 lb ground lamb","ground-lamb","454","1279"
"168","Greek Moussaka","1 onion, diced","onion","140","56"
"168","Greek Moussaka","3 cloves garlic, minced","garlic","9","13"
"168","Greek Moussaka","1 (14 oz) can diced tomatoes","canned-tomatoes","397","95"
"168","Greek Moussaka","2 tbsp tomato paste","tomato-paste","33","27"
"168","Greek Moussaka","1 tsp cinnamon","cinnamon","3","6"
"168","Greek Moussaka","3 tbsp butter","butter","43","305"
"168","Greek Moussaka","3 tbsp flour","flour","23","85"
"168","Greek Moussaka","2 cups milk","milk","488","244"
"168","Greek Moussaka","1/2 cup grated parmesan cheese","parmesan","50","196"
"168","Greek Moussaka","1 egg","eggs","50","72"
"169","Chicken Souvlaki with Lemon Potatoes","1 1/2 lbs boneless chicken breast, cubed","chicken-breast","680","816"
"169","Chicken Souvlaki with Lemon Potatoes","1/4 cup fresh lemon juice","lemon","61","13"
"169","Chicken Souvlaki with Lemon Potatoes","3 tbsp olive oil","olive-oil","40","358"
"169","Chicken Souvlaki with Lemon Potatoes","3 cloves garlic, minced","garlic","9","13"
"169","Chicken Souvlaki with Lemon Potatoes","1 tsp dried oregano","oregano","1","3"
"169","Chicken Souvlaki with Lemon Potatoes","4 medium potatoes, cut into wedges","potatoes","760","585"
"169","Chicken Souvlaki with Lemon Potatoes","1 cup plain yogurt","yogurt","245","149"
"169","Chicken Souvlaki with Lemon Potatoes","1/2 cucumber, grated and squeezed dry","cucumber","125","19"
"169","Chicken Souvlaki with Lemon Potatoes","1 tbsp chopped fresh dill","dill","1","0"
"170","Lamb Gyro Platter","1 lb ground lamb","ground-lamb","454","1279"
"170","Lamb Gyro Platter","1 small onion, grated and squeezed dry","onion","140","56"
"170","Lamb Gyro Platter","3 cloves garlic, minced","garlic","9","13"
"170","Lamb Gyro Platter","1 tsp dried oregano","oregano","1","3"
"170","Lamb Gyro Platter","1 tsp ground cumin","cumin","2","8"
"170","Lamb Gyro Platter","4 pita breads","pita","240","660"
"170","Lamb Gyro Platter","1 cup plain yogurt","yogurt","245","149"
"170","Lamb Gyro Platter","1/2 cucumber, grated and squeezed dry","cucumber","125","19"
"170","Lamb Gyro Platter","1 tomato, sliced","tomatoes","123","22"
"170","Lamb Gyro Platter","1/2 red onion, thinly sliced","red-onion","70","28"
"171","Spanakopita","1 lb frozen chopped spinach, thawed and drained","spinach","454","104"
"171","Spanakopita","8 oz feta cheese, crumbled","feta","227","599"
"171","Spanakopita","1 onion, diced","onion","140","56"
"171","Spanakopita","3 green onions, chopped","green-onion","45","14"
"171","Spanakopita","2 eggs, beaten","eggs","100","143"
"171","Spanakopita","2 tbsp chopped fresh dill","dill","1","0"
"171","Spanakopita","1/2 cup melted butter","butter","114","814"
"171","Spanakopita","12 sheets phyllo dough","pastry","228","958"
"172","Paella Valenciana","1 1/2 lbs bone-in chicken thighs, cut into pieces","chicken-thighs","680","1021"
"172","Paella Valenciana","1/2 lb large shrimp, peeled and deveined","shrimp","227","193"
"172","Paella Valenciana","1/2 lb mussels, scrubbed","mussels","79","68"
"172","Paella Valenciana","1 1/2 cups short-grain rice","rice","278","1013"
"172","Paella Valenciana","1 onion, diced","onion","140","56"
"172","Paella Valenciana","1 red bell pepper, sliced","bell-pepper","150","39"
"172","Paella Valenciana","3 cloves garlic, minced","garlic","9","13"
"172","Paella Valenciana","1 (14 oz) can diced tomatoes","canned-tomatoes","397","95"
"172","Paella Valenciana","1/2 tsp saffron threads","saffron","0","1"
"172","Paella Valenciana","4 cups chicken broth","chicken-broth","960","48"
"172","Paella Valenciana","1/2 cup green beans, trimmed","green-beans","55","17"
"172","Paella Valenciana","lemon wedges, for serving","lemon","not counted",""
"173","Moroccan Chicken Tagine with Olives","4 bone-in chicken thighs","chicken-thighs","380","570"
"173","Moroccan Chicken Tagine with Olives","1 onion, sliced","onion","140","56"
"173","Moroccan Chicken Tagine with Olives","3 cloves garlic, minced","garlic","9","13"
"173","Moroccan Chicken Tagine with Olives","1 tsp ground cumin","cumin","2","8"
"173","Moroccan Chicken Tagine with Olives","1 tsp ground ginger","ground-ginger","2","6"
"173","Moroccan Chicken Tagine with Olives","1/2 tsp cinnamon","cinnamon","1","3"
"173","Moroccan Chicken Tagine with Olives","1/4 tsp saffron threads","saffron","0","1"
"173","Moroccan Chicken Tagine with Olives","1 1/2 cups chicken broth","chicken-broth","360","18"
"173","Moroccan Chicken Tagine with Olives","1 lemon, quartered","lemon","50","11"
"173","Moroccan Chicken Tagine with Olives","1 cup green olives","olives","135","176"
"173","Moroccan Chicken Tagine with Olives","2 tbsp chopped fresh cilantro","cilantro","2","0"
"174","Mediterranean Stuffed Bell Peppers","4 large bell peppers, tops cut off and seeded","bell-pepper","600","156"
"174","Mediterranean Stuffed Bell Peppers","1 1/2 cups cooked rice","cooked-rice","237","308"
"174","Mediterranean Stuffed Bell Peppers","1 (15 oz) can chickpeas, drained and rinsed","chickpeas","255","355"
"174","Mediterranean Stuffed Bell Peppers","1 (14 oz) can diced tomatoes, drained","canned-tomatoes","397","95"
"174","Mediterranean Stuffed Bell Peppers","1/2 onion, diced","onion","70","28"
"174","Mediterranean Stuffed Bell Peppers","3 cloves garlic, minced","garlic","9","13"
"174","Mediterranean Stuffed Bell Peppers","1/4 cup chopped fresh parsley","parsley","15","5"
"174","Mediterranean Stuffed Bell Peppers","2 tbsp chopped fresh mint","mint","4","2"
"174","Mediterranean Stuffed Bell Peppers","2 tbsp lemon juice","lemon","30","7"
"174","Mediterranean Stuffed Bell Peppers","1 tsp ground cumin","cumin","2","8"
"175","Lemon Herb Roast Chicken with Potatoes","1 whole chicken, about 4 lbs","chicken","1089","2341"
"175","Lemon Herb Roast Chicken with Potatoes","2 lemons, one sliced and one juiced","lemon","100","22"
"175","Lemon Herb Roast Chicken with Potatoes","4 cloves garlic, smashed","garlic","12","18"
"175","Lemon Herb Roast Chicken with Potatoes","2 tbsp chopped fresh rosemary","rosemary","3","4"
"175","Lemon Herb Roast Chicken with Potatoes","2 tbsp chopped fresh thyme","fresh-thyme","5","5"
"175","Lemon Herb Roast Chicken with Potatoes","1/4 cup olive oil","olive-oil","54","477"
"175","Lemon Herb Roast Chicken with Potatoes","1 1/2 lbs baby potatoes, halved","potatoes","680","524"
"176","Falafel Platter with Tahini and Salad","2 (15 oz) cans chickpeas, drained and rinsed","chickpeas","510","709"
"176","Falafel Platter with Tahini and Salad","1/2 onion, diced","onion","70","28"
"176","Falafel Platter with Tahini and Salad","3 cloves garlic, minced","garlic","9","13"
"176","Falafel Platter with Tahini and Salad","1/2 cup chopped fresh parsley","parsley","30","11"
"176","Falafel Platter with Tahini and Salad","1/4 cup chopped fresh cilantro","cilantro","4","1"
"176","Falafel Platter with Tahini and Salad","1 tsp ground cumin","cumin","2","8"
"176","Falafel Platter with Tahini and Salad","1 tsp ground coriander","coriander","2","5"
"176","Falafel Platter with Tahini and Salad","1/4 cup flour","flour","31","114"
"176","Falafel Platter with Tahini and Salad","1/4 cup tahini","tahini","60","357"
"176","Falafel Platter with Tahini and Salad","2 tbsp lemon juice","lemon","30","7"
"176","Falafel Platter with Tahini and Salad","4 cups mixed salad greens","lettuce","188","28"
"176","Falafel Platter with Tahini and Salad","1 tomato, diced","tomatoes","123","22"
"176","Falafel Platter with Tahini and Salad","1/2 cucumber, diced","cucumber","125","19"
"177","Beef Tacos with Pico de Gallo","1 lb ground beef","ground-beef","454","975"
"177","Beef Tacos with Pico de Gallo","8 small corn tortillas","corn-tortillas","208","453"
"177","Beef Tacos with Pico de Gallo","1 tbsp chili powder","chili-powder","8","23"
"177","Beef Tacos with Pico de Gallo","1 tsp cumin","cumin","2","8"
"177","Beef Tacos with Pico de Gallo","1/2 tsp oregano","oregano","0","1"
"177","Beef Tacos with Pico de Gallo","2 tomatoes, diced","tomatoes","246","44"
"177","Beef Tacos with Pico de Gallo","1/2 white onion, diced","onion","70","28"
"177","Beef Tacos with Pico de Gallo","1 jalapeno, minced","chili-peppers","15","6"
"177","Beef Tacos with Pico de Gallo","1/4 cup cilantro, chopped","cilantro","4","1"
"177","Beef Tacos with Pico de Gallo","1 lime, juiced","lime","44","11"
"177","Beef Tacos with Pico de Gallo","1/2 cup shredded lettuce","lettuce","24","4"
"178","Chicken Enchiladas Verdes","2 cups cooked, shredded chicken","cooked-chicken","280","462"
"178","Chicken Enchiladas Verdes","8 corn tortillas","corn-tortillas","208","453"
"178","Chicken Enchiladas Verdes","2 cups green enchilada sauce (salsa verde)","enchilada-sauce","480","168"
"178","Chicken Enchiladas Verdes","1 cup shredded Monterey Jack cheese","monterey-jack","113","421"
"178","Chicken Enchiladas Verdes","1/2 white onion, diced","onion","70","28"
"178","Chicken Enchiladas Verdes","1/4 cup chopped cilantro","cilantro","4","1"
"178","Chicken Enchiladas Verdes","1 tbsp vegetable oil","vegetable-oil","14","120"
"179","Beef Enchiladas Rojas","1 lb ground beef","ground-beef","454","975"
"179","Beef Enchiladas Rojas","8 corn tortillas","corn-tortillas","208","453"
"179","Beef Enchiladas Rojas","2 cups red enchilada sauce","enchilada-sauce","480","168"
"179","Beef Enchiladas Rojas","1 1/2 cups shredded cheddar cheese","cheddar","170","683"
"179","Beef Enchiladas Rojas","1/2 onion, diced","onion","70","28"
"179","Beef Enchiladas Rojas","1 tbsp vegetable oil","vegetable-oil","14","120"
"179","Beef Enchiladas Rojas","1/4 cup chopped cilantro","cilantro","4","1"
"179","Beef Enchiladas Rojas","1/2 tsp cumin","cumin","1","4"
"180","Carne Asada with Charred Salsa","1.5 lb skirt or flank steak","beef-steak","680","1300"
"180","Carne Asada with Charred Salsa","3 limes, juiced","lime","132","33"
"180","Carne Asada with Charred Salsa","1/4 cup orange juice","orange","62","28"
"180","Carne Asada with Charred Salsa","3 cloves garlic, minced","garlic","9","13"
"180","Carne Asada with Charred Salsa","1 tsp cumin","cumin","2","8"
"180","Carne Asada with Charred Salsa","4 Roma tomatoes","tomatoes","492","89"
"180","Carne Asada with Charred Salsa","2 jalapenos","chili-peppers","30","12"
"180","Carne Asada with Charred Salsa","1/2 white onion, quartered","onion","70","28"
"180","Carne Asada with Charred Salsa","1/4 cup chopped cilantro","cilantro","4","1"
"180","Carne Asada with Charred Salsa","8 corn tortillas","corn-tortillas","208","453"
"181","Baja Fish Tacos","1 lb white fish fillets (cod or tilapia), cut into strips","white-fish","454","408"
"181","Baja Fish Tacos","1 cup flour","flour","125","455"
"181","Baja Fish Tacos","1 tsp baking powder","baking-powder","5","2"
"181","Baja Fish Tacos","3/4 cup beer or sparkling water","other-alcohol","177","177"
"181","Baja Fish Tacos","Vegetable oil, for frying","vegetable-oil","not counted",""
"181","Baja Fish Tacos","2 cups shredded cabbage","cabbage","178","44"
"181","Baja Fish Tacos","1/2 cup mayonnaise","mayonnaise","110","748"
"181","Baja Fish Tacos","1 tbsp chipotle sauce","chipotle","16","14"
"181","Baja Fish Tacos","1 lime, juiced","lime","44","11"
"181","Baja Fish Tacos","8 small corn tortillas","corn-tortillas","208","453"
"182","Shrimp Tacos with Chipotle Crema","1 lb shrimp, peeled and deveined","shrimp","454","386"
"182","Shrimp Tacos with Chipotle Crema","1 tbsp olive oil","olive-oil","14","119"
"182","Shrimp Tacos with Chipotle Crema","1 tsp chili powder","chili-powder","3","8"
"182","Shrimp Tacos with Chipotle Crema","1/2 tsp cumin","cumin","1","4"
"182","Shrimp Tacos with Chipotle Crema","1/2 cup sour cream","sour-cream","115","228"
"182","Shrimp Tacos with Chipotle Crema","2 tbsp mayonnaise","mayonnaise","28","187"
"182","Shrimp Tacos with Chipotle Crema","1 tbsp chipotle sauce (or 1 minced chipotle in adobo)","chipotle","16","14"
"182","Shrimp Tacos with Chipotle Crema","1 lime, juiced","lime","44","11"
"182","Shrimp Tacos with Chipotle Crema","2 cups shredded cabbage","cabbage","178","44"
"182","Shrimp Tacos with Chipotle Crema","8 small corn tortillas","corn-tortillas","208","453"
"183","Chicken Tinga Tostadas","2 cups cooked, shredded chicken","cooked-chicken","280","462"
"183","Chicken Tinga Tostadas","2 tomatoes, chopped","tomatoes","246","44"
"183","Chicken Tinga Tostadas","1/2 white onion, sliced","onion","70","28"
"183","Chicken Tinga Tostadas","2 chipotle peppers in adobo, chopped","chipotle","30","27"
"183","Chicken Tinga Tostadas","1 tbsp adobo sauce (from the can)","chipotle","16","14"
"183","Chicken Tinga Tostadas","1 cup chicken broth","chicken-broth","240","12"
"183","Chicken Tinga Tostadas","8 tostada shells","tortilla-chips","104","509"
"183","Chicken Tinga Tostadas","1/2 avocado, sliced","avocado","75","120"
"183","Chicken Tinga Tostadas","1/4 cup chopped cilantro","cilantro","4","1"
"184","Carnitas Tacos","3 lb pork shoulder, cut into large chunks","pork","1361","2531"
"184","Carnitas Tacos","1 onion, quartered","onion","140","56"
"184","Carnitas Tacos","4 cloves garlic, smashed","garlic","12","18"
"184","Carnitas Tacos","1 orange, halved","orange","130","58"
"184","Carnitas Tacos","2 bay leaves","bay-leaves","0","1"
"184","Carnitas Tacos","1 tsp cumin","cumin","2","8"
"184","Carnitas Tacos","1 tsp oregano","oregano","1","3"
"184","Carnitas Tacos","8 corn tortillas","corn-tortillas","208","453"
"184","Carnitas Tacos","1/2 cup diced onion, for serving","onion","80","32"
"184","Carnitas Tacos","1/4 cup chopped cilantro, for serving","cilantro","4","1"
"184","Carnitas Tacos","2 limes, cut into wedges","lime","88","22"
"185","Texas Chili Con Carne","2 lb beef chuck, cut into small cubes","beef-roast","907","1597"
"185","Texas Chili Con Carne","1 onion, diced","onion","140","56"
"185","Texas Chili Con Carne","2 tbsp chili powder","chili-powder","16","45"
"185","Texas Chili Con Carne","1 tbsp cumin","cumin","6","22"
"185","Texas Chili Con Carne","1 tbsp tomato paste","tomato-paste","16","13"
"185","Texas Chili Con Carne","2 cups beef broth","beef-broth","480","34"
"185","Texas Chili Con Carne","1 (14 oz) can diced tomatoes","canned-tomatoes","397","95"
"185","Texas Chili Con Carne","2 dried ancho chiles, stemmed and seeded","dried-chiles","34","96"
"185","Texas Chili Con Carne","1 tbsp masa harina or flour (for thickening)","masa-harina","7","26"
"186","Vegetarian Black Bean Chili","2 tbsp olive oil","olive-oil","27","239"
"186","Vegetarian Black Bean Chili","1 onion, diced","onion","140","56"
"186","Vegetarian Black Bean Chili","1 red bell pepper, diced","bell-pepper","150","39"
"186","Vegetarian Black Bean Chili","2 (15 oz) cans black beans, drained","black-beans","510","464"
"186","Vegetarian Black Bean Chili","1 (14 oz) can diced tomatoes","canned-tomatoes","397","95"
"186","Vegetarian Black Bean Chili","1 cup vegetable broth","vegetable-broth","240","12"
"186","Vegetarian Black Bean Chili","1 tbsp chili powder","chili-powder","8","23"
"186","Vegetarian Black Bean Chili","1 tsp cumin","cumin","2","8"
"186","Vegetarian Black Bean Chili","1 tbsp tomato paste","tomato-paste","16","13"
"186","Vegetarian Black Bean Chili","1 cup corn kernels","corn","150","129"
"186","Vegetarian Black Bean Chili","Chopped cilantro, for serving","cilantro","not counted",""
"187","Elote Chicken Rice Bowl","1 lb chicken breast, cut into strips","chicken-breast","454","544"
"187","Elote Chicken Rice Bowl","2 cups cooked white rice","cooked-rice","316","411"
"187","Elote Chicken Rice Bowl","2 cups corn kernels (fresh or frozen)","corn","300","258"
"187","Elote Chicken Rice Bowl","2 tbsp mayonnaise","mayonnaise","28","187"
"187","Elote Chicken Rice Bowl","1/4 cup crumbled cotija cheese","queso-fresco","32","97"
"187","Elote Chicken Rice Bowl","1 tsp chili powder","chili-powder","3","8"
"187","Elote Chicken Rice Bowl","1/2 tsp cumin","cumin","1","4"
"187","Elote Chicken Rice Bowl","1 lime, juiced","lime","44","11"
"187","Elote Chicken Rice Bowl","1/4 cup chopped cilantro","cilantro","4","1"
"188","Arroz con Pollo","4 chicken thighs, bone-in","chicken-thighs","380","570"
"188","Arroz con Pollo","1 cup long-grain rice","rice","185","675"
"188","Arroz con Pollo","1/2 onion, diced","onion","70","28"
"188","Arroz con Pollo","1 red bell pepper, diced","bell-pepper","150","39"
"188","Arroz con Pollo","2 cloves garlic, minced","garlic","6","9"
"188","Arroz con Pollo","2 cups chicken broth","chicken-broth","480","24"
"188","Arroz con Pollo","1/2 cup tomato sauce","canned-tomatoes","120","29"
"188","Arroz con Pollo","1 tsp cumin","cumin","2","8"
"188","Arroz con Pollo","1/4 cup green olives, sliced","olives","34","44"
"188","Arroz con Pollo","1/4 cup frozen peas","peas","35","27"
"188","Arroz con Pollo","1 tbsp olive oil","olive-oil","14","119"
"189","Cuban Black Beans and Rice","2 tbsp olive oil","olive-oil","27","239"
"189","Cuban Black Beans and Rice","1/2 onion, diced","onion","70","28"
"189","Cuban Black Beans and Rice","1/2 green bell pepper, diced","bell-pepper","75","20"
"189","Cuban Black Beans and Rice","3 cloves garlic, minced","garlic","9","13"
"189","Cuban Black Beans and Rice","2 (15 oz) cans black beans, with liquid","black-beans","510","464"
"189","Cuban Black Beans and Rice","1 tsp cumin","cumin","2","8"
"189","Cuban Black Beans and Rice","1 tsp oregano","oregano","1","3"
"189","Cuban Black Beans and Rice","1 tbsp vinegar","white-vinegar","15","3"
"189","Cuban Black Beans and Rice","1 bay leaf","bay-leaves","0","0"
"189","Cuban Black Beans and Rice","2 cups cooked white rice","cooked-rice","316","411"
"190","Ropa Vieja","2 lb flank steak","beef-steak","907","1733"
"190","Ropa Vieja","1 onion, sliced","onion","140","56"
"190","Ropa Vieja","1 red bell pepper, sliced","bell-pepper","150","39"
"190","Ropa Vieja","1 green bell pepper, sliced","bell-pepper","150","39"
"190","Ropa Vieja","3 cloves garlic, minced","garlic","9","13"
"190","Ropa Vieja","1 (14 oz) can diced tomatoes","canned-tomatoes","397","95"
"190","Ropa Vieja","2 cups beef broth","beef-broth","480","34"
"190","Ropa Vieja","1/4 cup pimento-stuffed green olives","olives","34","44"
"190","Ropa Vieja","1 tsp cumin","cumin","2","8"
"190","Ropa Vieja","1 bay leaf","bay-leaves","0","0"
"191","Picadillo","1.5 lb ground beef","ground-beef","680","1463"
"191","Picadillo","1/2 onion, diced","onion","70","28"
"191","Picadillo","1/2 green bell pepper, diced","bell-pepper","75","20"
"191","Picadillo","3 cloves garlic, minced","garlic","9","13"
"191","Picadillo","1 (14 oz) can diced tomatoes","canned-tomatoes","397","95"
"191","Picadillo","1 medium potato, diced small","potatoes","190","146"
"191","Picadillo","1/4 cup raisins","dried-fruit","38","112"
"191","Picadillo","1/4 cup green olives, sliced","olives","34","44"
"191","Picadillo","1 tsp cumin","cumin","2","8"
"191","Picadillo","1 tbsp tomato paste","tomato-paste","16","13"
"192","Pollo Asado with Lime Rice","4 chicken thighs, boneless","chicken-thighs","480","720"
"192","Pollo Asado with Lime Rice","3 limes, juiced","lime","132","33"
"192","Pollo Asado with Lime Rice","1/4 cup orange juice","orange","62","28"
"192","Pollo Asado with Lime Rice","3 cloves garlic, minced","garlic","9","13"
"192","Pollo Asado with Lime Rice","1 tsp cumin","cumin","2","8"
"192","Pollo Asado with Lime Rice","1 tsp oregano","oregano","1","3"
"192","Pollo Asado with Lime Rice","1 cup long-grain rice","rice","185","675"
"192","Pollo Asado with Lime Rice","2 cups chicken broth","chicken-broth","480","24"
"192","Pollo Asado with Lime Rice","1/4 cup chopped cilantro","cilantro","4","1"
"193","Chicken Mole Poblano","4 chicken thighs, bone-in","chicken-thighs","380","570"
"193","Chicken Mole Poblano","3 dried ancho chiles, stemmed and seeded","dried-chiles","51","143"
"193","Chicken Mole Poblano","2 dried pasilla chiles, stemmed and seeded","dried-chiles","16","45"
"193","Chicken Mole Poblano","1/2 onion, chopped","onion","70","28"
"193","Chicken Mole Poblano","2 cloves garlic","garlic","6","9"
"193","Chicken Mole Poblano","2 tbsp almonds","almonds","15","87"
"193","Chicken Mole Poblano","1 tbsp sesame seeds, plus more for garnish","sesame-seeds","9","52"
"193","Chicken Mole Poblano","1 corn tortilla, torn","corn-tortillas","26","57"
"193","Chicken Mole Poblano","1 oz dark chocolate, chopped","dark-chocolate","28","170"
"193","Chicken Mole Poblano","2 cups chicken broth","chicken-broth","480","24"
"193","Chicken Mole Poblano","1 tomato, chopped","tomatoes","123","22"
"194","Skillet Tamale Pie","1 lb ground beef","ground-beef","454","975"
"194","Skillet Tamale Pie","1/2 onion, diced","onion","70","28"
"194","Skillet Tamale Pie","1 (15 oz) can black beans, drained","black-beans","255","232"
"194","Skillet Tamale Pie","1 cup corn kernels","corn","150","129"
"194","Skillet Tamale Pie","1 cup enchilada sauce","enchilada-sauce","240","84"
"194","Skillet Tamale Pie","1 cup cornmeal","cornmeal","157","581"
"194","Skillet Tamale Pie","1 cup milk","milk","244","122"
"194","Skillet Tamale Pie","1 egg","eggs","50","72"
"194","Skillet Tamale Pie","2 tbsp butter, melted","butter","28","203"
"194","Skillet Tamale Pie","1 tsp baking powder","baking-powder","5","2"
"194","Skillet Tamale Pie","1 cup shredded cheddar cheese","cheddar","113","455"
"195","Chiles Rellenos","6 poblano peppers","chili-peppers","90","36"
"195","Chiles Rellenos","2 cups shredded Monterey Jack cheese","monterey-jack","226","843"
"195","Chiles Rellenos","4 eggs, separated","eggs","200","286"
"195","Chiles Rellenos","1/2 cup flour","flour","62","228"
"195","Chiles Rellenos","Vegetable oil, for frying","vegetable-oil","not counted",""
"195","Chiles Rellenos","2 cups tomato sauce","canned-tomatoes","480","115"
"195","Chiles Rellenos","1/2 onion, chopped","onion","70","28"
"195","Chiles Rellenos","1 clove garlic, minced","garlic","3","4"
"196","Chicken Pozole Rojo","1.5 lb chicken thighs, bone-in","chicken-thighs","680","1021"
"196","Chicken Pozole Rojo","4 cups chicken broth","chicken-broth","960","48"
"196","Chicken Pozole Rojo","1 (28 oz) can hominy, drained","hominy","476","343"
"196","Chicken Pozole Rojo","3 dried guajillo chiles, stemmed and seeded","dried-chiles","18","51"
"196","Chicken Pozole Rojo","1/2 onion, chopped","onion","70","28"
"196","Chicken Pozole Rojo","2 cloves garlic","garlic","6","9"
"196","Chicken Pozole Rojo","1 cup shredded cabbage, for serving","cabbage","89","22"
"196","Chicken Pozole Rojo","2 radishes, thinly sliced, for serving","radishes","12","2"
"196","Chicken Pozole Rojo","1 lime, cut into wedges, for serving","lime","44","11"
"196","Chicken Pozole Rojo","1/4 cup chopped cilantro, for serving","cilantro","4","1"
"197","Peruvian Lomo Saltado","1 lb sirloin steak, cut into strips","beef-steak","454","866"
"197","Peruvian Lomo Saltado","2 tomatoes, cut into wedges","tomatoes","246","44"
"197","Peruvian Lomo Saltado","1 red onion, sliced","red-onion","140","56"
"197","Peruvian Lomo Saltado","2 tbsp soy sauce","soy-sauce","32","17"
"197","Peruvian Lomo Saltado","1 tbsp red wine vinegar","red-wine-vinegar","15","3"
"197","Peruvian Lomo Saltado","2 cups frozen french fries, cooked according to package","frozen-fries","150","220"
"197","Peruvian Lomo Saltado","2 cups cooked white rice","cooked-rice","316","411"
"197","Peruvian Lomo Saltado","1/4 cup chopped cilantro","cilantro","4","1"
"198","Chimichurri Skirt Steak","1.5 lb skirt steak","beef-steak","680","1300"
"198","Chimichurri Skirt Steak","1 cup chopped parsley","parsley","60","22"
"198","Chimichurri Skirt Steak","2 cloves garlic, minced","garlic","6","9"
"198","Chimichurri Skirt Steak","2 tbsp red wine vinegar","red-wine-vinegar","30","6"
"198","Chimichurri Skirt Steak","1/2 cup olive oil","olive-oil","108","955"
"198","Chimichurri Skirt Steak","1/2 tsp red pepper flakes","red-pepper-flakes","1","3"
"198","Chimichurri Skirt Steak","1 tsp oregano","oregano","1","3"
"199","Beef Empanadas","1 lb ground beef","ground-beef","454","975"
"199","Beef Empanadas","1/2 onion, diced","onion","70","28"
"199","Beef Empanadas","1 (14 oz) can diced tomatoes, drained","canned-tomatoes","397","95"
"199","Beef Empanadas","1/4 cup green olives, sliced","olives","34","44"
"199","Beef Empanadas","1 tsp cumin","cumin","2","8"
"199","Beef Empanadas","2 cups flour","flour","250","910"
"199","Beef Empanadas","1/2 cup butter, cold and cubed","butter","114","814"
"199","Beef Empanadas","1 egg, beaten (for the dough and for egg wash)","eggs","50","72"
"199","Beef Empanadas","1/2 cup cold water","water","118","0"
"200","Cheese Pupusas with Curtido","2 cups masa harina","masa-harina","228","832"
"200","Cheese Pupusas with Curtido","1 1/2 cups warm water","water","356","0"
"200","Cheese Pupusas with Curtido","1/2 tsp salt","salt","3","0"
"200","Cheese Pupusas with Curtido","1 1/2 cups shredded mozzarella or quesillo cheese","mozzarella","170","508"
"200","Cheese Pupusas with Curtido","2 cups shredded cabbage","cabbage","178","44"
"200","Cheese Pupusas with Curtido","1 carrot, grated","carrot","61","25"
"200","Cheese Pupusas with Curtido","1/4 cup vinegar","white-vinegar","60","11"
"200","Cheese Pupusas with Curtido","1/2 tsp oregano","oregano","0","1"
"200","Cheese Pupusas with Curtido","1/4 onion, thinly sliced","onion","35","14"
"201","Camarones a la Diabla","1.5 lb shrimp, peeled and deveined","shrimp","680","578"
"201","Camarones a la Diabla","3 dried chiles de arbol, stemmed","dried-chiles","3","8"
"201","Camarones a la Diabla","2 tomatoes, chopped","tomatoes","246","44"
"201","Camarones a la Diabla","1/4 onion, chopped","onion","35","14"
"201","Camarones a la Diabla","2 cloves garlic","garlic","6","9"
"201","Camarones a la Diabla","2 tbsp olive oil","olive-oil","27","239"
"201","Camarones a la Diabla","1 tbsp tomato paste","tomato-paste","16","13"
"201","Camarones a la Diabla","1 tbsp lime juice","lime","15","4"
"202","Vegetarian Enchilada Casserole","8 corn tortillas, cut into quarters","corn-tortillas","208","453"
"202","Vegetarian Enchilada Casserole","2 (15 oz) cans black beans, drained","black-beans","510","464"
"202","Vegetarian Enchilada Casserole","1 cup corn kernels","corn","150","129"
"202","Vegetarian Enchilada Casserole","2 cups red enchilada sauce","enchilada-sauce","480","168"
"202","Vegetarian Enchilada Casserole","2 cups shredded Monterey Jack cheese","monterey-jack","226","843"
"202","Vegetarian Enchilada Casserole","1/2 onion, diced","onion","70","28"
"202","Vegetarian Enchilada Casserole","1/4 cup chopped cilantro","cilantro","4","1"
"203","Chicken Fried Rice","2 cups cooked and chilled long-grain rice","cooked-rice","316","411"
"203","Chicken Fried Rice","1 lb boneless chicken breast, diced small","chicken-breast","454","544"
"203","Chicken Fried Rice","2 large eggs, beaten","eggs","100","143"
"203","Chicken Fried Rice","1/2 cup frozen peas and carrots","frozen-veg","68","44"
"203","Chicken Fried Rice","3 green onions, sliced","green-onion","45","14"
"203","Chicken Fried Rice","1 small onion, diced","onion","140","56"
"203","Chicken Fried Rice","3 tbsp soy sauce","soy-sauce","48","25"
"203","Chicken Fried Rice","1 tbsp sesame oil","sesame-oil","14","120"
"203","Chicken Fried Rice","2 tbsp vegetable oil","vegetable-oil","27","241"
"204","Kung Pao Chicken","1 lb boneless chicken thighs, cut into bite-size pieces","chicken-thighs","454","680"
"204","Kung Pao Chicken","1/2 cup roasted peanuts","peanuts","73","414"
"204","Kung Pao Chicken","1 red bell pepper, diced","bell-pepper","150","39"
"204","Kung Pao Chicken","3 dried red chilies, halved","dried-chiles","18","51"
"204","Kung Pao Chicken","3 green onions, cut into 1-inch pieces","green-onion","45","14"
"204","Kung Pao Chicken","2 tbsp soy sauce","soy-sauce","32","17"
"204","Kung Pao Chicken","1 tbsp rice vinegar","rice-vinegar","15","3"
"204","Kung Pao Chicken","1 tbsp hoisin sauce","hoisin","16","36"
"204","Kung Pao Chicken","1 tsp cornstarch","cornstarch","3","10"
"204","Kung Pao Chicken","2 tbsp vegetable oil","vegetable-oil","27","241"
"205","General Tso's Chicken","1 lb boneless chicken thighs, cut into chunks","chicken-thighs","454","680"
"205","General Tso's Chicken","1/2 cup cornstarch, plus 1 tsp for sauce","cornstarch","64","244"
"205","General Tso's Chicken","1 large egg, beaten","eggs","50","72"
"205","General Tso's Chicken","3 tbsp soy sauce","soy-sauce","48","25"
"205","General Tso's Chicken","2 tbsp rice vinegar","rice-vinegar","30","6"
"205","General Tso's Chicken","3 tbsp sugar","sugar","38","145"
"205","General Tso's Chicken","1 tbsp tomato paste","tomato-paste","16","13"
"205","General Tso's Chicken","2 dried red chilies, chopped","dried-chiles","12","34"
"205","General Tso's Chicken","3 green onions, sliced","green-onion","45","14"
"205","General Tso's Chicken","vegetable oil for frying","vegetable-oil","not counted",""
"206","Sweet and Sour Pork","1 lb pork loin, cut into cubes","pork","454","844"
"206","Sweet and Sour Pork","1/2 cup cornstarch","cornstarch","64","244"
"206","Sweet and Sour Pork","1 large egg, beaten","eggs","50","72"
"206","Sweet and Sour Pork","1 green bell pepper, diced","bell-pepper","150","39"
"206","Sweet and Sour Pork","1 red bell pepper, diced","bell-pepper","150","39"
"206","Sweet and Sour Pork","1 cup pineapple chunks","pineapple","165","82"
"206","Sweet and Sour Pork","1/3 cup ketchup","ketchup","80","81"
"206","Sweet and Sour Pork","3 tbsp rice vinegar","rice-vinegar","45","9"
"206","Sweet and Sour Pork","3 tbsp sugar","sugar","38","145"
"206","Sweet and Sour Pork","vegetable oil for frying","vegetable-oil","not counted",""
"207","Mongolian Beef","1 lb flank steak, thinly sliced against the grain","beef-steak","454","866"
"207","Mongolian Beef","1/4 cup cornstarch","cornstarch","32","122"
"207","Mongolian Beef","3 green onions, cut into 2-inch pieces","green-onion","45","14"
"207","Mongolian Beef","1/3 cup soy sauce","soy-sauce","85","45"
"207","Mongolian Beef","3 tbsp brown sugar","brown-sugar","41","157"
"207","Mongolian Beef","1 tbsp rice vinegar","rice-vinegar","15","3"
"207","Mongolian Beef","2 tbsp vegetable oil","vegetable-oil","27","241"
"208","Orange Chicken","1 lb boneless chicken thighs, cut into bite-size pieces","chicken-thighs","454","680"
"208","Orange Chicken","1/2 cup cornstarch, plus 1 tsp for sauce","cornstarch","64","244"
"208","Orange Chicken","1 large egg, beaten","eggs","50","72"
"208","Orange Chicken","zest and juice of 2 oranges","orange","not counted",""
"208","Orange Chicken","3 tbsp soy sauce","soy-sauce","48","25"
"208","Orange Chicken","3 tbsp sugar","sugar","38","145"
"208","Orange Chicken","1 tbsp rice vinegar","rice-vinegar","15","3"
"208","Orange Chicken","1/2 tsp red pepper flakes","red-pepper-flakes","1","3"
"208","Orange Chicken","vegetable oil for frying","vegetable-oil","not counted",""
"209","Ginger Scallion Steamed Chicken","1 lb boneless chicken thighs","chicken-thighs","454","680"
"209","Ginger Scallion Steamed Chicken","1 tbsp Shaoxing wine (or dry sherry)","white-wine","15","12"
"209","Ginger Scallion Steamed Chicken","2 tbsp minced ginger","ginger","12","10"
"209","Ginger Scallion Steamed Chicken","4 green onions, finely sliced","green-onion","60","19"
"209","Ginger Scallion Steamed Chicken","2 tbsp soy sauce","soy-sauce","32","17"
"209","Ginger Scallion Steamed Chicken","1 tbsp sesame oil","sesame-oil","14","120"
"209","Ginger Scallion Steamed Chicken","1/2 tsp sugar","sugar","2","8"
"209","Ginger Scallion Steamed Chicken","2 tbsp vegetable oil","vegetable-oil","27","241"
"210","Mapo Tofu","1 lb soft tofu, cut into 1-inch cubes","tofu","454","454"
"210","Mapo Tofu","1/2 lb ground pork","ground-pork","227","596"
"210","Mapo Tofu","2 tbsp doubanjiang (fermented chili bean paste)","doubanjiang","34","51"
"210","Mapo Tofu","1 tsp Sichuan peppercorns, crushed","sichuan-peppercorns","1","4"
"210","Mapo Tofu","3 green onions, sliced","green-onion","45","14"
"210","Mapo Tofu","1 cup chicken broth","chicken-broth","240","12"
"210","Mapo Tofu","2 tbsp soy sauce","soy-sauce","32","17"
"210","Mapo Tofu","1 tbsp cornstarch mixed with 2 tbsp water","cornstarch","8","30"
"210","Mapo Tofu","2 tbsp vegetable oil","vegetable-oil","27","241"
"211","Dan Dan Noodles","12 oz fresh wheat noodles","asian-noodles","340","1225"
"211","Dan Dan Noodles","1/2 lb ground pork","ground-pork","227","596"
"211","Dan Dan Noodles","2 tbsp sesame paste (tahini)","tahini","30","178"
"211","Dan Dan Noodles","3 tbsp soy sauce","soy-sauce","48","25"
"211","Dan Dan Noodles","1 tbsp chili oil","chili-oil","14","109"
"211","Dan Dan Noodles","1 tsp Sichuan peppercorns, crushed","sichuan-peppercorns","1","4"
"211","Dan Dan Noodles","3 green onions, sliced","green-onion","45","14"
"211","Dan Dan Noodles","1 tbsp rice vinegar","rice-vinegar","15","3"
"211","Dan Dan Noodles","2 tbsp vegetable oil","vegetable-oil","27","241"
"212","Vegetable Chow Mein","12 oz chow mein noodles","asian-noodles","340","1225"
"212","Vegetable Chow Mein","2 cups shredded cabbage","cabbage","178","44"
"212","Vegetable Chow Mein","1 carrot, julienned","carrot","61","25"
"212","Vegetable Chow Mein","1 red bell pepper, sliced","bell-pepper","150","39"
"212","Vegetable Chow Mein","1 cup bean sprouts","bean-sprouts","104","31"
"212","Vegetable Chow Mein","3 green onions, sliced","green-onion","45","14"
"212","Vegetable Chow Mein","3 tbsp soy sauce","soy-sauce","48","25"
"212","Vegetable Chow Mein","1 tbsp sesame oil","sesame-oil","14","120"
"212","Vegetable Chow Mein","2 tbsp vegetable oil","vegetable-oil","27","241"
"213","Singapore Noodles with Shrimp","8 oz thin rice vermicelli noodles","rice-noodles","227","826"
"213","Singapore Noodles with Shrimp","1/2 lb shrimp, peeled and deveined","shrimp","227","193"
"213","Singapore Noodles with Shrimp","2 tsp curry powder","curry-powder","4","14"
"213","Singapore Noodles with Shrimp","1 cup shredded cabbage","cabbage","89","22"
"213","Singapore Noodles with Shrimp","1 carrot, julienned","carrot","61","25"
"213","Singapore Noodles with Shrimp","1/2 onion, thinly sliced","onion","70","28"
"213","Singapore Noodles with Shrimp","2 large eggs, beaten","eggs","100","143"
"213","Singapore Noodles with Shrimp","3 tbsp soy sauce","soy-sauce","48","25"
"213","Singapore Noodles with Shrimp","2 tbsp vegetable oil","vegetable-oil","27","241"
"214","Black Pepper Beef Stir-Fry","1 lb flank steak, thinly sliced","beef-steak","454","866"
"214","Black Pepper Beef Stir-Fry","1 tbsp cornstarch","cornstarch","8","30"
"214","Black Pepper Beef Stir-Fry","1 green bell pepper, sliced","bell-pepper","150","39"
"214","Black Pepper Beef Stir-Fry","1 red bell pepper, sliced","bell-pepper","150","39"
"214","Black Pepper Beef Stir-Fry","1/2 onion, sliced","onion","70","28"
"214","Black Pepper Beef Stir-Fry","2 tbsp soy sauce","soy-sauce","32","17"
"214","Black Pepper Beef Stir-Fry","1 tbsp oyster sauce","oyster-sauce","18","9"
"214","Black Pepper Beef Stir-Fry","1 1/2 tsp coarsely ground black pepper","black-pepper","3","9"
"214","Black Pepper Beef Stir-Fry","2 tbsp vegetable oil","vegetable-oil","27","241"
"215","Cashew Chicken","1 lb boneless chicken breast, cut into bite-size pieces","chicken-breast","454","544"
"215","Cashew Chicken","3/4 cup roasted cashews","cashews","103","568"
"215","Cashew Chicken","1 red bell pepper, diced","bell-pepper","150","39"
"215","Cashew Chicken","3 green onions, cut into 1-inch pieces","green-onion","45","14"
"215","Cashew Chicken","3 tbsp soy sauce","soy-sauce","48","25"
"215","Cashew Chicken","1 tbsp hoisin sauce","hoisin","16","36"
"215","Cashew Chicken","1 tbsp rice vinegar","rice-vinegar","15","3"
"215","Cashew Chicken","1 tsp cornstarch","cornstarch","3","10"
"215","Cashew Chicken","2 tbsp vegetable oil","vegetable-oil","27","241"
"216","Chicken Katsu with Japanese Curry","2 boneless chicken breasts, pounded flat","chicken-breast","400","480"
"216","Chicken Katsu with Japanese Curry","1/2 cup flour","flour","62","228"
"216","Chicken Katsu with Japanese Curry","1 large egg, beaten","eggs","50","72"
"216","Chicken Katsu with Japanese Curry","1 cup panko breadcrumbs","breadcrumbs","80","316"
"216","Chicken Katsu with Japanese Curry","1 onion, sliced","onion","140","56"
"216","Chicken Katsu with Japanese Curry","1 carrot, sliced","carrot","61","25"
"216","Chicken Katsu with Japanese Curry","1 potato, diced","potatoes","190","146"
"216","Chicken Katsu with Japanese Curry","2 tbsp Japanese curry powder","curry-powder","12","41"
"216","Chicken Katsu with Japanese Curry","2 cups chicken broth","chicken-broth","480","24"
"216","Chicken Katsu with Japanese Curry","vegetable oil for frying","vegetable-oil","not counted",""
"217","Teriyaki Salmon Donburi","2 salmon fillets","salmon","300","624"
"217","Teriyaki Salmon Donburi","1/4 cup soy sauce","soy-sauce","64","34"
"217","Teriyaki Salmon Donburi","2 tbsp mirin","mirin","35","84"
"217","Teriyaki Salmon Donburi","2 tbsp sugar","sugar","25","97"
"217","Teriyaki Salmon Donburi","1 tsp cornstarch mixed with 1 tbsp water","cornstarch","3","10"
"217","Teriyaki Salmon Donburi","2 cups cooked short-grain rice","cooked-rice","316","411"
"217","Teriyaki Salmon Donburi","1 green onion, sliced","green-onion","15","5"
"217","Teriyaki Salmon Donburi","1 tsp sesame seeds","sesame-seeds","3","17"
"217","Teriyaki Salmon Donburi","1 tbsp vegetable oil","vegetable-oil","14","120"
"218","Miso Glazed Cod","2 cod fillets","white-fish","300","270"
"218","Miso Glazed Cod","2 tbsp miso paste","miso","34","68"
"218","Miso Glazed Cod","1 tbsp mirin","mirin","18","42"
"218","Miso Glazed Cod","1 tbsp sugar","sugar","12","48"
"218","Miso Glazed Cod","1 tsp soy sauce","soy-sauce","5","3"
"218","Miso Glazed Cod","1 tsp sesame oil","sesame-oil","5","40"
"218","Miso Glazed Cod","1 green onion, sliced","green-onion","15","5"
"218","Miso Glazed Cod","1 tsp sesame seeds","sesame-seeds","3","17"
"219","Beef Sukiyaki","1 lb thinly sliced beef (ribeye or sirloin)","beef-steak","454","866"
"219","Beef Sukiyaki","8 oz firm tofu, cubed","tofu","227","227"
"219","Beef Sukiyaki","4 oz shiitake mushrooms, sliced","mushrooms","113","25"
"219","Beef Sukiyaki","2 cups napa cabbage, chopped","cabbage","178","44"
"219","Beef Sukiyaki","1 bunch enoki mushrooms","mushrooms","100","22"
"219","Beef Sukiyaki","4 green onions, cut into 2-inch pieces","green-onion","60","19"
"219","Beef Sukiyaki","1/3 cup soy sauce","soy-sauce","85","45"
"219","Beef Sukiyaki","3 tbsp sugar","sugar","38","145"
"219","Beef Sukiyaki","3 tbsp mirin","mirin","52","126"
"220","Chicken Yakitori Rice Bowl","1 lb boneless chicken thighs, cut into chunks","chicken-thighs","454","680"
"220","Chicken Yakitori Rice Bowl","1/3 cup soy sauce","soy-sauce","85","45"
"220","Chicken Yakitori Rice Bowl","3 tbsp mirin","mirin","52","126"
"220","Chicken Yakitori Rice Bowl","2 tbsp sugar","sugar","25","97"
"220","Chicken Yakitori Rice Bowl","3 green onions, cut into 1-inch pieces","green-onion","45","14"
"220","Chicken Yakitori Rice Bowl","2 cups cooked short-grain rice","cooked-rice","316","411"
"220","Chicken Yakitori Rice Bowl","1 tsp sesame seeds","sesame-seeds","3","17"
"220","Chicken Yakitori Rice Bowl","1 tbsp vegetable oil","vegetable-oil","14","120"
"221","Shoyu Ramen with Chicken","2 boneless chicken thighs","chicken-thighs","240","360"
"221","Shoyu Ramen with Chicken","4 cups chicken broth","chicken-broth","960","48"
"221","Shoyu Ramen with Chicken","3 tbsp soy sauce","soy-sauce","48","25"
"221","Shoyu Ramen with Chicken","1 tbsp mirin","mirin","18","42"
"221","Shoyu Ramen with Chicken","2 packs ramen noodles (discard seasoning packet)","asian-noodles","240","864"
"221","Shoyu Ramen with Chicken","2 soft-boiled eggs, halved","eggs","100","143"
"221","Shoyu Ramen with Chicken","1 cup baby spinach","spinach","30","7"
"221","Shoyu Ramen with Chicken","2 green onions, sliced","green-onion","30","10"
"221","Shoyu Ramen with Chicken","1 sheet nori, cut into strips","nori","2","6"
"222","Chicken Udon Noodle Soup","1 lb boneless chicken thighs, sliced","chicken-thighs","454","680"
"222","Chicken Udon Noodle Soup","4 cups chicken broth (or dashi)","chicken-broth","960","48"
"222","Chicken Udon Noodle Soup","3 tbsp soy sauce","soy-sauce","48","25"
"222","Chicken Udon Noodle Soup","2 tbsp mirin","mirin","35","84"
"222","Chicken Udon Noodle Soup","2 packs fresh udon noodles","asian-noodles","240","864"
"222","Chicken Udon Noodle Soup","1 cup baby bok choy, halved","bok-choy","70","9"
"222","Chicken Udon Noodle Soup","2 green onions, sliced","green-onion","30","10"
"222","Chicken Udon Noodle Soup","1 tbsp vegetable oil","vegetable-oil","14","120"
"223","Korean Beef Bulgogi","1 lb ribeye steak, thinly sliced","beef-steak","454","866"
"223","Korean Beef Bulgogi","1/4 cup soy sauce","soy-sauce","64","34"
"223","Korean Beef Bulgogi","2 tbsp sugar","sugar","25","97"
"223","Korean Beef Bulgogi","1 tbsp sesame oil","sesame-oil","14","120"
"223","Korean Beef Bulgogi","1/2 pear, grated (or 1 tbsp honey)","pear","89","51"
"223","Korean Beef Bulgogi","1/2 onion, thinly sliced","onion","70","28"
"223","Korean Beef Bulgogi","3 green onions, sliced","green-onion","45","14"
"223","Korean Beef Bulgogi","1 tsp sesame seeds","sesame-seeds","3","17"
"223","Korean Beef Bulgogi","1 tbsp vegetable oil","vegetable-oil","14","120"
"224","Korean Fried Chicken","1 lb boneless chicken thighs, cut into pieces","chicken-thighs","454","680"
"224","Korean Fried Chicken","1/2 cup cornstarch","cornstarch","64","244"
"224","Korean Fried Chicken","1/4 cup flour","flour","31","114"
"224","Korean Fried Chicken","2 tbsp gochujang","gochujang","38","79"
"224","Korean Fried Chicken","2 tbsp honey","honey","42","129"
"224","Korean Fried Chicken","2 tbsp soy sauce","soy-sauce","32","17"
"224","Korean Fried Chicken","1 tbsp rice vinegar","rice-vinegar","15","3"
"224","Korean Fried Chicken","1 tsp sesame seeds","sesame-seeds","3","17"
"224","Korean Fried Chicken","vegetable oil for frying","vegetable-oil","not counted",""
"225","Kimchi Fried Rice","2 cups cooked and chilled short-grain rice","cooked-rice","316","411"
"225","Kimchi Fried Rice","1 cup vegetarian kimchi, chopped","kimchi","150","22"
"225","Kimchi Fried Rice","2 tbsp kimchi juice","kimchi","19","3"
"225","Kimchi Fried Rice","2 large eggs","eggs","100","143"
"225","Kimchi Fried Rice","2 green onions, sliced","green-onion","30","10"
"225","Kimchi Fried Rice","1 tbsp gochujang","gochujang","19","39"
"225","Kimchi Fried Rice","1 tbsp soy sauce","soy-sauce","16","8"
"225","Kimchi Fried Rice","1 tsp sesame oil","sesame-oil","5","40"
"225","Kimchi Fried Rice","2 tbsp vegetable oil","vegetable-oil","27","241"
"226","Japchae","8 oz Korean sweet potato glass noodles (dangmyeon)","asian-noodles","227","816"
"226","Japchae","1 carrot, julienned","carrot","61","25"
"226","Japchae","1 red bell pepper, julienned","bell-pepper","150","39"
"226","Japchae","4 oz shiitake mushrooms, sliced","mushrooms","113","25"
"226","Japchae","2 cups baby spinach","spinach","60","14"
"226","Japchae","1/2 onion, thinly sliced","onion","70","28"
"226","Japchae","1/4 cup soy sauce","soy-sauce","64","34"
"226","Japchae","2 tbsp sugar","sugar","25","97"
"226","Japchae","1 tbsp sesame oil","sesame-oil","14","120"
"226","Japchae","1 tsp sesame seeds","sesame-seeds","3","17"
"226","Japchae","2 tbsp vegetable oil","vegetable-oil","27","241"
"227","Spicy Korean Chicken Stir-Fry","1 lb boneless chicken thighs, cut into pieces","chicken-thighs","454","680"
"227","Spicy Korean Chicken Stir-Fry","2 tbsp gochujang","gochujang","38","79"
"227","Spicy Korean Chicken Stir-Fry","1 tbsp gochugaru (Korean chili flakes)","dried-chiles","2","7"
"227","Spicy Korean Chicken Stir-Fry","2 tbsp soy sauce","soy-sauce","32","17"
"227","Spicy Korean Chicken Stir-Fry","1 tbsp sugar","sugar","12","48"
"227","Spicy Korean Chicken Stir-Fry","1/2 cabbage, sliced","cabbage","450","112"
"227","Spicy Korean Chicken Stir-Fry","1 sweet potato, thinly sliced","sweet-potato","150","129"
"227","Spicy Korean Chicken Stir-Fry","1 onion, sliced","onion","140","56"
"227","Spicy Korean Chicken Stir-Fry","2 green onions, sliced","green-onion","30","10"
"227","Spicy Korean Chicken Stir-Fry","1 tbsp vegetable oil","vegetable-oil","14","120"
"228","Thai Green Curry with Chicken","1 lb boneless chicken thighs, sliced","chicken-thighs","454","680"
"228","Thai Green Curry with Chicken","3 tbsp green curry paste","curry-paste","49","73"
"228","Thai Green Curry with Chicken","1 can (14 oz) coconut milk","coconut-milk","397","782"
"228","Thai Green Curry with Chicken","1 cup Thai eggplant or regular eggplant, chopped","eggplant","82","20"
"228","Thai Green Curry with Chicken","1 red bell pepper, sliced","bell-pepper","150","39"
"228","Thai Green Curry with Chicken","1 tbsp fish sauce","fish-sauce","18","6"
"228","Thai Green Curry with Chicken","1 tbsp sugar","sugar","12","48"
"228","Thai Green Curry with Chicken","10 Thai basil leaves","thai-basil","5","1"
"228","Thai Green Curry with Chicken","1 tbsp vegetable oil","vegetable-oil","14","120"
"229","Thai Red Curry with Shrimp","1 lb shrimp, peeled and deveined","shrimp","454","386"
"229","Thai Red Curry with Shrimp","3 tbsp red curry paste","curry-paste","49","73"
"229","Thai Red Curry with Shrimp","1 can (14 oz) coconut milk","coconut-milk","397","782"
"229","Thai Red Curry with Shrimp","1 cup bamboo shoots, sliced","bamboo-shoots","131","25"
"229","Thai Red Curry with Shrimp","1 red bell pepper, sliced","bell-pepper","150","39"
"229","Thai Red Curry with Shrimp","1 tbsp fish sauce","fish-sauce","18","6"
"229","Thai Red Curry with Shrimp","1 tbsp sugar","sugar","12","48"
"229","Thai Red Curry with Shrimp","10 Thai basil leaves","thai-basil","5","1"
"229","Thai Red Curry with Shrimp","1 tbsp vegetable oil","vegetable-oil","14","120"
"230","Pad Thai","8 oz flat rice noodles","rice-noodles","227","826"
"230","Pad Thai","1/2 lb shrimp, peeled and deveined","shrimp","227","193"
"230","Pad Thai","2 large eggs","eggs","100","143"
"230","Pad Thai","1 cup bean sprouts","bean-sprouts","104","31"
"230","Pad Thai","3 green onions, sliced","green-onion","45","14"
"230","Pad Thai","1/3 cup roasted peanuts, chopped","peanuts","49","276"
"230","Pad Thai","3 tbsp fish sauce","fish-sauce","54","19"
"230","Pad Thai","3 tbsp tamarind paste","soy-sauce","48","25"
"230","Pad Thai","3 tbsp sugar","sugar","38","145"
"230","Pad Thai","2 tbsp vegetable oil","vegetable-oil","27","241"
"230","Pad Thai","1 lime, cut into wedges","lime","44","11"
"231","Pad See Ew","8 oz wide flat rice noodles","rice-noodles","227","826"
"231","Pad See Ew","1/2 lb beef flank steak, thinly sliced (or chicken)","beef-steak","227","433"
"231","Pad See Ew","2 cups Chinese broccoli (or broccolini), chopped","bok-choy","140","18"
"231","Pad See Ew","1 large egg","eggs","50","72"
"231","Pad See Ew","3 tbsp soy sauce","soy-sauce","48","25"
"231","Pad See Ew","2 tbsp dark soy sauce","soy-sauce","32","17"
"231","Pad See Ew","1 tbsp oyster sauce","oyster-sauce","18","9"
"231","Pad See Ew","1 tbsp sugar","sugar","12","48"
"231","Pad See Ew","2 tbsp vegetable oil","vegetable-oil","27","241"
"232","Thai Basil Chicken","1 lb ground chicken","ground-chicken","454","649"
"232","Thai Basil Chicken","4 cloves garlic, minced","garlic","12","18"
"232","Thai Basil Chicken","3 Thai chilies, sliced (adjust to taste)","chili-peppers","45","18"
"232","Thai Basil Chicken","1 cup Thai basil leaves","thai-basil","24","6"
"232","Thai Basil Chicken","2 tbsp fish sauce","fish-sauce","36","13"
"232","Thai Basil Chicken","1 tbsp soy sauce","soy-sauce","16","8"
"232","Thai Basil Chicken","1 tbsp oyster sauce","oyster-sauce","18","9"
"232","Thai Basil Chicken","1 tsp sugar","sugar","4","16"
"232","Thai Basil Chicken","2 tbsp vegetable oil","vegetable-oil","27","241"
"233","Massaman Beef Curry","1 lb beef stew meat, cubed","beef-roast","454","798"
"233","Massaman Beef Curry","3 tbsp massaman curry paste","curry-paste","49","73"
"233","Massaman Beef Curry","1 can (14 oz) coconut milk","coconut-milk","397","782"
"233","Massaman Beef Curry","1 cup beef broth","beef-broth","240","17"
"233","Massaman Beef Curry","2 potatoes, cubed","potatoes","380","293"
"233","Massaman Beef Curry","1/2 onion, chopped","onion","70","28"
"233","Massaman Beef Curry","1/3 cup roasted peanuts","peanuts","49","276"
"233","Massaman Beef Curry","2 tbsp fish sauce","fish-sauce","36","13"
"233","Massaman Beef Curry","2 tbsp sugar","sugar","25","97"
"233","Massaman Beef Curry","1 tbsp vegetable oil","vegetable-oil","14","120"
"234","Chicken Pho","2 boneless chicken breasts","chicken-breast","400","480"
"234","Chicken Pho","6 cups chicken broth","chicken-broth","1440","72"
"234","Chicken Pho","1 onion, halved","onion","140","56"
"234","Chicken Pho","3-inch piece ginger, sliced","ginger","30","24"
"234","Chicken Pho","2 star anise","star-anise","2","7"
"234","Chicken Pho","1 cinnamon stick","cinnamon","3","7"
"234","Chicken Pho","8 oz dried rice noodles (pho noodles)","rice-noodles","227","826"
"234","Chicken Pho","2 tbsp fish sauce","fish-sauce","36","13"
"234","Chicken Pho","1 cup bean sprouts","bean-sprouts","104","31"
"234","Chicken Pho","1 lime, cut into wedges","lime","44","11"
"235","Vietnamese Caramelized Chicken","1 lb boneless chicken thighs, cut into pieces","chicken-thighs","454","680"
"235","Vietnamese Caramelized Chicken","3 tbsp sugar","sugar","38","145"
"235","Vietnamese Caramelized Chicken","2 tbsp fish sauce","fish-sauce","36","13"
"235","Vietnamese Caramelized Chicken","1 tbsp soy sauce","soy-sauce","16","8"
"235","Vietnamese Caramelized Chicken","3 cloves garlic, minced","garlic","9","13"
"235","Vietnamese Caramelized Chicken","1 shallot, sliced","shallot","40","29"
"235","Vietnamese Caramelized Chicken","2 green onions, sliced","green-onion","30","10"
"235","Vietnamese Caramelized Chicken","1 tbsp vegetable oil","vegetable-oil","14","120"
"236","Chicken Tikka Masala","1 lb boneless chicken breast, cubed","chicken-breast","454","544"
"236","Chicken Tikka Masala","1/2 cup plain yogurt","yogurt","122","75"
"236","Chicken Tikka Masala","2 tbsp tikka masala spice blend (or garam masala)","curry-powder","12","41"
"236","Chicken Tikka Masala","1 onion, chopped","onion","140","56"
"236","Chicken Tikka Masala","1 can (14 oz) crushed tomatoes","canned-tomatoes","397","95"
"236","Chicken Tikka Masala","1/2 cup heavy cream","heavy-cream","119","405"
"236","Chicken Tikka Masala","1 tbsp tomato paste","tomato-paste","16","13"
"236","Chicken Tikka Masala","1 tsp paprika","paprika","2","6"
"236","Chicken Tikka Masala","2 tbsp vegetable oil","vegetable-oil","27","241"
"237","Butter Chicken","1 lb boneless chicken thighs, cubed","chicken-thighs","454","680"
"237","Butter Chicken","1/2 cup plain yogurt","yogurt","122","75"
"237","Butter Chicken","2 tbsp garam masala","garam-masala","12","45"
"237","Butter Chicken","3 tbsp butter","butter","43","305"
"237","Butter Chicken","1 onion, chopped","onion","140","56"
"237","Butter Chicken","1 can (14 oz) crushed tomatoes","canned-tomatoes","397","95"
"237","Butter Chicken","1/2 cup heavy cream","heavy-cream","119","405"
"237","Butter Chicken","1 tsp paprika","paprika","2","6"
"237","Butter Chicken","1 tsp turmeric","turmeric","3","9"
"238","Chana Masala","2 cans (15 oz each) chickpeas, drained and rinsed","chickpeas","510","709"
"238","Chana Masala","1 onion, chopped","onion","140","56"
"238","Chana Masala","2 tomatoes, chopped (or 1 cup canned crushed tomatoes)","tomatoes","246","44"
"238","Chana Masala","2 tsp ground cumin","cumin","4","15"
"238","Chana Masala","2 tsp ground coriander","coriander","4","11"
"238","Chana Masala","1 tsp turmeric","turmeric","3","9"
"238","Chana Masala","1 tsp garam masala","garam-masala","2","8"
"238","Chana Masala","1/2 tsp chili powder","chili-powder","1","4"
"238","Chana Masala","2 tbsp vegetable oil","vegetable-oil","27","241"
"238","Chana Masala","1/4 cup cilantro, chopped","cilantro","4","1"
"239","Palak Paneer","8 oz paneer, cubed","paneer","227","728"
"239","Palak Paneer","1 lb spinach, roughly chopped","spinach","454","104"
"239","Palak Paneer","1 onion, chopped","onion","140","56"
"239","Palak Paneer","1 tomato, chopped","tomatoes","123","22"
"239","Palak Paneer","1 tsp ground cumin","cumin","2","8"
"239","Palak Paneer","1 tsp garam masala","garam-masala","2","8"
"239","Palak Paneer","1/2 tsp turmeric","turmeric","2","5"
"239","Palak Paneer","1/4 cup heavy cream","heavy-cream","60","202"
"239","Palak Paneer","2 tbsp vegetable oil","vegetable-oil","27","241"
"240","Dal Tadka with Basmati Rice","1 cup yellow split lentils (toor dal or moong dal)","lentils","192","676"
"240","Dal Tadka with Basmati Rice","1 tomato, chopped","tomatoes","123","22"
"240","Dal Tadka with Basmati Rice","1 tsp turmeric","turmeric","3","9"
"240","Dal Tadka with Basmati Rice","1 tsp cumin seeds","cumin-seeds","2","8"
"240","Dal Tadka with Basmati Rice","1/2 tsp mustard seeds","mustard-seeds","2","8"
"240","Dal Tadka with Basmati Rice","3 cloves garlic, minced","garlic","9","13"
"240","Dal Tadka with Basmati Rice","1 dried red chili","dried-chiles","6","17"
"240","Dal Tadka with Basmati Rice","2 tbsp vegetable oil","vegetable-oil","27","241"
"240","Dal Tadka with Basmati Rice","1 cup basmati rice","rice","185","675"
"240","Dal Tadka with Basmati Rice","1/4 cup cilantro, chopped","cilantro","4","1"
"241","Classic Meatloaf","2 lbs ground beef","ground-beef","907","1950"
"241","Classic Meatloaf","1 cup breadcrumbs","breadcrumbs","80","316"
"241","Classic Meatloaf","1/2 cup milk","milk","122","61"
"241","Classic Meatloaf","2 large eggs","eggs","100","143"
"241","Classic Meatloaf","1 small onion, finely chopped","onion","140","56"
"241","Classic Meatloaf","2 cloves garlic, minced","garlic","6","9"
"241","Classic Meatloaf","1/2 cup ketchup, divided","ketchup","120","121"
"241","Classic Meatloaf","1 tbsp Worcestershire sauce","worcestershire","17","13"
"241","Classic Meatloaf","1 tsp salt","salt","6","0"
"241","Classic Meatloaf","1/2 tsp black pepper","black-pepper","1","3"
"242","Buttermilk Fried Chicken","2 cups buttermilk","buttermilk","490","196"
"242","Buttermilk Fried Chicken","2 cups flour","flour","250","910"
"242","Buttermilk Fried Chicken","1 tbsp paprika","paprika","7","19"
"242","Buttermilk Fried Chicken","1 tsp cayenne pepper","cayenne","2","6"
"242","Buttermilk Fried Chicken","1 tsp salt","salt","6","0"
"242","Buttermilk Fried Chicken","1/2 tsp black pepper","black-pepper","1","3"
"242","Buttermilk Fried Chicken","2 cups vegetable oil, for frying","vegetable-oil","44","385"
"243","Chicken Pot Pie","2 cups cooked chicken, shredded","cooked-chicken","280","462"
"243","Chicken Pot Pie","1 sheet refrigerated pie crust (top and bottom)","pastry","230","966"
"243","Chicken Pot Pie","1/3 cup butter","butter","76","542"
"243","Chicken Pot Pie","1 small onion, diced","onion","140","56"
"243","Chicken Pot Pie","2 carrots, diced","carrot","122","50"
"243","Chicken Pot Pie","2 celery stalks, diced","celery","80","11"
"243","Chicken Pot Pie","1/3 cup flour","flour","42","152"
"243","Chicken Pot Pie","1 3/4 cups chicken broth","chicken-broth","420","21"
"243","Chicken Pot Pie","2/3 cup milk","milk","163","81"
"243","Chicken Pot Pie","1 cup frozen peas","peas","140","108"
"243","Chicken Pot Pie","1/2 tsp salt","salt","3","0"
"243","Chicken Pot Pie","1/4 tsp black pepper","black-pepper","1","1"
"244","Hearty Beef Stew","2 lbs beef stew meat, cubed","beef-roast","907","1597"
"244","Hearty Beef Stew","3 tbsp flour","flour","23","85"
"244","Hearty Beef Stew","2 tbsp vegetable oil","vegetable-oil","27","241"
"244","Hearty Beef Stew","4 cups beef broth","beef-broth","960","67"
"244","Hearty Beef Stew","2 tbsp tomato paste","tomato-paste","33","27"
"244","Hearty Beef Stew","4 carrots, sliced","carrot","244","100"
"244","Hearty Beef Stew","3 potatoes, cubed","potatoes","570","439"
"244","Hearty Beef Stew","1 onion, chopped","onion","140","56"
"244","Hearty Beef Stew","2 cloves garlic, minced","garlic","6","9"
"244","Hearty Beef Stew","2 bay leaves","bay-leaves","0","1"
"244","Hearty Beef Stew","1 tsp salt","salt","6","0"
"244","Hearty Beef Stew","1/2 tsp black pepper","black-pepper","1","3"
"245","Pot Roast with Gravy","3 lb beef chuck roast","beef-roast","1361","2395"
"245","Pot Roast with Gravy","2 tbsp vegetable oil","vegetable-oil","27","241"
"245","Pot Roast with Gravy","4 cups beef broth","beef-broth","960","67"
"245","Pot Roast with Gravy","1 onion, quartered","onion","140","56"
"245","Pot Roast with Gravy","4 carrots, cut into chunks","carrot","244","100"
"245","Pot Roast with Gravy","3 potatoes, halved","potatoes","570","439"
"245","Pot Roast with Gravy","3 cloves garlic, minced","garlic","9","13"
"245","Pot Roast with Gravy","2 tbsp flour","flour","16","57"
"245","Pot Roast with Gravy","1 tsp salt","salt","6","0"
"245","Pot Roast with Gravy","1/2 tsp black pepper","black-pepper","1","3"
"246","Shepherd's Pie","1 1/2 lbs ground beef","ground-beef","680","1463"
"246","Shepherd's Pie","1 onion, diced","onion","140","56"
"246","Shepherd's Pie","2 carrots, diced","carrot","122","50"
"246","Shepherd's Pie","1 cup frozen peas","peas","140","108"
"246","Shepherd's Pie","2 tbsp flour","flour","16","57"
"246","Shepherd's Pie","1 cup beef broth","beef-broth","240","17"
"246","Shepherd's Pie","1 tbsp tomato paste","tomato-paste","16","13"
"246","Shepherd's Pie","4 cups mashed potatoes","potatoes","600","462"
"246","Shepherd's Pie","1/4 cup milk","milk","61","30"
"246","Shepherd's Pie","3 tbsp butter","butter","43","305"
"246","Shepherd's Pie","1 tsp salt","salt","6","0"
"246","Shepherd's Pie","1/2 tsp black pepper","black-pepper","1","3"
"247","Baked Macaroni and Cheese","1 lb elbow macaroni","pasta","454","1683"
"247","Baked Macaroni and Cheese","4 tbsp butter","butter","57","407"
"247","Baked Macaroni and Cheese","4 tbsp flour","flour","31","114"
"247","Baked Macaroni and Cheese","3 cups milk","milk","732","366"
"247","Baked Macaroni and Cheese","3 cups shredded cheddar cheese","cheddar","339","1366"
"247","Baked Macaroni and Cheese","1/2 cup breadcrumbs","breadcrumbs","40","158"
"247","Baked Macaroni and Cheese","1/2 tsp salt","salt","3","0"
"247","Baked Macaroni and Cheese","1/4 tsp black pepper","black-pepper","1","1"
"248","Turkey Chili with Beans","1 1/2 lbs ground turkey","ground-turkey","680","1021"
"248","Turkey Chili with Beans","1 onion, diced","onion","140","56"
"248","Turkey Chili with Beans","1 bell pepper, diced","bell-pepper","150","39"
"248","Turkey Chili with Beans","2 cloves garlic, minced","garlic","6","9"
"248","Turkey Chili with Beans","2 cans (15 oz each) kidney beans, drained","kidney-beans","510","429"
"248","Turkey Chili with Beans","1 can (28 oz) crushed tomatoes","canned-tomatoes","794","191"
"248","Turkey Chili with Beans","2 tbsp chili powder","chili-powder","16","45"
"248","Turkey Chili with Beans","1 tsp cumin","cumin","2","8"
"248","Turkey Chili with Beans","2 cups chicken broth","chicken-broth","480","24"
"248","Turkey Chili with Beans","1 tsp salt","salt","6","0"
"248","Turkey Chili with Beans","1/2 tsp black pepper","black-pepper","1","3"
"249","BBQ Pulled Pork Sandwiches","3 lb pork shoulder","pork","1361","2531"
"249","BBQ Pulled Pork Sandwiches","1 tbsp paprika","paprika","7","19"
"249","BBQ Pulled Pork Sandwiches","1 tsp onion powder","onion-powder","2","8"
"249","BBQ Pulled Pork Sandwiches","1 tsp salt","salt","6","0"
"249","BBQ Pulled Pork Sandwiches","1/2 tsp black pepper","black-pepper","1","3"
"249","BBQ Pulled Pork Sandwiches","1 1/2 cups barbecue sauce","bbq-sauce","429","738"
"249","BBQ Pulled Pork Sandwiches","1 cup chicken broth","chicken-broth","240","12"
"249","BBQ Pulled Pork Sandwiches","8 hamburger buns","buns","440","1232"
"249","BBQ Pulled Pork Sandwiches","2 cups coleslaw mix","coleslaw-mix","140","35"
"249","BBQ Pulled Pork Sandwiches","1/3 cup mayonnaise","mayonnaise","73","498"
"249","BBQ Pulled Pork Sandwiches","1 tbsp vinegar","white-vinegar","15","3"
"250","BBQ Baby Back Ribs","2 racks baby back ribs","ribs","1000","2770"
"250","BBQ Baby Back Ribs","2 tbsp paprika","paprika","14","39"
"250","BBQ Baby Back Ribs","1 tbsp brown sugar","brown-sugar","14","52"
"250","BBQ Baby Back Ribs","1 tsp onion powder","onion-powder","2","8"
"250","BBQ Baby Back Ribs","1 tsp salt","salt","6","0"
"250","BBQ Baby Back Ribs","1/2 tsp black pepper","black-pepper","1","3"
"250","BBQ Baby Back Ribs","1 1/2 cups barbecue sauce","bbq-sauce","429","738"
"251","Grilled BBQ Chicken Thighs","8 boneless chicken thighs","chicken-thighs","960","1440"
"251","Grilled BBQ Chicken Thighs","1 tbsp paprika","paprika","7","19"
"251","Grilled BBQ Chicken Thighs","1 tsp onion powder","onion-powder","2","8"
"251","Grilled BBQ Chicken Thighs","1 tsp salt","salt","6","0"
"251","Grilled BBQ Chicken Thighs","1/2 tsp black pepper","black-pepper","1","3"
"251","Grilled BBQ Chicken Thighs","1 cup barbecue sauce, divided","bbq-sauce","286","492"
"251","Grilled BBQ Chicken Thighs","2 tbsp vegetable oil","vegetable-oil","27","241"
"252","Smash Burgers","1 lb ground beef, divided into 4 balls","ground-beef","454","975"
"252","Smash Burgers","4 slices American cheese","american-cheese","84","277"
"252","Smash Burgers","4 hamburger buns","buns","220","616"
"252","Smash Burgers","1 small onion, thinly sliced","onion","140","56"
"252","Smash Burgers","4 tsp mustard","mustard","21","12"
"252","Smash Burgers","4 tsp ketchup","ketchup","20","20"
"252","Smash Burgers","8 dill pickle slices","pickles","56","17"
"252","Smash Burgers","1 tsp salt","salt","6","0"
"252","Smash Burgers","1/2 tsp black pepper","black-pepper","1","3"
"253","Turkey Burgers with Avocado","1 1/4 lbs ground turkey","ground-turkey","567","850"
"253","Turkey Burgers with Avocado","1 tsp paprika","paprika","2","6"
"253","Turkey Burgers with Avocado","1 tsp salt","salt","6","0"
"253","Turkey Burgers with Avocado","1/2 tsp black pepper","black-pepper","1","3"
"253","Turkey Burgers with Avocado","2 tbsp vegetable oil","vegetable-oil","27","241"
"253","Turkey Burgers with Avocado","4 hamburger buns","buns","220","616"
"253","Turkey Burgers with Avocado","1 avocado, sliced","avocado","150","240"
"253","Turkey Burgers with Avocado","1/4 cup mayonnaise","mayonnaise","55","374"
"253","Turkey Burgers with Avocado","4 lettuce leaves","lettuce","40","6"
"253","Turkey Burgers with Avocado","1 tomato, sliced","tomatoes","123","22"
"254","Salisbury Steak with Mushroom Gravy","1 1/2 lbs ground beef","ground-beef","680","1463"
"254","Salisbury Steak with Mushroom Gravy","1/3 cup breadcrumbs","breadcrumbs","27","105"
"254","Salisbury Steak with Mushroom Gravy","1 egg","eggs","50","72"
"254","Salisbury Steak with Mushroom Gravy","1 tbsp Worcestershire sauce","worcestershire","17","13"
"254","Salisbury Steak with Mushroom Gravy","2 tbsp vegetable oil","vegetable-oil","27","241"
"254","Salisbury Steak with Mushroom Gravy","8 oz mushrooms, sliced","mushrooms","227","50"
"254","Salisbury Steak with Mushroom Gravy","1 onion, sliced","onion","140","56"
"254","Salisbury Steak with Mushroom Gravy","2 tbsp flour","flour","16","57"
"254","Salisbury Steak with Mushroom Gravy","2 cups beef broth","beef-broth","480","34"
"254","Salisbury Steak with Mushroom Gravy","1 tsp salt","salt","6","0"
"254","Salisbury Steak with Mushroom Gravy","1/2 tsp black pepper","black-pepper","1","3"
"255","Chicken and Dumplings","1 1/2 lbs boneless chicken thighs, cubed","chicken-thighs","680","1021"
"255","Chicken and Dumplings","1 onion, diced","onion","140","56"
"255","Chicken and Dumplings","2 carrots, sliced","carrot","122","50"
"255","Chicken and Dumplings","2 celery stalks, sliced","celery","80","11"
"255","Chicken and Dumplings","4 cups chicken broth","chicken-broth","960","48"
"255","Chicken and Dumplings","2 cups flour","flour","250","910"
"255","Chicken and Dumplings","1 tbsp baking powder","baking-powder","14","7"
"255","Chicken and Dumplings","1 cup milk","milk","244","122"
"255","Chicken and Dumplings","3 tbsp butter, melted","butter","43","305"
"255","Chicken and Dumplings","1 tsp salt","salt","6","0"
"255","Chicken and Dumplings","1/2 tsp black pepper","black-pepper","1","3"
"256","Country Fried Steak with Gravy","4 beef cube steaks","beef-steak","440","840"
"256","Country Fried Steak with Gravy","1 cup flour, divided","flour","125","455"
"256","Country Fried Steak with Gravy","2 eggs","eggs","100","143"
"256","Country Fried Steak with Gravy","1/4 cup milk","milk","61","30"
"256","Country Fried Steak with Gravy","1 tsp paprika","paprika","2","6"
"256","Country Fried Steak with Gravy","1 tsp salt","salt","6","0"
"256","Country Fried Steak with Gravy","1/2 tsp black pepper","black-pepper","1","3"
"256","Country Fried Steak with Gravy","1/2 cup vegetable oil","vegetable-oil","109","964"
"256","Country Fried Steak with Gravy","2 cups milk (for gravy)","milk","488","244"
"257","Jambalaya","1 lb boneless chicken thighs, cubed","chicken-thighs","454","680"
"257","Jambalaya","8 oz andouille sausage, sliced","smoked-sausage","227","680"
"257","Jambalaya","1/2 lb shrimp, peeled and deveined","shrimp","227","193"
"257","Jambalaya","1 onion, diced","onion","140","56"
"257","Jambalaya","1 bell pepper, diced","bell-pepper","150","39"
"257","Jambalaya","2 celery stalks, diced","celery","80","11"
"257","Jambalaya","3 cloves garlic, minced","garlic","9","13"
"257","Jambalaya","1 can (14 oz) diced tomatoes","canned-tomatoes","397","95"
"257","Jambalaya","1 1/2 cups rice","rice","278","1013"
"257","Jambalaya","2 1/2 cups chicken broth","chicken-broth","600","30"
"257","Jambalaya","1 tbsp cajun seasoning","cajun","8","21"
"257","Jambalaya","1 tsp salt","salt","6","0"
"258","Chicken and Sausage Gumbo","1 lb boneless chicken thighs, cubed","chicken-thighs","454","680"
"258","Chicken and Sausage Gumbo","8 oz andouille sausage, sliced","smoked-sausage","227","680"
"258","Chicken and Sausage Gumbo","1/2 cup vegetable oil","vegetable-oil","109","964"
"258","Chicken and Sausage Gumbo","1/2 cup flour","flour","62","228"
"258","Chicken and Sausage Gumbo","1 onion, diced","onion","140","56"
"258","Chicken and Sausage Gumbo","1 bell pepper, diced","bell-pepper","150","39"
"258","Chicken and Sausage Gumbo","2 celery stalks, diced","celery","80","11"
"258","Chicken and Sausage Gumbo","3 cloves garlic, minced","garlic","9","13"
"258","Chicken and Sausage Gumbo","1 cup okra, sliced","okra","100","33"
"258","Chicken and Sausage Gumbo","6 cups chicken broth","chicken-broth","1440","72"
"258","Chicken and Sausage Gumbo","1 can (14 oz) diced tomatoes","canned-tomatoes","397","95"
"258","Chicken and Sausage Gumbo","2 tbsp cajun seasoning","cajun","17","42"
"258","Chicken and Sausage Gumbo","1 tsp salt","salt","6","0"
"259","Vegetarian Red Beans and Rice","2 cans (15 oz each) kidney beans, drained","kidney-beans","510","429"
"259","Vegetarian Red Beans and Rice","1 onion, diced","onion","140","56"
"259","Vegetarian Red Beans and Rice","1 bell pepper, diced","bell-pepper","150","39"
"259","Vegetarian Red Beans and Rice","2 celery stalks, diced","celery","80","11"
"259","Vegetarian Red Beans and Rice","3 cloves garlic, minced","garlic","9","13"
"259","Vegetarian Red Beans and Rice","2 tbsp vegetable oil","vegetable-oil","27","241"
"259","Vegetarian Red Beans and Rice","2 tsp smoked paprika","smoked-paprika","5","13"
"259","Vegetarian Red Beans and Rice","1 tbsp cajun seasoning","cajun","8","21"
"259","Vegetarian Red Beans and Rice","3 cups vegetable broth","vegetable-broth","720","36"
"259","Vegetarian Red Beans and Rice","1 1/2 cups rice","rice","278","1013"
"259","Vegetarian Red Beans and Rice","1 tsp salt","salt","6","0"
"260","Shrimp and Grits","1 lb shrimp, peeled and deveined","shrimp","454","386"
"260","Shrimp and Grits","1 cup grits","cornmeal","157","581"
"260","Shrimp and Grits","3 cups milk","milk","732","366"
"260","Shrimp and Grits","1 cup shredded cheddar cheese","cheddar","113","455"
"260","Shrimp and Grits","2 tbsp butter","butter","28","203"
"260","Shrimp and Grits","3 strips bacon, chopped","bacon","84","134"
"260","Shrimp and Grits","2 cloves garlic, minced","garlic","6","9"
"260","Shrimp and Grits","1 tsp paprika","paprika","2","6"
"260","Shrimp and Grits","1 tsp salt","salt","6","0"
"260","Shrimp and Grits","1/2 tsp black pepper","black-pepper","1","3"
"261","Crab Cakes with Remoulade","1 lb crab meat, picked over","crab","454","376"
"261","Crab Cakes with Remoulade","1/2 cup breadcrumbs","breadcrumbs","40","158"
"261","Crab Cakes with Remoulade","1 egg","eggs","50","72"
"261","Crab Cakes with Remoulade","3 tbsp mayonnaise","mayonnaise","41","280"
"261","Crab Cakes with Remoulade","1 tbsp mustard","mustard","16","9"
"261","Crab Cakes with Remoulade","1 tsp paprika","paprika","2","6"
"261","Crab Cakes with Remoulade","2 tbsp vegetable oil","vegetable-oil","27","241"
"261","Crab Cakes with Remoulade","1/2 cup mayonnaise (for remoulade)","mayonnaise","110","748"
"261","Crab Cakes with Remoulade","1 tbsp pickle relish","pickles","10","3"
"261","Crab Cakes with Remoulade","1 tsp hot sauce","hot-sauce","5","1"
"261","Crab Cakes with Remoulade","1 tsp lemon juice","lemon","5","1"
"262","New England Lobster Rolls","1 lb cooked lobster meat, chopped","lobster","454","349"
"262","New England Lobster Rolls","1/3 cup mayonnaise","mayonnaise","73","498"
"262","New England Lobster Rolls","1 celery stalk, finely diced","celery","40","6"
"262","New England Lobster Rolls","1 tbsp lemon juice","lemon","15","3"
"262","New England Lobster Rolls","1 tbsp chives, chopped","green-onion","6","2"
"262","New England Lobster Rolls","4 split-top hot dog buns","buns","220","616"
"262","New England Lobster Rolls","3 tbsp butter, softened","butter","43","305"
"262","New England Lobster Rolls","1/4 tsp salt","salt","2","0"
"262","New England Lobster Rolls","pinch of black pepper","black-pepper","not counted",""
"263","Grilled Ribeye with Garlic Butter","2 ribeye steaks, about 1 inch thick","beef-steak","450","860"
"263","Grilled Ribeye with Garlic Butter","1 tsp salt","salt","6","0"
"263","Grilled Ribeye with Garlic Butter","1/2 tsp black pepper","black-pepper","1","3"
"263","Grilled Ribeye with Garlic Butter","1 tbsp vegetable oil","vegetable-oil","14","120"
"263","Grilled Ribeye with Garlic Butter","4 tbsp butter, softened","butter","57","407"
"263","Grilled Ribeye with Garlic Butter","2 cloves garlic, minced","garlic","6","9"
"263","Grilled Ribeye with Garlic Butter","1 tbsp parsley, chopped","parsley","4","1"
"264","Beef Stroganoff","1 1/2 lbs beef sirloin, thinly sliced","beef-steak","680","1300"
"264","Beef Stroganoff","2 tbsp vegetable oil","vegetable-oil","27","241"
"264","Beef Stroganoff","8 oz mushrooms, sliced","mushrooms","227","50"
"264","Beef Stroganoff","1 onion, sliced","onion","140","56"
"264","Beef Stroganoff","2 cloves garlic, minced","garlic","6","9"
"264","Beef Stroganoff","2 tbsp flour","flour","16","57"
"264","Beef Stroganoff","2 cups beef broth","beef-broth","480","34"
"264","Beef Stroganoff","1 cup sour cream","sour-cream","230","455"
"264","Beef Stroganoff","12 oz egg noodles","egg-noodles","340","1306"
"264","Beef Stroganoff","1 tsp salt","salt","6","0"
"264","Beef Stroganoff","1/2 tsp black pepper","black-pepper","1","3"
"265","Tuna Noodle Casserole","8 oz egg noodles","egg-noodles","227","871"
"265","Tuna Noodle Casserole","2 cans (5 oz each) tuna, drained","canned-tuna","227","263"
"265","Tuna Noodle Casserole","3 tbsp butter","butter","43","305"
"265","Tuna Noodle Casserole","3 tbsp flour","flour","23","85"
"265","Tuna Noodle Casserole","2 cups milk","milk","488","244"
"265","Tuna Noodle Casserole","1 cup shredded cheddar cheese","cheddar","113","455"
"265","Tuna Noodle Casserole","1 cup frozen peas","peas","140","108"
"265","Tuna Noodle Casserole","1/2 cup breadcrumbs","breadcrumbs","40","158"
"265","Tuna Noodle Casserole","1 tsp salt","salt","6","0"
"265","Tuna Noodle Casserole","1/2 tsp black pepper","black-pepper","1","3"
"266","King Ranch Chicken Casserole","3 cups cooked chicken, shredded","cooked-chicken","420","693"
"266","King Ranch Chicken Casserole","10 small corn tortillas, torn into pieces","corn-tortillas","260","567"
"266","King Ranch Chicken Casserole","1 can (10 oz) diced tomatoes with green chilies","canned-tomatoes","284","68"
"266","King Ranch Chicken Casserole","1 cup sour cream","sour-cream","230","455"
"266","King Ranch Chicken Casserole","1 can (10 oz) cream of chicken soup","cream-of-chicken","284","249"
"266","King Ranch Chicken Casserole","1 onion, diced","onion","140","56"
"266","King Ranch Chicken Casserole","1 bell pepper, diced","bell-pepper","150","39"
"266","King Ranch Chicken Casserole","2 cups shredded cheddar cheese","cheddar","226","911"
"266","King Ranch Chicken Casserole","1 tsp cumin","cumin","2","8"
"266","King Ranch Chicken Casserole","1 tsp salt","salt","6","0"
"267","Buffalo Chicken Macaroni and Cheese","1 lb elbow macaroni","pasta","454","1683"
"267","Buffalo Chicken Macaroni and Cheese","2 cups cooked chicken, shredded","cooked-chicken","280","462"
"267","Buffalo Chicken Macaroni and Cheese","1/2 cup buffalo sauce","buffalo-sauce","122","74"
"267","Buffalo Chicken Macaroni and Cheese","4 tbsp butter","butter","57","407"
"267","Buffalo Chicken Macaroni and Cheese","4 tbsp flour","flour","31","114"
"267","Buffalo Chicken Macaroni and Cheese","3 cups milk","milk","732","366"
"267","Buffalo Chicken Macaroni and Cheese","3 cups shredded cheddar cheese","cheddar","339","1366"
"267","Buffalo Chicken Macaroni and Cheese","1/4 cup blue cheese, crumbled","blue-cheese","34","119"
"267","Buffalo Chicken Macaroni and Cheese","1/2 tsp salt","salt","3","0"
"268","Roast Turkey Breast with Pan Gravy","3 lb boneless turkey breast","turkey-breast","1361","1565"
"268","Roast Turkey Breast with Pan Gravy","2 tbsp olive oil","olive-oil","27","239"
"268","Roast Turkey Breast with Pan Gravy","1 tsp paprika","paprika","2","6"
"268","Roast Turkey Breast with Pan Gravy","1 tsp onion powder","onion-powder","2","8"
"268","Roast Turkey Breast with Pan Gravy","1 tsp salt","salt","6","0"
"268","Roast Turkey Breast with Pan Gravy","1/2 tsp black pepper","black-pepper","1","3"
"268","Roast Turkey Breast with Pan Gravy","2 cups chicken broth","chicken-broth","480","24"
"268","Roast Turkey Breast with Pan Gravy","2 tbsp flour","flour","16","57"
"269","Spinach and Cheese Stuffed Chicken Breast","4 boneless chicken breasts","chicken-breast","800","960"
"269","Spinach and Cheese Stuffed Chicken Breast","2 cups fresh spinach, chopped","spinach","60","14"
"269","Spinach and Cheese Stuffed Chicken Breast","1 cup shredded mozzarella cheese","mozzarella","113","339"
"269","Spinach and Cheese Stuffed Chicken Breast","1/4 cup cream cheese, softened","cream-cheese","58","198"
"269","Spinach and Cheese Stuffed Chicken Breast","2 cloves garlic, minced","garlic","6","9"
"269","Spinach and Cheese Stuffed Chicken Breast","2 tbsp olive oil","olive-oil","27","239"
"269","Spinach and Cheese Stuffed Chicken Breast","1 tsp paprika","paprika","2","6"
"269","Spinach and Cheese Stuffed Chicken Breast","1 tsp salt","salt","6","0"
"269","Spinach and Cheese Stuffed Chicken Breast","1/2 tsp black pepper","black-pepper","1","3"
"270","Oven-Fried Chicken Tenders with Honey Mustard","1 1/2 lbs chicken tenders","chicken-breast","680","816"
"270","Oven-Fried Chicken Tenders with Honey Mustard","1 cup panko breadcrumbs","breadcrumbs","80","316"
"270","Oven-Fried Chicken Tenders with Honey Mustard","1/2 cup flour","flour","62","228"
"270","Oven-Fried Chicken Tenders with Honey Mustard","2 eggs, beaten","eggs","100","143"
"270","Oven-Fried Chicken Tenders with Honey Mustard","1 tsp paprika","paprika","2","6"
"270","Oven-Fried Chicken Tenders with Honey Mustard","1 tsp salt","salt","6","0"
"270","Oven-Fried Chicken Tenders with Honey Mustard","1/2 tsp black pepper","black-pepper","1","3"
"270","Oven-Fried Chicken Tenders with Honey Mustard","1/4 cup honey","honey","85","258"
"270","Oven-Fried Chicken Tenders with Honey Mustard","3 tbsp mustard","mustard","47","28"
"270","Oven-Fried Chicken Tenders with Honey Mustard","2 tbsp mayonnaise","mayonnaise","28","187"
"271","Barbecue Turkey Meatballs with Rice","1 1/2 lbs ground turkey","ground-turkey","680","1021"
"271","Barbecue Turkey Meatballs with Rice","1/2 cup breadcrumbs","breadcrumbs","40","158"
"271","Barbecue Turkey Meatballs with Rice","1 egg","eggs","50","72"
"271","Barbecue Turkey Meatballs with Rice","1 small onion, grated","onion","140","56"
"271","Barbecue Turkey Meatballs with Rice","2 cloves garlic, minced","garlic","6","9"
"271","Barbecue Turkey Meatballs with Rice","1 cup barbecue sauce, divided","bbq-sauce","286","492"
"271","Barbecue Turkey Meatballs with Rice","1 1/2 cups rice","rice","278","1013"
"271","Barbecue Turkey Meatballs with Rice","3 cups chicken broth","chicken-broth","720","36"
"271","Barbecue Turkey Meatballs with Rice","1 tsp salt","salt","6","0"
"271","Barbecue Turkey Meatballs with Rice","1/2 tsp black pepper","black-pepper","1","3"
"272","Baked Beans and Cornbread Skillet","2 cans (15 oz each) navy beans, drained","white-beans","510","510"
"272","Baked Beans and Cornbread Skillet","1 onion, diced","onion","140","56"
"272","Baked Beans and Cornbread Skillet","1/2 cup ketchup","ketchup","120","121"
"272","Baked Beans and Cornbread Skillet","1/4 cup brown sugar","brown-sugar","55","209"
"272","Baked Beans and Cornbread Skillet","2 tbsp mustard","mustard","31","19"
"272","Baked Beans and Cornbread Skillet","1 cup vegetable broth","vegetable-broth","240","12"
"272","Baked Beans and Cornbread Skillet","1 cup cornmeal","cornmeal","157","581"
"272","Baked Beans and Cornbread Skillet","1 cup flour","flour","125","455"
"272","Baked Beans and Cornbread Skillet","1 tbsp baking powder","baking-powder","14","7"
"272","Baked Beans and Cornbread Skillet","1 cup milk","milk","244","122"
"272","Baked Beans and Cornbread Skillet","1 egg","eggs","50","72"
"272","Baked Beans and Cornbread Skillet","3 tbsp butter, melted","butter","43","305"
"273","Pan-Seared Salmon with Dill Cream Sauce","4 salmon fillets, skin on","salmon","600","1248"
"273","Pan-Seared Salmon with Dill Cream Sauce","2 tbsp olive oil","olive-oil","27","239"
"273","Pan-Seared Salmon with Dill Cream Sauce","1/2 cup heavy cream","heavy-cream","119","405"
"273","Pan-Seared Salmon with Dill Cream Sauce","1/4 cup sour cream","sour-cream","58","114"
"273","Pan-Seared Salmon with Dill Cream Sauce","2 tbsp fresh dill, chopped","dill","1","0"
"273","Pan-Seared Salmon with Dill Cream Sauce","1 tbsp lemon juice","lemon","15","3"
"273","Pan-Seared Salmon with Dill Cream Sauce","1 small shallot, minced","shallot","40","29"
"273","Pan-Seared Salmon with Dill Cream Sauce","1/2 cup chicken or vegetable broth","chicken-broth","120","6"
"274","Baked Lemon Butter Cod","4 cod fillets","white-fish","600","540"
"274","Baked Lemon Butter Cod","4 tbsp butter, melted","butter","57","407"
"274","Baked Lemon Butter Cod","2 tbsp lemon juice","lemon","30","7"
"274","Baked Lemon Butter Cod","1 lemon, sliced","lemon","50","11"
"274","Baked Lemon Butter Cod","2 cloves garlic, minced","garlic","6","9"
"274","Baked Lemon Butter Cod","1 tbsp fresh parsley, chopped","parsley","4","1"
"274","Baked Lemon Butter Cod","1/2 tsp paprika","paprika","1","3"
"275","Fish and Chips","4 white fish fillets (cod or haddock)","white-fish","600","540"
"275","Fish and Chips","1 cup flour, divided","flour","125","455"
"275","Fish and Chips","1 tsp baking powder","baking-powder","5","2"
"275","Fish and Chips","1 cup cold sparkling water","water","237","0"
"275","Fish and Chips","4 medium potatoes, cut into thick chips","potatoes","760","585"
"275","Fish and Chips","3 cups vegetable oil, for frying","vegetable-oil","65","578"
"275","Fish and Chips","1/2 tsp paprika","paprika","1","3"
"275","Fish and Chips","1 lemon, cut into wedges","lemon","50","11"
"276","Grilled Halibut with Mango Salsa","4 halibut fillets","white-fish","600","540"
"276","Grilled Halibut with Mango Salsa","2 tbsp olive oil","olive-oil","27","239"
"276","Grilled Halibut with Mango Salsa","1 mango, diced","mango","200","120"
"276","Grilled Halibut with Mango Salsa","1/2 red onion, finely diced","red-onion","70","28"
"276","Grilled Halibut with Mango Salsa","1/2 red bell pepper, diced","bell-pepper","75","20"
"276","Grilled Halibut with Mango Salsa","1 tbsp lime juice","lime","15","4"
"276","Grilled Halibut with Mango Salsa","2 tbsp fresh cilantro, chopped","cilantro","2","0"
"276","Grilled Halibut with Mango Salsa","1 small jalapeno, minced","chili-peppers","15","6"
"277","Blackened Tilapia with Rice","4 tilapia fillets","white-fish","600","540"
"277","Blackened Tilapia with Rice","2 tbsp olive oil","olive-oil","27","239"
"277","Blackened Tilapia with Rice","1 tbsp paprika","paprika","7","19"
"277","Blackened Tilapia with Rice","1 tsp cayenne pepper","cayenne","2","6"
"277","Blackened Tilapia with Rice","1 tsp onion powder","onion-powder","2","8"
"277","Blackened Tilapia with Rice","1 tsp garlic powder","garlic-powder","3","11"
"277","Blackened Tilapia with Rice","1 1/2 cups cooked white rice","cooked-rice","237","308"
"277","Blackened Tilapia with Rice","1 lime, cut into wedges","lime","44","11"
"278","Cioppino","1 lb shrimp, peeled and deveined","shrimp","454","386"
"278","Cioppino","1/2 lb clams, scrubbed","clams","45","39"
"278","Cioppino","1/2 lb mussels, scrubbed","mussels","79","68"
"278","Cioppino","1/2 lb white fish, cut into chunks","white-fish","227","204"
"278","Cioppino","1 can (28 oz) crushed tomatoes","canned-tomatoes","794","191"
"278","Cioppino","1 cup dry white wine","white-wine","236","194"
"278","Cioppino","1/2 onion, diced","onion","70","28"
"278","Cioppino","3 cloves garlic, minced","garlic","9","13"
"278","Cioppino","2 cups seafood or vegetable stock","seafood-stock","480","24"
"279","Mussels in White Wine and Garlic","2 lbs mussels, scrubbed and debearded","mussels","318","273"
"279","Mussels in White Wine and Garlic","3 tbsp butter","butter","43","305"
"279","Mussels in White Wine and Garlic","4 cloves garlic, minced","garlic","12","18"
"279","Mussels in White Wine and Garlic","1 shallot, minced","shallot","40","29"
"279","Mussels in White Wine and Garlic","1 cup dry white wine","white-wine","236","194"
"279","Mussels in White Wine and Garlic","1/4 cup fresh parsley, chopped","parsley","15","5"
"279","Mussels in White Wine and Garlic","1 lemon, cut into wedges","lemon","50","11"
"280","Garlic Butter Scallops","1 lb large scallops, patted dry","scallops","454","313"
"280","Garlic Butter Scallops","3 tbsp butter","butter","43","305"
"280","Garlic Butter Scallops","1 tbsp olive oil","olive-oil","14","119"
"280","Garlic Butter Scallops","4 cloves garlic, minced","garlic","12","18"
"280","Garlic Butter Scallops","1 tbsp lemon juice","lemon","15","3"
"280","Garlic Butter Scallops","2 tbsp fresh parsley, chopped","parsley","8","3"
"281","Sesame Crusted Tuna Steak","4 tuna steaks","tuna-steak","680","741"
"281","Sesame Crusted Tuna Steak","1/4 cup sesame seeds, mixed white and black","sesame-seeds","36","206"
"281","Sesame Crusted Tuna Steak","2 tbsp soy sauce","soy-sauce","32","17"
"281","Sesame Crusted Tuna Steak","1 tbsp sesame oil","sesame-oil","14","120"
"281","Sesame Crusted Tuna Steak","1 tbsp vegetable oil","vegetable-oil","14","120"
"281","Sesame Crusted Tuna Steak","1 tsp fresh ginger, grated","ginger","2","2"
"281","Sesame Crusted Tuna Steak","2 green onions, sliced","green-onion","30","10"
"282","Coq au Vin","4 slices bacon, chopped","bacon","112","179"
"282","Coq au Vin","8 oz mushrooms, halved","mushrooms","227","50"
"282","Coq au Vin","1 onion, sliced","onion","140","56"
"282","Coq au Vin","2 carrots, sliced","carrot","122","50"
"282","Coq au Vin","2 cups red wine","red-wine","472","401"
"282","Coq au Vin","1 cup chicken stock","chicken-broth","240","12"
"282","Coq au Vin","2 tbsp butter","butter","28","203"
"282","Coq au Vin","2 tbsp flour","flour","16","57"
"283","Beef Bourguignon","2 lbs beef chuck, cut into chunks","beef-roast","907","1597"
"283","Beef Bourguignon","4 oz bacon, chopped","bacon","113","181"
"283","Beef Bourguignon","1 onion, diced","onion","140","56"
"283","Beef Bourguignon","2 carrots, sliced","carrot","122","50"
"283","Beef Bourguignon","8 oz mushrooms, halved","mushrooms","227","50"
"283","Beef Bourguignon","2 cups red wine","red-wine","472","401"
"283","Beef Bourguignon","2 cups beef stock","beef-broth","480","34"
"283","Beef Bourguignon","2 tbsp tomato paste","tomato-paste","33","27"
"283","Beef Bourguignon","2 tbsp flour","flour","16","57"
"284","Ratatouille","1 eggplant, diced","eggplant","450","112"
"284","Ratatouille","2 zucchini, diced","zucchini","400","68"
"284","Ratatouille","1 red bell pepper, diced","bell-pepper","150","39"
"284","Ratatouille","1 yellow bell pepper, diced","bell-pepper","150","39"
"284","Ratatouille","1 onion, diced","onion","140","56"
"284","Ratatouille","3 tomatoes, diced","tomatoes","369","66"
"284","Ratatouille","3 tbsp olive oil","olive-oil","40","358"
"284","Ratatouille","2 tbsp tomato paste","tomato-paste","33","27"
"284","Ratatouille","2 tbsp fresh basil, chopped","basil","3","1"
"285","Chicken Cordon Bleu","4 chicken breasts, butterflied","chicken-breast","800","960"
"285","Chicken Cordon Bleu","4 slices ham","ham","112","162"
"285","Chicken Cordon Bleu","4 slices Swiss cheese","swiss","112","426"
"285","Chicken Cordon Bleu","1 cup breadcrumbs","breadcrumbs","80","316"
"285","Chicken Cordon Bleu","2 eggs, beaten","eggs","100","143"
"285","Chicken Cordon Bleu","1/2 cup flour","flour","62","228"
"285","Chicken Cordon Bleu","2 tbsp butter","butter","28","203"
"285","Chicken Cordon Bleu","2 tbsp olive oil","olive-oil","27","239"
"286","Quiche Lorraine","1 pie crust, unbaked","pastry","230","966"
"286","Quiche Lorraine","6 slices bacon, chopped","bacon","168","269"
"286","Quiche Lorraine","1 onion, diced","onion","140","56"
"286","Quiche Lorraine","4 eggs","eggs","200","286"
"286","Quiche Lorraine","1 cup heavy cream","heavy-cream","238","809"
"286","Quiche Lorraine","1/2 cup milk","milk","122","61"
"286","Quiche Lorraine","1 cup Gruyere cheese, grated","swiss","108","410"
"287","Spinach and Mushroom Quiche","1 pie crust, unbaked","pastry","230","966"
"287","Spinach and Mushroom Quiche","2 cups fresh spinach, chopped","spinach","60","14"
"287","Spinach and Mushroom Quiche","8 oz mushrooms, sliced","mushrooms","227","50"
"287","Spinach and Mushroom Quiche","1 small onion, diced","onion","140","56"
"287","Spinach and Mushroom Quiche","4 eggs","eggs","200","286"
"287","Spinach and Mushroom Quiche","1 cup heavy cream","heavy-cream","238","809"
"287","Spinach and Mushroom Quiche","1/2 cup milk","milk","122","61"
"287","Spinach and Mushroom Quiche","1 cup cheddar cheese, grated","cheddar","113","455"
"288","Steak Frites with Herb Butter","2 ribeye or sirloin steaks","beef-steak","450","860"
"288","Steak Frites with Herb Butter","4 tbsp butter, softened","butter","57","407"
"288","Steak Frites with Herb Butter","1 tbsp fresh parsley, chopped","parsley","4","1"
"288","Steak Frites with Herb Butter","1 tsp fresh chives, chopped","green-onion","2","1"
"288","Steak Frites with Herb Butter","1 tsp lemon juice","lemon","5","1"
"288","Steak Frites with Herb Butter","4 medium potatoes, cut into thin fries","potatoes","760","585"
"288","Steak Frites with Herb Butter","3 cups vegetable oil, for frying","vegetable-oil","65","578"
"288","Steak Frites with Herb Butter","1 tbsp olive oil","olive-oil","14","119"
"289","Salmon en Papillote","4 salmon fillets","salmon","600","1248"
"289","Salmon en Papillote","1 zucchini, thinly sliced","zucchini","200","34"
"289","Salmon en Papillote","1 carrot, julienned","carrot","61","25"
"289","Salmon en Papillote","1 lemon, thinly sliced","lemon","50","11"
"289","Salmon en Papillote","2 tbsp olive oil","olive-oil","27","239"
"289","Salmon en Papillote","2 tbsp fresh dill, chopped","dill","1","0"
"289","Salmon en Papillote","1/4 cup dry white wine","white-wine","59","48"
"290","Vegetable Lasagna","9 lasagna noodles","pasta","180","668"
"290","Vegetable Lasagna","2 cups ricotta cheese","ricotta","492","856"
"290","Vegetable Lasagna","2 cups mozzarella cheese, shredded","mozzarella","226","678"
"290","Vegetable Lasagna","1/2 cup parmesan cheese, grated","parmesan","50","196"
"290","Vegetable Lasagna","1 egg","eggs","50","72"
"290","Vegetable Lasagna","2 cups marinara sauce","marinara","500","250"
"290","Vegetable Lasagna","1 zucchini, diced","zucchini","200","34"
"290","Vegetable Lasagna","2 cups fresh spinach, chopped","spinach","60","14"
"290","Vegetable Lasagna","8 oz mushrooms, sliced","mushrooms","227","50"
"291","Mushroom Stroganoff","1 lb mixed mushrooms, sliced","mushrooms","454","100"
"291","Mushroom Stroganoff","1 onion, diced","onion","140","56"
"291","Mushroom Stroganoff","2 cloves garlic, minced","garlic","6","9"
"291","Mushroom Stroganoff","1 cup sour cream","sour-cream","230","455"
"291","Mushroom Stroganoff","1 cup vegetable stock","vegetable-broth","240","12"
"291","Mushroom Stroganoff","2 tbsp flour","flour","16","57"
"291","Mushroom Stroganoff","2 tbsp butter","butter","28","203"
"291","Mushroom Stroganoff","8 oz egg noodles","egg-noodles","227","871"
"292","Lentil Shepherd's Pie","1 1/2 cups dried lentils, cooked","lentils","288","1014"
"292","Lentil Shepherd's Pie","1 onion, diced","onion","140","56"
"292","Lentil Shepherd's Pie","2 carrots, diced","carrot","122","50"
"292","Lentil Shepherd's Pie","1 cup frozen peas","peas","140","108"
"292","Lentil Shepherd's Pie","2 cups vegetable stock","vegetable-broth","480","24"
"292","Lentil Shepherd's Pie","2 tbsp tomato paste","tomato-paste","33","27"
"292","Lentil Shepherd's Pie","2 lbs potatoes, peeled and cubed","potatoes","907","699"
"292","Lentil Shepherd's Pie","4 tbsp butter","butter","57","407"
"292","Lentil Shepherd's Pie","1/4 cup milk","milk","61","30"
"293","Stuffed Portobello Mushrooms","4 large portobello mushroom caps, stems removed","mushrooms","340","75"
"293","Stuffed Portobello Mushrooms","2 cups fresh spinach, chopped","spinach","60","14"
"293","Stuffed Portobello Mushrooms","1/2 cup ricotta cheese","ricotta","123","214"
"293","Stuffed Portobello Mushrooms","1/2 cup mozzarella cheese, shredded","mozzarella","56","170"
"293","Stuffed Portobello Mushrooms","1/4 cup breadcrumbs","breadcrumbs","20","79"
"293","Stuffed Portobello Mushrooms","2 cloves garlic, minced","garlic","6","9"
"293","Stuffed Portobello Mushrooms","2 tbsp olive oil","olive-oil","27","239"
"293","Stuffed Portobello Mushrooms","1 tbsp balsamic vinegar","balsamic-vinegar","16","14"
"294","Cauliflower Steaks with Chimichurri","1 large head cauliflower, cut into thick steaks","cauliflower","600","150"
"294","Cauliflower Steaks with Chimichurri","3 tbsp olive oil, divided","olive-oil","40","358"
"294","Cauliflower Steaks with Chimichurri","1/2 cup fresh parsley, chopped","parsley","30","11"
"294","Cauliflower Steaks with Chimichurri","2 tbsp fresh oregano, chopped","fresh-oregano","4","2"
"294","Cauliflower Steaks with Chimichurri","2 cloves garlic, minced","garlic","6","9"
"294","Cauliflower Steaks with Chimichurri","2 tbsp red wine vinegar","red-wine-vinegar","30","6"
"294","Cauliflower Steaks with Chimichurri","1/4 tsp red pepper flakes","red-pepper-flakes","0","1"
"295","Butternut Squash and Sage Risotto","2 cups butternut squash, diced","butternut-squash","280","126"
"295","Butternut Squash and Sage Risotto","1 1/2 cups arborio rice","rice","278","1013"
"295","Butternut Squash and Sage Risotto","4 cups vegetable stock, warmed","vegetable-broth","960","48"
"295","Butternut Squash and Sage Risotto","1/2 onion, diced","onion","70","28"
"295","Butternut Squash and Sage Risotto","1/2 cup dry white wine","white-wine","118","97"
"295","Butternut Squash and Sage Risotto","4 tbsp butter, divided","butter","57","407"
"295","Butternut Squash and Sage Risotto","1/2 cup parmesan cheese, grated","parmesan","50","196"
"295","Butternut Squash and Sage Risotto","2 tbsp fresh sage, chopped","sage","4","5"
"296","Vegetable Biryani","2 cups basmati rice","rice","370","1350"
"296","Vegetable Biryani","1 carrot, diced","carrot","61","25"
"296","Vegetable Biryani","1 potato, diced","potatoes","190","146"
"296","Vegetable Biryani","1/2 cup green beans, chopped","green-beans","55","17"
"296","Vegetable Biryani","1/2 cup frozen peas","peas","70","54"
"296","Vegetable Biryani","1 onion, thinly sliced","onion","140","56"
"296","Vegetable Biryani","3 tbsp vegetable oil","vegetable-oil","41","361"
"296","Vegetable Biryani","2 tsp garam masala","garam-masala","4","15"
"296","Vegetable Biryani","1 tsp turmeric","turmeric","3","9"
"296","Vegetable Biryani","2 1/2 cups vegetable stock","vegetable-broth","600","30"
"297","Coconut Chickpea and Sweet Potato Stew","2 cans (15 oz) chickpeas, drained and rinsed","chickpeas","510","709"
"297","Coconut Chickpea and Sweet Potato Stew","2 sweet potatoes, peeled and cubed","sweet-potato","300","258"
"297","Coconut Chickpea and Sweet Potato Stew","1 can (14 oz) coconut milk","coconut-milk","397","782"
"297","Coconut Chickpea and Sweet Potato Stew","1 onion, diced","onion","140","56"
"297","Coconut Chickpea and Sweet Potato Stew","2 cloves garlic, minced","garlic","6","9"
"297","Coconut Chickpea and Sweet Potato Stew","1 tbsp curry powder","curry-powder","6","20"
"297","Coconut Chickpea and Sweet Potato Stew","1 tsp ground cumin","cumin","2","8"
"297","Coconut Chickpea and Sweet Potato Stew","2 cups vegetable stock","vegetable-broth","480","24"
"298","Eggplant and Chickpea Tagine","1 large eggplant, cubed","eggplant","450","112"
"298","Eggplant and Chickpea Tagine","1 can (15 oz) chickpeas, drained and rinsed","chickpeas","255","355"
"298","Eggplant and Chickpea Tagine","1 can (14 oz) diced tomatoes","canned-tomatoes","397","95"
"298","Eggplant and Chickpea Tagine","1 onion, diced","onion","140","56"
"298","Eggplant and Chickpea Tagine","2 cloves garlic, minced","garlic","6","9"
"298","Eggplant and Chickpea Tagine","1 tsp ground cumin","cumin","2","8"
"298","Eggplant and Chickpea Tagine","1 tsp ground cinnamon","cinnamon","3","6"
"298","Eggplant and Chickpea Tagine","1/4 cup dried apricots, chopped","dried-fruit","38","112"
"298","Eggplant and Chickpea Tagine","2 cups vegetable stock","vegetable-broth","480","24"
"299","Lentil Bolognese with Spaghetti","1 cup dried brown lentils","lentils","192","676"
"299","Lentil Bolognese with Spaghetti","12 oz spaghetti","pasta","340","1262"
"299","Lentil Bolognese with Spaghetti","1 can (28 oz) crushed tomatoes","canned-tomatoes","794","191"
"299","Lentil Bolognese with Spaghetti","1 onion, diced","onion","140","56"
"299","Lentil Bolognese with Spaghetti","1 carrot, diced","carrot","61","25"
"299","Lentil Bolognese with Spaghetti","1 celery stalk, diced","celery","40","6"
"299","Lentil Bolognese with Spaghetti","2 cloves garlic, minced","garlic","6","9"
"299","Lentil Bolognese with Spaghetti","1/2 cup red wine","red-wine","118","100"
"299","Lentil Bolognese with Spaghetti","2 tbsp tomato paste","tomato-paste","33","27"
"300","Black Bean Burgers with Avocado","2 cans (15 oz) black beans, drained and rinsed","black-beans","510","464"
"300","Black Bean Burgers with Avocado","1/2 cup breadcrumbs","breadcrumbs","40","158"
"300","Black Bean Burgers with Avocado","1 egg","eggs","50","72"
"300","Black Bean Burgers with Avocado","1/2 red onion, finely diced","red-onion","70","28"
"300","Black Bean Burgers with Avocado","2 cloves garlic, minced","garlic","6","9"
"300","Black Bean Burgers with Avocado","1 tsp ground cumin","cumin","2","8"
"300","Black Bean Burgers with Avocado","1 avocado, sliced","avocado","150","240"
"300","Black Bean Burgers with Avocado","4 burger buns","buns","220","616"
"300","Black Bean Burgers with Avocado","2 tbsp olive oil","olive-oil","27","239"
